report_id,company,publish_date,doc_type,period,title,file_type,size_kb,pages,url,local_path,sha256
1453653,altshuler,2022-05-31 09:08:13.863,quarterly,2022Q1,דוח רבעון 1 לשנת 2022,htm,99,,rhtm/1453001-1454000/H1453653.htm,,
1453653,altshuler,2022-05-31 09:08:13.863,quarterly,2022Q1,דוח רבעון 1 לשנת 2022,pdf1,1153,40,rpdf/1453001-1454000/P1453653-00.pdf,data/sources/pdf/altshuler/2022Q1/1453653_quarterly.pdf,981352d9051e5c658751ae3594acd1757895e1c4182708299311391697b21df6
1453653,altshuler,2022-05-31 09:08:13.863,quarterly,2022Q1,דוח רבעון 1 לשנת 2022,xbrl,18,,xbrl/1453001-1454000/X1453653.xbrl,,
1453654,altshuler,2022-05-31 09:11:18.133,liabilities,2022Q1,"מצבת התחייבות החברה ליום 31.3.22, לפי מועדי פרעון",htm,197,,rhtm/1453001-1454000/H1453654.htm,,
1474387,altshuler,2022-08-31 09:19:16.597,quarterly,2022Q2,דוח רבעון 2/חצי שנתי לשנת 2022,htm,99,,rhtm/1474001-1475000/H1474387.htm,,
1474387,altshuler,2022-08-31 09:19:16.597,quarterly,2022Q2,דוח רבעון 2/חצי שנתי לשנת 2022,pdf1,1155,51,rpdf/1474001-1475000/P1474387-00.pdf,data/sources/pdf/altshuler/2022Q2/1474387_quarterly.pdf,c6e5b402bf12c68b4bae0c7eeb9a3ab278b5aedf111744e0991fe071ec009ef3
1474387,altshuler,2022-08-31 09:19:16.597,quarterly,2022Q2,דוח רבעון 2/חצי שנתי לשנת 2022,xbrl,18,,xbrl/1474001-1475000/X1474387.xbrl,,
1474388,altshuler,2022-08-31 09:19:16.893,liabilities,2022Q2,"מצבת התחייבות החברה ליום 30.6.22, לפי מועדי פרעון",htm,197,,rhtm/1474001-1475000/H1474388.htm,,
1489173,altshuler,2022-11-29 08:59:24.333,quarterly,2022Q3,דוח רבעון 3 לשנת 2022,htm,99,,rhtm/1489001-1490000/H1489173.htm,,
1489173,altshuler,2022-11-29 08:59:24.333,quarterly,2022Q3,דוח רבעון 3 לשנת 2022,pdf1,1329,55,rpdf/1489001-1490000/P1489173-00.pdf,data/sources/pdf/altshuler/2022Q3/1489173_quarterly.pdf,b3b66a1b35d9b40ff645b2bde5ff6491af4305917a03918a698aee7ff02a5d75
1489173,altshuler,2022-11-29 08:59:24.333,quarterly,2022Q3,דוח רבעון 3 לשנת 2022,xbrl,18,,xbrl/1489001-1490000/X1489173.xbrl,,
1489177,altshuler,2022-11-29 09:01:12.867,liabilities,2022Q3,"מצבת התחייבות החברה ליום 30.9.22, לפי מועדי פרעון",htm,197,,rhtm/1489001-1490000/H1489177.htm,,
1512164,altshuler,2023-03-22 09:13:21.763,annual,2022FY,דוח תקופתי ושנתי לשנת 2022,xbrl,20,,xbrl/1512001-1513000/X1512164.xbrl,,
1512164,altshuler,2023-03-22 09:13:21.763,annual,2022FY,דוח תקופתי ושנתי לשנת 2022,pdf1,2236,192,rpdf/1512001-1513000/P1512164-00.pdf,data/sources/pdf/altshuler/2022FY/1512164_annual.pdf,7879b4e680eff5a97cfbe425a21f4bdd31883993bec7d9b6def226f6131fbf0b
1512164,altshuler,2023-03-22 09:13:21.763,annual,2022FY,דוח תקופתי ושנתי לשנת 2022,htm,107,,rhtm/1512001-1513000/H1512164.htm,,
1512167,altshuler,2023-03-22 09:17:20.25,liabilities,2022FY,"מצבת התחייבות החברה ליום 31.12.22, לפי מועדי פרעון",htm,223,,rhtm/1512001-1513000/H1512167.htm,,
1512166,altshuler,2023-03-22 09:34:21.35,presentation,2022FY,מצגת משקיעים,htm,41,,rhtm/1512001-1513000/H1512166.htm,,
1512166,altshuler,2023-03-22 09:34:21.35,presentation,2022FY,מצגת משקיעים,pdf1,855,14,rpdf/1512001-1513000/P1512166-00.pdf,data/sources/pdf/altshuler/2022FY/1512166_presentation.pdf,083b1dd042afa52ed0c23316516ef7756d3626300f70284a58a3f983e484c569
1523879,altshuler,2023-05-24 09:14:20.767,quarterly,2023Q1,דוח רבעון 1 לשנת 2023,pdf1,990,38,rpdf/1523001-1524000/P1523879-00.pdf,data/sources/pdf/altshuler/2023Q1/1523879_quarterly.pdf,3497a95709ce140fb763c30cdaa35bac065455b89ba499af1dda8be57ee61826
1523879,altshuler,2023-05-24 09:14:20.767,quarterly,2023Q1,דוח רבעון 1 לשנת 2023,htm,105,,rhtm/1523001-1524000/H1523879.htm,,
1523879,altshuler,2023-05-24 09:14:20.767,quarterly,2023Q1,דוח רבעון 1 לשנת 2023,xbrl,18,,xbrl/1523001-1524000/X1523879.xbrl,,
1523880,altshuler,2023-05-24 09:17:23.78,liabilities,2023Q1,"מצבת התחייבות החברה ליום 31.3.23, לפי מועדי פרעון",htm,223,,rhtm/1523001-1524000/H1523880.htm,,
1542541,altshuler,2023-08-22 09:01:28.113,quarterly,2023Q2,דוח רבעון 2/חצי שנתי לשנת 2023,xbrl,18,,xbrl/1542001-1543000/X1542541.xbrl,,
1542541,altshuler,2023-08-22 09:01:28.113,quarterly,2023Q2,דוח רבעון 2/חצי שנתי לשנת 2023,pdf1,1070,40,rpdf/1542001-1543000/P1542541-00.pdf,data/sources/pdf/altshuler/2023Q2/1542541_quarterly.pdf,999f53db73b3961fa0028258101ceb5ff9803cdc075be6a5851f22f8073a80d3
1542541,altshuler,2023-08-22 09:01:28.113,quarterly,2023Q2,דוח רבעון 2/חצי שנתי לשנת 2023,htm,105,,rhtm/1542001-1543000/H1542541.htm,,
1542543,altshuler,2023-08-22 09:03:19.013,liabilities,2023Q2,"מצבת התחייבות החברה ליום 30.6.23, לפי מועדי פרעון",htm,223,,rhtm/1542001-1543000/H1542543.htm,,
1549220,altshuler,2023-09-26 14:10:22.803,quarterly,2023Q2,דוח רבעון 2 לשנת 2023 - דוח iXBRL,ixbrl,5403,,ixbrl/1549001-1550000/X1549220.htm,,
1549220,altshuler,2023-09-26 14:10:22.803,quarterly,2023Q2,דוח רבעון 2 לשנת 2023 - דוח iXBRL,htm,43,,rhtm/1549001-1550000/H1549220.htm,,
1559296,altshuler,2023-11-23 09:32:13.74,quarterly,2023Q3,דוח רבעון 3 לשנת 2023,xbrl,18,,xbrl/1559001-1560000/X1559296.xbrl,,
1559296,altshuler,2023-11-23 09:32:13.74,quarterly,2023Q3,דוח רבעון 3 לשנת 2023,pdf1,1203,44,rpdf/1559001-1560000/P1559296-00.pdf,data/sources/pdf/altshuler/2023Q3/1559296_quarterly.pdf,88fcbe2772fbf4d429a0d3046b423fd26ed694c6b255385e0857d2c1fd4690ec
1559296,altshuler,2023-11-23 09:32:13.74,quarterly,2023Q3,דוח רבעון 3 לשנת 2023,htm,105,,rhtm/1559001-1560000/H1559296.htm,,
1559301,altshuler,2023-11-23 09:36:13.163,liabilities,2023Q3,"מצבת התחייבות החברה ליום 30.9.23, לפי מועדי פרעון",htm,223,,rhtm/1559001-1560000/H1559301.htm,,
1559356,altshuler,2023-11-23 11:31:16.2,quarterly,2023Q3,דוח רבעון 3 לשנת 2023 - דוח iXBRL,ixbrl,5801,,ixbrl/1559001-1560000/X1559356.htm,,
1559356,altshuler,2023-11-23 11:31:16.2,quarterly,2023Q3,דוח רבעון 3 לשנת 2023 - דוח iXBRL,htm,43,,rhtm/1559001-1560000/H1559356.htm,,
1581079,altshuler,2024-03-21 09:21:14.953,annual,2023FY,דוח תקופתי ושנתי לשנת 2023,xbrl,20,,xbrl/1581001-1582000/X1581079.xbrl,,
1581079,altshuler,2024-03-21 09:21:14.953,annual,2023FY,דוח תקופתי ושנתי לשנת 2023,pdf1,4074,209,rpdf/1581001-1582000/P1581079-00.pdf,data/sources/pdf/altshuler/2023FY/1581079_annual.pdf,2091c053a1e07a872971967d6db78f9f0fc2fc383f7282fc197439ec54f4f359
1581079,altshuler,2024-03-21 09:21:14.953,annual,2023FY,דוח תקופתי ושנתי לשנת 2023,htm,107,,rhtm/1581001-1582000/H1581079.htm,,
1581084,altshuler,2024-03-21 09:25:11.917,liabilities,2023FY,"מצבת התחייבות החברה ליום 31.12.23, לפי מועדי פרעון",htm,223,,rhtm/1581001-1582000/H1581084.htm,,
1581095,altshuler,2024-03-21 09:29:27.057,annual,2023FY,דוח תקופתי ושנתי לשנת - 2023 - דוח iXBRL,ixbrl,15524,,ixbrl/1581001-1582000/X1581095.htm,,
1581095,altshuler,2024-03-21 09:29:27.057,annual,2023FY,דוח תקופתי ושנתי לשנת - 2023 - דוח iXBRL,htm,43,,rhtm/1581001-1582000/H1581095.htm,,
1581088,altshuler,2024-03-21 09:45:13.28,presentation,2023FY,מצגת משקיעים-שנת 2023,pdf1,13674,16,rpdf/1581001-1582000/P1581088-00.pdf,data/sources/pdf/altshuler/2023FY/1581088_presentation.pdf,af225be376d53c2064be86e1f65d33481317477af8ac230f03179b98cfc1b314
1581088,altshuler,2024-03-21 09:45:13.28,presentation,2023FY,מצגת משקיעים-שנת 2023,htm,41,,rhtm/1581001-1582000/H1581088.htm,,
1593837,altshuler,2024-05-23 09:10:15.347,quarterly,2024Q1,דוח רבעון 1 לשנת 2024,xbrl,18,,xbrl/1593001-1594000/X1593837.xbrl,,
1593837,altshuler,2024-05-23 09:10:15.347,quarterly,2024Q1,דוח רבעון 1 לשנת 2024,pdf1,1085,44,rpdf/1593001-1594000/P1593837-00.pdf,data/sources/pdf/altshuler/2024Q1/1593837_quarterly.pdf,7d77789f1e00be4c506a752d27c883197a2fb04c693701da3285bf30f157e6c5
1593837,altshuler,2024-05-23 09:10:15.347,quarterly,2024Q1,דוח רבעון 1 לשנת 2024,htm,105,,rhtm/1593001-1594000/H1593837.htm,,
1593839,altshuler,2024-05-23 09:12:11.47,liabilities,2024Q1,"מצבת התחייבות החברה ליום 31.3.24, לפי מועדי פרעון",htm,223,,rhtm/1593001-1594000/H1593839.htm,,
1593845,altshuler,2024-05-23 09:15:15.22,quarterly,2024Q1,דוח רבעון 1 לשנת 2024 - דוח iXBRL,ixbrl,5812,,ixbrl/1593001-1594000/X1593845.htm,,
1593845,altshuler,2024-05-23 09:15:15.22,quarterly,2024Q1,דוח רבעון 1 לשנת 2024 - דוח iXBRL,htm,43,,rhtm/1593001-1594000/H1593845.htm,,
1611882,altshuler,2024-08-20 09:06:12.35,quarterly,2024Q2,דוח רבעון 2/חצי שנתי לשנת 2024,xbrl,18,,xbrl/1611001-1612000/X1611882.xbrl,,
1611882,altshuler,2024-08-20 09:06:12.35,quarterly,2024Q2,דוח רבעון 2/חצי שנתי לשנת 2024,pdf1,811,50,rpdf/1611001-1612000/P1611882-00.pdf,data/sources/pdf/altshuler/2024Q2/1611882_quarterly.pdf,849432120e32e633aecc1261fc3baae58d758bb8c502c75c8ea504a8745fcb0f
1611882,altshuler,2024-08-20 09:06:12.35,quarterly,2024Q2,דוח רבעון 2/חצי שנתי לשנת 2024,htm,112,,rhtm/1611001-1612000/H1611882.htm,,
1611883,altshuler,2024-08-20 09:08:13.26,liabilities,2024Q2,"מצבת התחייבות החברה ליום 30.6.24, לפי מועדי פרעון",htm,223,,rhtm/1611001-1612000/H1611883.htm,,
1612064,altshuler,2024-08-20 16:56:16.497,quarterly,2024Q2,דוח רבעון 2 לשנת 2024 - דוח iXBRL,ixbrl,5770,,ixbrl/1612001-1613000/X1612064.htm,,
1612064,altshuler,2024-08-20 16:56:16.497,quarterly,2024Q2,דוח רבעון 2 לשנת 2024 - דוח iXBRL,htm,43,,rhtm/1612001-1613000/H1612064.htm,,
1628082,altshuler,2024-11-21 09:04:12.667,quarterly,2024Q3,דוח רבעון 3 לשנת 2024,xbrl,18,,xbrl/1628001-1629000/X1628082.xbrl,,
1628082,altshuler,2024-11-21 09:04:12.667,quarterly,2024Q3,דוח רבעון 3 לשנת 2024,pdf1,922,57,rpdf/1628001-1629000/P1628082-00.pdf,data/sources/pdf/altshuler/2024Q3/1628082_quarterly.pdf,bddc4ad2b1774362a9167533c05f9555146d83a00a67b2adcc8c2e01f959a4a1
1628082,altshuler,2024-11-21 09:04:12.667,quarterly,2024Q3,דוח רבעון 3 לשנת 2024,htm,112,,rhtm/1628001-1629000/H1628082.htm,,
1628089,altshuler,2024-11-21 09:07:13.29,liabilities,2024Q3,"מצבת התחייבות החברה ליום 30.9.24, לפי מועדי פרעון",htm,223,,rhtm/1628001-1629000/H1628089.htm,,
1628242,altshuler,2024-11-21 14:56:16.4,quarterly,2024Q3,דוח רבעון 3 לשנת 2024 - דוח iXBRL,ixbrl,6888,,ixbrl/1628001-1629000/X1628242.htm,,
1628242,altshuler,2024-11-21 14:56:16.4,quarterly,2024Q3,דוח רבעון 3 לשנת 2024 - דוח iXBRL,htm,43,,rhtm/1628001-1629000/H1628242.htm,,
1652342,altshuler,2025-03-20 09:07:04.26,annual,2024FY,דוח תקופתי ושנתי לשנת 2024,htm,116,,rhtm/1652001-1653000/H1652342.htm,,
1652342,altshuler,2025-03-20 09:07:04.26,annual,2024FY,דוח תקופתי ושנתי לשנת 2024,pdf1,3762,228,rpdf/1652001-1653000/P1652342-00.pdf,data/sources/pdf/altshuler/2024FY/1652342_annual.pdf,c926b88d84bea9248e62195413d09918ed4ef77f7d98ba92627f1a427965c33f
1652342,altshuler,2025-03-20 09:07:04.26,annual,2024FY,דוח תקופתי ושנתי לשנת 2024,xbrl,19,,xbrl/1652001-1653000/X1652342.xbrl,,
1652351,altshuler,2025-03-20 09:19:02.54,liabilities,2024FY,"מצבת התחייבות החברה ליום 31.12.24, לפי מועדי פרעון",htm,221,,rhtm/1652001-1653000/H1652351.htm,,
1652365,altshuler,2025-03-20 09:43:04.59,presentation,2024FY,מצגת משקיעים-שנת 2024,htm,41,,rhtm/1652001-1653000/H1652365.htm,,
1652365,altshuler,2025-03-20 09:43:04.59,presentation,2024FY,מצגת משקיעים-שנת 2024,pdf1,1130,17,rpdf/1652001-1653000/P1652365-00.pdf,data/sources/pdf/altshuler/2024FY/1652365_presentation.pdf,583f5439e0d2b24605044ab7818f9c4d4b34df2b08911517e6a1f27216341bf9
1652433,altshuler,2025-03-20 11:45:04.107,annual,2024FY,דוח תקופתי ושנתי לשנת - 2024 - דוח iXBRL,htm,43,,rhtm/1652001-1653000/H1652433.htm,,
1652433,altshuler,2025-03-20 11:45:04.107,annual,2024FY,דוח תקופתי ושנתי לשנת - 2024 - דוח iXBRL,ixbrl,20799,,ixbrl/1652001-1653000/X1652433.htm,,
1665553,altshuler,2025-05-20 09:33:01.273,quarterly,2025Q1,דוח רבעון 1 לשנת 2025,htm,115,,rhtm/1665001-1666000/H1665553.htm,,
1665553,altshuler,2025-05-20 09:33:01.273,quarterly,2025Q1,דוח רבעון 1 לשנת 2025,pdf1,914,65,rpdf/1665001-1666000/P1665553-00.pdf,data/sources/pdf/altshuler/2025Q1/1665553_quarterly.pdf,446b59a1fe2d06534e3b364138da3e235ab26ebc177606fb7d43ff04c26f75a3
1665553,altshuler,2025-05-20 09:33:01.273,quarterly,2025Q1,דוח רבעון 1 לשנת 2025,xbrl,18,,xbrl/1665001-1666000/X1665553.xbrl,,
1665559,altshuler,2025-05-20 09:36:02.333,liabilities,2025Q1,"מצבת התחייבות החברה ליום 31.3.25, לפי מועדי פרעון",htm,221,,rhtm/1665001-1666000/H1665559.htm,,
1665625,altshuler,2025-05-20 13:03:01.413,quarterly,2025Q1,דוח רבעון 1 לשנת 2025 - דוח iXBRL,htm,43,,rhtm/1665001-1666000/H1665625.htm,,
1665625,altshuler,2025-05-20 13:03:01.413,quarterly,2025Q1,דוח רבעון 1 לשנת 2025 - דוח iXBRL,ixbrl,7444,,ixbrl/1665001-1666000/X1665625.htm,,
1687450,altshuler,2025-08-24 09:13:02.07,quarterly,2025Q2,דוח רבעון 2/חצי שנתי לשנת 2025,xbrl,18,,xbrl/1687001-1688000/X1687450.xbrl,,
1687450,altshuler,2025-08-24 09:13:02.07,quarterly,2025Q2,דוח רבעון 2/חצי שנתי לשנת 2025,pdf1,4190,73,rpdf/1687001-1688000/P1687450-00.pdf,data/sources/pdf/altshuler/2025Q2/1687450_quarterly.pdf,acb3a92a2c545ce9aaf14e525e1f0b32fc252a8b5cb398d23a878e874e827e02
1687450,altshuler,2025-08-24 09:13:02.07,quarterly,2025Q2,דוח רבעון 2/חצי שנתי לשנת 2025,htm,115,,rhtm/1687001-1688000/H1687450.htm,,
1687453,altshuler,2025-08-24 09:15:03.993,liabilities,2025Q2,"מצבת התחייבות החברה ליום 30.6.25, לפי מועדי פרעון",htm,221,,rhtm/1687001-1688000/H1687453.htm,,
1687550,altshuler,2025-08-24 14:29:02.617,quarterly,2025Q2,דוח רבעון 2 לשנת 2025 - דוח iXBRL,htm,43,,rhtm/1687001-1688000/H1687550.htm,,
1687550,altshuler,2025-08-24 14:29:02.617,quarterly,2025Q2,דוח רבעון 2 לשנת 2025 - דוח iXBRL,ixbrl,9854,,ixbrl/1687001-1688000/X1687550.htm,,
1705856,altshuler,2025-11-27 08:00:11.293,quarterly,2025Q3,דוח רבעון 3 לשנת 2025,xbrl,18,,xbrl/1705001-1706000/X1705856.xbrl,,
1705856,altshuler,2025-11-27 08:00:11.293,quarterly,2025Q3,דוח רבעון 3 לשנת 2025,pdf1,1079,77,rpdf/1705001-1706000/P1705856-00.pdf,data/sources/pdf/altshuler/2025Q3/1705856_quarterly.pdf,b0e37b9183f9b60a2109c724244164e9ddd73c3cce8752f65a2eaf5aea98a222
1705856,altshuler,2025-11-27 08:00:11.293,quarterly,2025Q3,דוח רבעון 3 לשנת 2025,htm,115,,rhtm/1705001-1706000/H1705856.htm,,
1705857,altshuler,2025-11-27 08:00:12.563,liabilities,2025Q3,"מצבת התחייבות החברה ליום 30.9.25, לפי מועדי פרעון",htm,221,,rhtm/1705001-1706000/H1705857.htm,,
1706178,altshuler,2025-11-27 16:21:05.863,quarterly,2025Q3,דוח רבעון 3 לשנת 2025 - דוח iXBRL,ixbrl,6431,,ixbrl/1706001-1707000/X1706178.htm,,
1706178,altshuler,2025-11-27 16:21:05.863,quarterly,2025Q3,דוח רבעון 3 לשנת 2025 - דוח iXBRL,htm,43,,rhtm/1706001-1707000/H1706178.htm,,
1729037,altshuler,2026-03-19 08:30:06.11,presentation,2025FY,מצגת משקיעים,pdf1,697,20,rpdf/1729001-1730000/P1729037-00.pdf,data/sources/pdf/altshuler/2025FY/1729037_presentation.pdf,92916a1e199d28c91eac7808d4f7081e4797a6510dcb28746dff82580e1d3e3a
1729037,altshuler,2026-03-19 08:30:06.11,presentation,2025FY,מצגת משקיעים,htm,42,,rhtm/1729001-1730000/H1729037.htm,,
1729052,altshuler,2026-03-19 08:30:08.553,annual,2025FY,דוח תקופתי ושנתי לשנת 2025,xbrl,19,,xbrl/1729001-1730000/X1729052.xbrl,,
1729052,altshuler,2026-03-19 08:30:08.553,annual,2025FY,דוח תקופתי ושנתי לשנת 2025,pdf1,3440,266,rpdf/1729001-1730000/P1729052-00.pdf,data/sources/pdf/altshuler/2025FY/1729052_annual.pdf,0c56f3aa0fe71be7b4b3d9f473823593a4f28e4548b8d50d5e09ae56b09285c9
1729052,altshuler,2026-03-19 08:30:08.553,annual,2025FY,דוח תקופתי ושנתי לשנת 2025,htm,117,,rhtm/1729001-1730000/H1729052.htm,,
1729053,altshuler,2026-03-19 08:30:09.167,liabilities,2025FY,"מצבת התחייבות החברה ליום 31.12.25, לפי מועדי פרעון",htm,221,,rhtm/1729001-1730000/H1729053.htm,,
1729288,altshuler,2026-03-19 16:13:05.36,annual,2025FY,דוח תקופתי ושנתי לשנת - 2025 - דוח iXBRL,htm,43,,rhtm/1729001-1730000/H1729288.htm,,
1729288,altshuler,2026-03-19 16:13:05.36,annual,2025FY,דוח תקופתי ושנתי לשנת - 2025 - דוח iXBRL,ixbrl,14335,,ixbrl/1729001-1730000/X1729288.htm,,
1744493,altshuler,2026-05-28 08:30:08.713,quarterly,2026Q1,דוח רבעון 1 לשנת 2026,xbrl,18,,xbrl/1744001-1745000/X1744493.xbrl,,
1744493,altshuler,2026-05-28 08:30:08.713,quarterly,2026Q1,דוח רבעון 1 לשנת 2026,pdf1,1102,59,rpdf/1744001-1745000/P1744493-00.pdf,data/sources/pdf/altshuler/2026Q1/1744493_quarterly.pdf,d42b900f90bb2861a2f08a603a72b56f6b99c0a281c587bcca652be5710744d0
1744493,altshuler,2026-05-28 08:30:08.713,quarterly,2026Q1,דוח רבעון 1 לשנת 2026,htm,116,,rhtm/1744001-1745000/H1744493.htm,,
1744494,altshuler,2026-05-28 08:30:09.2,liabilities,2026Q1,"מצבת התחייבות החברה ליום 31.3.26, לפי מועדי פרעון",htm,221,,rhtm/1744001-1745000/H1744494.htm,,
1744831,altshuler,2026-05-28 15:36:04.823,quarterly,2026Q1,דוח רבעון 1 לשנת 2026 - דוח iXBRL,ixbrl,5591,,ixbrl/1744001-1745000/X1744831.htm,,
1744831,altshuler,2026-05-28 15:36:04.823,quarterly,2026Q1,דוח רבעון 1 לשנת 2026 - דוח iXBRL,htm,43,,rhtm/1744001-1745000/H1744831.htm,,
1764730,altshuler,2026-08-20 08:30:17.03,quarterly,2026Q2,דוח רבעון 2/חצי שנתי לשנת 2026,htm,116,,rhtm/1764001-1765000/H1764730.htm,,
1764730,altshuler,2026-08-20 08:30:17.03,quarterly,2026Q2,דוח רבעון 2/חצי שנתי לשנת 2026,pdf1,1303,71,rpdf/1764001-1765000/P1764730-00.pdf,data/sources/pdf/altshuler/2026Q2/1764730_quarterly.pdf,0614d5464a080fffb348f346557d2afe427dd0eb4e94f975f2a6305c1c39de4c
1764730,altshuler,2026-08-20 08:30:17.03,quarterly,2026Q2,דוח רבעון 2/חצי שנתי לשנת 2026,xbrl,18,,xbrl/1764001-1765000/X1764730.xbrl,,
1764731,altshuler,2026-08-20 08:30:20.083,liabilities,2026Q2,"מצבת התחייבות החברה ליום 30.6.26, לפי מועדי פרעון",htm,221,,rhtm/1764001-1765000/H1764731.htm,,
1764984,altshuler,2026-08-20 15:29:03.81,quarterly,2026Q2,דוח רבעון 2 לשנת 2026 - דוח iXBRL,htm,43,,rhtm/1764001-1765000/H1764984.htm,,
1764984,altshuler,2026-08-20 15:29:03.81,quarterly,2026Q2,דוח רבעון 2 לשנת 2026 - דוח iXBRL,ixbrl,6670,,ixbrl/1764001-1765000/X1764984.htm,,
1220946,analyst,2019-03-28 18:20:29.18,liabilities,2018FY,"מצבת התחייבות החברה ליום 31.12.18, לפי מועדי פרעון",htm,197,,rhtm/1220001-1221000/H1220946.htm,,
1220982,analyst,2019-03-28 18:54:17.913,annual,2018FY,דוח תקופתי ושנתי לשנת 2018,pdf1,3356,152,rpdf/1220001-1221000/P1220982-00.pdf,data/sources/pdf/analyst/2018FY/1220982_annual.pdf,0c7472c6fe47d9edf51646f1cb204d22f67780235dec6c5aa8706586d0acca03
1220982,analyst,2019-03-28 18:54:17.913,annual,2018FY,דוח תקופתי ושנתי לשנת 2018,xbrl,21,,xbrl/1220001-1221000/X1220982.xbrl,,
1246880,analyst,2019-08-08 19:40:19.97,quarterly,2019Q2,דוח רבעון 2 לשנת 2019,htm,104,,rhtm/1246001-1247000/H1246880.htm,,
1246880,analyst,2019-08-08 19:40:19.97,quarterly,2019Q2,דוח רבעון 2 לשנת 2019,pdf1,1144,53,rpdf/1246001-1247000/P1246880-00.pdf,data/sources/pdf/analyst/2019Q2/1246880_quarterly.pdf,c69015d2719d1b1e2559457662f6b69efec24c38e6338cd165fe94adb5684878
1246880,analyst,2019-08-08 19:40:19.97,quarterly,2019Q2,דוח רבעון 2 לשנת 2019,xbrl,20,,xbrl/1246001-1247000/X1246880.xbrl,,
1246881,analyst,2019-08-08 19:42:27.187,liabilities,2019Q2,"מצבת התחייבות החברה ליום 30.6.19, לפי מועדי פרעון",htm,197,,rhtm/1246001-1247000/H1246881.htm,,
1286376,analyst,2020-03-26 18:30:28.03,annual,2019FY,דוח תקופתי ושנתי לשנת 2019,htm,109,,rhtm/1286001-1287000/H1286376.htm,,
1286376,analyst,2020-03-26 18:30:28.03,annual,2019FY,דוח תקופתי ושנתי לשנת 2019,pdf1,3661,154,rpdf/1286001-1287000/P1286376-00.pdf,data/sources/pdf/analyst/2019FY/1286376_annual.pdf,fd86ee9d91f430d885e01350e9af4baef224c176562b52090d196f6a36618f47
1286376,analyst,2020-03-26 18:30:28.03,annual,2019FY,דוח תקופתי ושנתי לשנת 2019,xbrl,21,,xbrl/1286001-1287000/X1286376.xbrl,,
1286381,analyst,2020-03-26 18:32:20.023,liabilities,2019FY,"מצבת התחייבות החברה ליום 31.12.19, לפי מועדי פרעון",htm,199,,rhtm/1286001-1287000/H1286381.htm,,
1314539,analyst,2020-08-12 19:04:15.293,quarterly,2020Q2,דוח רבעון 2 לשנת 2020,xbrl,20,,xbrl/1314001-1315000/X1314539.xbrl,,
1314539,analyst,2020-08-12 19:04:15.293,quarterly,2020Q2,דוח רבעון 2 לשנת 2020,htm,101,,rhtm/1314001-1315000/H1314539.htm,,
1314539,analyst,2020-08-12 19:04:15.293,quarterly,2020Q2,דוח רבעון 2 לשנת 2020,pdf1,992,56,rpdf/1314001-1315000/P1314539-00.pdf,data/sources/pdf/analyst/2020Q2/1314539_quarterly.pdf,4fa24a69cc829b9c24203b6ac04a5dc5812ffe24d97d2698f90748ec2523b56b
1314542,analyst,2020-08-12 19:10:17.75,liabilities,2020Q2,"מצבת התחייבות החברה ליום 30.6.20, לפי מועדי פרעון",htm,198,,rhtm/1314001-1315000/H1314542.htm,,
1359958,analyst,2021-03-24 17:48:18.137,annual,2020FY,דוח תקופתי ושנתי לשנת 2020,htm,104,,rhtm/1359001-1360000/H1359958.htm,,
1359958,analyst,2021-03-24 17:48:18.137,annual,2020FY,דוח תקופתי ושנתי לשנת 2020,pdf1,4235,155,rpdf/1359001-1360000/P1359958-00.pdf,data/sources/pdf/analyst/2020FY/1359958_annual.pdf,7ecc74dba6788dce072a01c321a96209a6ad3ddd69c8e1142177f83db105e75a
1359958,analyst,2021-03-24 17:48:18.137,annual,2020FY,דוח תקופתי ושנתי לשנת 2020,xbrl,21,,xbrl/1359001-1360000/X1359958.xbrl,,
1359968,analyst,2021-03-24 17:59:24.27,liabilities,2020FY,"מצבת התחייבות החברה ליום 31.12.20, לפי מועדי פרעון",htm,198,,rhtm/1359001-1360000/H1359968.htm,,
1392917,analyst,2021-08-10 18:06:26.393,quarterly,2021Q2,דוח רבעון 2 לשנת 2021,htm,102,,rhtm/1392001-1393000/H1392917.htm,,
1392917,analyst,2021-08-10 18:06:26.393,quarterly,2021Q2,דוח רבעון 2 לשנת 2021,pdf1,2633,53,rpdf/1392001-1393000/P1392917-00.pdf,data/sources/pdf/analyst/2021Q2/1392917_quarterly.pdf,487e4b7b08bbe634cb9adb14b0dcfd64a38dc898cc2034c4a67a5ed0f9b36d53
1392917,analyst,2021-08-10 18:06:26.393,quarterly,2021Q2,דוח רבעון 2 לשנת 2021,xbrl,20,,xbrl/1392001-1393000/X1392917.xbrl,,
1392919,analyst,2021-08-10 18:09:27.93,liabilities,2021Q2,"מצבת התחייבות החברה ליום 30.6.21, לפי מועדי פרעון",htm,197,,rhtm/1392001-1393000/H1392919.htm,,
1414799,analyst,2021-11-29 17:53:16.207,subsidiary,2021Q3,דוח חב' בת- אנליסט קופות גמל -ליום 30.9.2021,htm,41,,rhtm/1414001-1415000/H1414799.htm,,
1414799,analyst,2021-11-29 17:53:16.207,subsidiary,2021Q3,דוח חב' בת- אנליסט קופות גמל -ליום 30.9.2021,pdf1,719,,rpdf/1414001-1415000/P1414799-00.pdf,,
1440918,analyst,2022-03-30 20:24:26.84,annual,2021FY,דוח תקופתי ושנתי לשנת 2021,htm,104,,rhtm/1440001-1441000/H1440918.htm,,
1440918,analyst,2022-03-30 20:24:26.84,annual,2021FY,דוח תקופתי ושנתי לשנת 2021,pdf1,6996,156,rpdf/1440001-1441000/P1440918-00.pdf,data/sources/pdf/analyst/2021FY/1440918_annual.pdf,41bd1fff2c47107d523b04622a02d5eebcb46ac1bd58e0cdacef1974bdb6fcc1
1440918,analyst,2022-03-30 20:24:26.84,annual,2021FY,דוח תקופתי ושנתי לשנת 2021,xbrl,21,,xbrl/1440001-1441000/X1440918.xbrl,,
1440920,analyst,2022-03-30 20:26:15.62,liabilities,2021FY,"מצבת התחייבות החברה ליום 31.12.21, לפי מועדי פרעון",htm,197,,rhtm/1440001-1441000/H1440920.htm,,
1452934,analyst,2022-05-29 17:56:20.03,subsidiary,2022Q1,דוח חב' בת- אנליסט קופות גמל -ליום 31.3.2022,pdf1,1024,,rpdf/1452001-1453000/P1452934-00.pdf,,
1452934,analyst,2022-05-29 17:56:20.03,subsidiary,2022Q1,דוח חב' בת- אנליסט קופות גמל -ליום 31.3.2022,htm,41,,rhtm/1452001-1453000/H1452934.htm,,
1469739,analyst,2022-08-10 18:51:13.82,quarterly,2022Q2,דוח רבעון 2/חצי שנתי לשנת 2022,htm,102,,rhtm/1469001-1470000/H1469739.htm,,
1469739,analyst,2022-08-10 18:51:13.82,quarterly,2022Q2,דוח רבעון 2/חצי שנתי לשנת 2022,pdf1,2773,43,rpdf/1469001-1470000/P1469739-00.pdf,data/sources/pdf/analyst/2022Q2/1469739_quarterly.pdf,e9b02c59603e3e7b3695754acdebd24abc20f13b45af6fa3ac94dfd7deaf18ca
1469739,analyst,2022-08-10 18:51:13.82,quarterly,2022Q2,דוח רבעון 2/חצי שנתי לשנת 2022,xbrl,20,,xbrl/1469001-1470000/X1469739.xbrl,,
1469740,analyst,2022-08-10 18:56:20.66,liabilities,2022Q2,"מצבת התחייבות החברה ליום 30.6.22, לפי מועדי פרעון",htm,197,,rhtm/1469001-1470000/H1469740.htm,,
1489050,analyst,2022-11-28 18:18:13.507,subsidiary,2022Q3,דוח חב' בת- אנליסט קופות גמל -ליום 30.9.2022,htm,41,,rhtm/1489001-1490000/H1489050.htm,,
1489050,analyst,2022-11-28 18:18:13.507,subsidiary,2022Q3,דוח חב' בת- אנליסט קופות גמל -ליום 30.9.2022,pdf1,1248,,rpdf/1489001-1490000/P1489050-00.pdf,,
1514656,analyst,2023-03-29 20:47:28.303,annual,2022FY,דוח תקופתי ושנתי לשנת 2022,htm,109,,rhtm/1514001-1515000/H1514656.htm,,
1514656,analyst,2023-03-29 20:47:28.303,annual,2022FY,דוח תקופתי ושנתי לשנת 2022,pdf1,5452,156,rpdf/1514001-1515000/P1514656-00.pdf,data/sources/pdf/analyst/2022FY/1514656_annual.pdf,96f4e0e3fd47b36be30059395cc286e5c949d2f17bd316466333d5771cc48905
1514656,analyst,2023-03-29 20:47:28.303,annual,2022FY,דוח תקופתי ושנתי לשנת 2022,xbrl,21,,xbrl/1514001-1515000/X1514656.xbrl,,
1514657,analyst,2023-03-29 20:48:22.91,liabilities,2022FY,"מצבת התחייבות החברה ליום 31.12.22, לפי מועדי פרעון",htm,223,,rhtm/1514001-1515000/H1514657.htm,,
1525752,analyst,2023-05-31 18:24:21.92,liabilities,2023Q1,"מצבת התחייבות החברה ליום 31.3.23, לפי מועדי פרעון",htm,223,,rhtm/1525001-1526000/H1525752.htm,,
1525758,analyst,2023-05-31 18:32:17.57,quarterly,2023Q1,דוח רבעון 1 לשנת 2023,pdf1,2497,39,rpdf/1525001-1526000/P1525758-00.pdf,data/sources/pdf/analyst/2023Q1/1525758_quarterly.pdf,e03895715f23e6ba3dafa3a94a781216bd3858328e52fd0ce8338528d2260fe7
1525758,analyst,2023-05-31 18:32:17.57,quarterly,2023Q1,דוח רבעון 1 לשנת 2023,xbrl,20,,xbrl/1525001-1526000/X1525758.xbrl,,
1525758,analyst,2023-05-31 18:32:17.57,quarterly,2023Q1,דוח רבעון 1 לשנת 2023,htm,108,,rhtm/1525001-1526000/H1525758.htm,,
1541608,analyst,2023-08-16 18:16:23.353,quarterly,2023Q2,דוח רבעון 2/חצי שנתי לשנת 2023,htm,108,,rhtm/1541001-1542000/H1541608.htm,,
1541608,analyst,2023-08-16 18:16:23.353,quarterly,2023Q2,דוח רבעון 2/חצי שנתי לשנת 2023,pdf1,2765,40,rpdf/1541001-1542000/P1541608-00.pdf,data/sources/pdf/analyst/2023Q2/1541608_quarterly.pdf,d426dc677e4955961b0ed1b682e8d1da6e9169eace0be6017636512dfe5b95e3
1541608,analyst,2023-08-16 18:16:23.353,quarterly,2023Q2,דוח רבעון 2/חצי שנתי לשנת 2023,xbrl,20,,xbrl/1541001-1542000/X1541608.xbrl,,
1541609,analyst,2023-08-16 18:21:13.833,liabilities,2023Q2,"מצבת התחייבות החברה ליום 30.6.23, לפי מועדי פרעון",htm,223,,rhtm/1541001-1542000/H1541609.htm,,
1561226,analyst,2023-11-30 17:41:15.147,quarterly,2023Q3,דוח רבעון 3 לשנת 2023,htm,108,,rhtm/1561001-1562000/H1561226.htm,,
1561226,analyst,2023-11-30 17:41:15.147,quarterly,2023Q3,דוח רבעון 3 לשנת 2023,pdf1,1413,42,rpdf/1561001-1562000/P1561226-00.pdf,data/sources/pdf/analyst/2023Q3/1561226_quarterly.pdf,dc0479f50cdde4db7604af6dda0f26ecb45159b277d86ddd88d77ec26ad984bb
1561226,analyst,2023-11-30 17:41:15.147,quarterly,2023Q3,דוח רבעון 3 לשנת 2023,xbrl,19,,xbrl/1561001-1562000/X1561226.xbrl,,
1561230,analyst,2023-11-30 17:43:12.88,liabilities,2023Q3,"מצבת התחייבות החברה ליום 30.9.23, לפי מועדי פרעון",htm,223,,rhtm/1561001-1562000/H1561230.htm,,
1568927,analyst,2024-01-07 17:18:16.477,quarterly,2023Q3,דוח רבעון 3 לשנת 2023- תיקון התאריכים בטופס הנלווה לדוח הכספי,htm,111,,rhtm/1568001-1569000/H1568927.htm,,
1568927,analyst,2024-01-07 17:18:16.477,quarterly,2023Q3,דוח רבעון 3 לשנת 2023- תיקון התאריכים בטופס הנלווה לדוח הכספי,xbrl,20,,xbrl/1568001-1569000/X1568927.xbrl,,
1568927,analyst,2024-01-07 17:18:16.477,quarterly,2023Q3,דוח רבעון 3 לשנת 2023- תיקון התאריכים בטופס הנלווה לדוח הכספי,pdf1,1413,42,rpdf/1568001-1569000/P1568927-00.pdf,data/sources/pdf/analyst/2023Q3/1568927_quarterly.pdf,dc0479f50cdde4db7604af6dda0f26ecb45159b277d86ddd88d77ec26ad984bb
1583501,analyst,2024-03-28 21:13:14.937,annual,2023FY,דוח תקופתי ושנתי לשנת 2023,xbrl,21,,xbrl/1583001-1584000/X1583501.xbrl,,
1583501,analyst,2024-03-28 21:13:14.937,annual,2023FY,דוח תקופתי ושנתי לשנת 2023,htm,110,,rhtm/1583001-1584000/H1583501.htm,,
1583501,analyst,2024-03-28 21:13:14.937,annual,2023FY,דוח תקופתי ושנתי לשנת 2023,pdf1,6831,153,rpdf/1583001-1584000/P1583501-00.pdf,data/sources/pdf/analyst/2023FY/1583501_annual.pdf,742e0ded1153fbb29d908ad4ddaa3b1dda02626390f7a1c6c04c4f1f5343ec9c
1583504,analyst,2024-03-28 21:26:15.52,liabilities,2023FY,"מצבת התחייבות החברה ליום 31.12.23, לפי מועדי פרעון",htm,223,,rhtm/1583001-1584000/H1583504.htm,,
1595607,analyst,2024-05-29 20:05:14.587,quarterly,2024Q1,דוח רבעון 1 לשנת 2024,xbrl,20,,xbrl/1595001-1596000/X1595607.xbrl,,
1595607,analyst,2024-05-29 20:05:14.587,quarterly,2024Q1,דוח רבעון 1 לשנת 2024,htm,108,,rhtm/1595001-1596000/H1595607.htm,,
1595607,analyst,2024-05-29 20:05:14.587,quarterly,2024Q1,דוח רבעון 1 לשנת 2024,pdf1,3480,41,rpdf/1595001-1596000/P1595607-00.pdf,data/sources/pdf/analyst/2024Q1/1595607_quarterly.pdf,8efde87c0120c76e61a812747f1801dc1efefe343593ef40b9e2bd4948c1e09a
1595608,analyst,2024-05-29 20:07:15.29,liabilities,2024Q1,"מצבת התחייבות החברה ליום 31.3.24, לפי מועדי פרעון",htm,223,,rhtm/1595001-1596000/H1595608.htm,,
1610781,analyst,2024-08-14 17:17:13.673,liabilities,2024Q2,"מצבת התחייבות החברה ליום 30.6.24, לפי מועדי פרעון",htm,223,,rhtm/1610001-1611000/H1610781.htm,,
1610797,analyst,2024-08-14 18:09:14.437,quarterly,2024Q2,דוח רבעון 2/חצי שנתי לשנת 2024,htm,115,,rhtm/1610001-1611000/H1610797.htm,,
1610797,analyst,2024-08-14 18:09:14.437,quarterly,2024Q2,דוח רבעון 2/חצי שנתי לשנת 2024,pdf1,2949,42,rpdf/1610001-1611000/P1610797-00.pdf,data/sources/pdf/analyst/2024Q2/1610797_quarterly.pdf,e8ebda1b796e3828afc1316ba42eb350d473f79fb780059d7d3f9188322097b6
1610797,analyst,2024-08-14 18:09:14.437,quarterly,2024Q2,דוח רבעון 2/חצי שנתי לשנת 2024,xbrl,20,,xbrl/1610001-1611000/X1610797.xbrl,,
1629812,analyst,2024-11-27 16:32:15.103,quarterly,2024Q3,דוח רבעון 3 לשנת 2024,htm,115,,rhtm/1629001-1630000/H1629812.htm,,
1629812,analyst,2024-11-27 16:32:15.103,quarterly,2024Q3,דוח רבעון 3 לשנת 2024,pdf1,4001,44,rpdf/1629001-1630000/P1629812-00.pdf,data/sources/pdf/analyst/2024Q3/1629812_quarterly.pdf,4dc088d92bf06beb19c200f00bfa06b9c8625a6d6a18a9982fb808241271ebe1
1629812,analyst,2024-11-27 16:32:15.103,quarterly,2024Q3,דוח רבעון 3 לשנת 2024,xbrl,20,,xbrl/1629001-1630000/X1629812.xbrl,,
1629822,analyst,2024-11-27 16:47:16.07,liabilities,2024Q3,"מצבת התחייבות החברה ליום 30.9.24, לפי מועדי פרעון",htm,223,,rhtm/1629001-1630000/H1629822.htm,,
1654617,analyst,2025-03-27 19:14:02.107,annual,2024FY,דוח תקופתי ושנתי לשנת 2024,xbrl,21,,xbrl/1654001-1655000/X1654617.xbrl,,
1654617,analyst,2025-03-27 19:14:02.107,annual,2024FY,דוח תקופתי ושנתי לשנת 2024,htm,120,,rhtm/1654001-1655000/H1654617.htm,,
1654617,analyst,2025-03-27 19:14:02.107,annual,2024FY,דוח תקופתי ושנתי לשנת 2024,pdf1,7204,161,rpdf/1654001-1655000/P1654617-00.pdf,data/sources/pdf/analyst/2024FY/1654617_annual.pdf,2cdc5a733ae78d2e4494c5a06067d5d3b2677d4f1ec9e74f49f41a7a274060d8
1654652,analyst,2025-03-27 20:54:03.213,presentation,2024FY,"מצגת משקיעים רבעון 4, 2024",htm,41,,rhtm/1654001-1655000/H1654652.htm,,
1654652,analyst,2025-03-27 20:54:03.213,presentation,2024FY,"מצגת משקיעים רבעון 4, 2024",pdf1,5377,19,rpdf/1654001-1655000/P1654652-00.pdf,data/sources/pdf/analyst/2024FY/1654652_presentation.pdf,763e3ea7022375d85a1fe77e94f060db9b1fb26f035a062a0241501aefa81a01
1668564,analyst,2025-05-29 18:12:03.713,quarterly,2025Q1,דוח רבעון 1 לשנת 2025,htm,118,,rhtm/1668001-1669000/H1668564.htm,,
1668564,analyst,2025-05-29 18:12:03.713,quarterly,2025Q1,דוח רבעון 1 לשנת 2025,pdf1,3419,42,rpdf/1668001-1669000/P1668564-00.pdf,data/sources/pdf/analyst/2025Q1/1668564_quarterly.pdf,68b759de38933db48c7df570a09d9154f10138e8f8505f94f90bfd2183306dc7
1668564,analyst,2025-05-29 18:12:03.713,quarterly,2025Q1,דוח רבעון 1 לשנת 2025,xbrl,20,,xbrl/1668001-1669000/X1668564.xbrl,,
1668573,analyst,2025-05-29 18:16:02.31,liabilities,2025Q1,"מצבת התחייבות החברה ליום 31.3.25, לפי מועדי פרעון",htm,221,,rhtm/1668001-1669000/H1668573.htm,,
1668580,analyst,2025-05-29 18:45:03.027,presentation,2025Q1,"מצגת משקיעים רבעון 1, 2025",htm,41,,rhtm/1668001-1669000/H1668580.htm,,
1668580,analyst,2025-05-29 18:45:03.027,presentation,2025Q1,"מצגת משקיעים רבעון 1, 2025",pdf1,4023,19,rpdf/1668001-1669000/P1668580-00.pdf,data/sources/pdf/analyst/2025Q1/1668580_presentation.pdf,a6414c06d9fb81ee0b47250adf8993d98a917719edb1006a9a0a31544038d098
1668685,analyst,2025-05-29 22:32:59.23,presentation,2025Q1,תיקון טעות סופר במצגת שפורסמה ביום 29.5.25,htm,44,,rhtm/1668001-1669000/H1668685.htm,,
1668685,analyst,2025-05-29 22:32:59.23,presentation,2025Q1,תיקון טעות סופר במצגת שפורסמה ביום 29.5.25,pdf1,4043,19,rpdf/1668001-1669000/P1668685-00.pdf,data/sources/pdf/analyst/2025Q1/1668685_presentation.pdf,dc0a8b7d273c3d6c8379e3f7a396c137935fa0abd68e6eb6a9d08030a667f927
1686580,analyst,2025-08-19 14:45:02.167,quarterly,2025Q2,דוח רבעון 2/חצי שנתי לשנת 2025,pdf1,4079,42,rpdf/1686001-1687000/P1686580-00.pdf,data/sources/pdf/analyst/2025Q2/1686580_quarterly.pdf,cc47017eb05a4409a05a51ccd0a5b46b7ac112e108b9fb7b6c720df8b18fa68e
1686580,analyst,2025-08-19 14:45:02.167,quarterly,2025Q2,דוח רבעון 2/חצי שנתי לשנת 2025,xbrl,20,,xbrl/1686001-1687000/X1686580.xbrl,,
1686580,analyst,2025-08-19 14:45:02.167,quarterly,2025Q2,דוח רבעון 2/חצי שנתי לשנת 2025,htm,118,,rhtm/1686001-1687000/H1686580.htm,,
1686583,analyst,2025-08-19 14:53:01.773,liabilities,2025Q2,"מצבת התחייבות החברה ליום 30.6.25, לפי מועדי פרעון",htm,221,,rhtm/1686001-1687000/H1686583.htm,,
1686581,analyst,2025-08-19 15:08:06.24,presentation,2025Q2,מצגת משקיעים-רבעון 2 2025,htm,42,,rhtm/1686001-1687000/H1686581.htm,,
1686581,analyst,2025-08-19 15:08:06.24,presentation,2025Q2,מצגת משקיעים-רבעון 2 2025,pdf1,6185,19,rpdf/1686001-1687000/P1686581-00.pdf,data/sources/pdf/analyst/2025Q2/1686581_presentation.pdf,ecc75b89d4f904dbbb2a91a3b829c9effa16e408e5d942815a7e0e8eb3c94d79
1706150,analyst,2025-11-27 15:26:02.85,quarterly,2025Q3,דוח רבעון 3 לשנת 2025,htm,118,,rhtm/1706001-1707000/H1706150.htm,,
1706150,analyst,2025-11-27 15:26:02.85,quarterly,2025Q3,דוח רבעון 3 לשנת 2025,pdf1,2985,43,rpdf/1706001-1707000/P1706150-00.pdf,data/sources/pdf/analyst/2025Q3/1706150_quarterly.pdf,821fd5a4ebf5ce9e0a6ca7a79feaf2a2ec38c75d7f967b8c8b67e1aa6287f245
1706150,analyst,2025-11-27 15:26:02.85,quarterly,2025Q3,דוח רבעון 3 לשנת 2025,xbrl,20,,xbrl/1706001-1707000/X1706150.xbrl,,
1706155,analyst,2025-11-27 15:50:01.93,liabilities,2025Q3,"מצבת התחייבות החברה ליום 30.9.25, לפי מועדי פרעון",htm,221,,rhtm/1706001-1707000/H1706155.htm,,
1706181,analyst,2025-11-27 16:46:04.61,presentation,2025Q3,מצגת משקיעים רבעון 3 2025,pdf1,4096,19,rpdf/1706001-1707000/P1706181-00.pdf,data/sources/pdf/analyst/2025Q3/1706181_presentation.pdf,d691bef1ec9fbd3eabbb5bf895a2f70d88b9fbfe9fc2fde9954e7d00f1159b57
1706181,analyst,2025-11-27 16:46:04.61,presentation,2025Q3,מצגת משקיעים רבעון 3 2025,htm,42,,rhtm/1706001-1707000/H1706181.htm,,
1729215,analyst,2026-03-19 14:17:06.45,annual,2025FY,דוח תקופתי ושנתי לשנת 2025,htm,121,,rhtm/1729001-1730000/H1729215.htm,,
1729215,analyst,2026-03-19 14:17:06.45,annual,2025FY,דוח תקופתי ושנתי לשנת 2025,pdf1,6636,159,rpdf/1729001-1730000/P1729215-00.pdf,data/sources/pdf/analyst/2025FY/1729215_annual.pdf,b2e1fa0ac2569bea6f7cd4686f931362d4137b1d878815dcf38ea2162e428d3b
1729215,analyst,2026-03-19 14:17:06.45,annual,2025FY,דוח תקופתי ושנתי לשנת 2025,xbrl,21,,xbrl/1729001-1730000/X1729215.xbrl,,
1729237,analyst,2026-03-19 14:48:06.497,presentation,2025FY,"מצגת משקיעים - רבעון 4, 2025",htm,42,,rhtm/1729001-1730000/H1729237.htm,,
1729237,analyst,2026-03-19 14:48:06.497,presentation,2025FY,"מצגת משקיעים - רבעון 4, 2025",pdf1,3469,19,rpdf/1729001-1730000/P1729237-00.pdf,data/sources/pdf/analyst/2025FY/1729237_presentation.pdf,0752489e46c905b689d0699e7e1966910bba3354b36db5396f3dfe0c61b374d3
1744718,analyst,2026-05-28 13:07:04.3,quarterly,2026Q1,דוח רבעון 1 לשנת 2026,htm,119,,rhtm/1744001-1745000/H1744718.htm,,
1744718,analyst,2026-05-28 13:07:04.3,quarterly,2026Q1,דוח רבעון 1 לשנת 2026,pdf1,3454,42,rpdf/1744001-1745000/P1744718-00.pdf,data/sources/pdf/analyst/2026Q1/1744718_quarterly.pdf,575774b54457fbd92d60a43ec306d503be5ecf4e4d8d253e8510b0480be0a9bd
1744718,analyst,2026-05-28 13:07:04.3,quarterly,2026Q1,דוח רבעון 1 לשנת 2026,xbrl,20,,xbrl/1744001-1745000/X1744718.xbrl,,
1744726,analyst,2026-05-28 13:29:03.067,presentation,2026Q1,"מצגת משקיעים רבעון 1, 2026",htm,42,,rhtm/1744001-1745000/H1744726.htm,,
1744726,analyst,2026-05-28 13:29:03.067,presentation,2026Q1,"מצגת משקיעים רבעון 1, 2026",pdf1,3850,20,rpdf/1744001-1745000/P1744726-00.pdf,data/sources/pdf/analyst/2026Q1/1744726_presentation.pdf,52ffb99d656d0ce7370f4c32eddcaa2d90b6afd925804ca8a2e2df2a84db5f1c
1764739,analyst,2026-08-20 08:41:04,quarterly,2026Q2,דוח רבעון 2/חצי שנתי לשנת 2026,htm,119,,rhtm/1764001-1765000/H1764739.htm,,
1764739,analyst,2026-08-20 08:41:04,quarterly,2026Q2,דוח רבעון 2/חצי שנתי לשנת 2026,pdf1,712,42,rpdf/1764001-1765000/P1764739-00.pdf,data/sources/pdf/analyst/2026Q2/1764739_quarterly.pdf,684d232e3337de7878a56de781ad54f9a995da4cf29238845e446ca5aa0cc83f
1764739,analyst,2026-08-20 08:41:04,quarterly,2026Q2,דוח רבעון 2/חצי שנתי לשנת 2026,xbrl,19,,xbrl/1764001-1765000/X1764739.xbrl,,
1764754,analyst,2026-08-20 09:07:01.953,presentation,2026Q2,"מצגת משקיעים רבעון 2, 2026",htm,42,,rhtm/1764001-1765000/H1764754.htm,,
1764754,analyst,2026-08-20 09:07:01.953,presentation,2026Q2,"מצגת משקיעים רבעון 2, 2026",pdf1,1709,18,rpdf/1764001-1765000/P1764754-00.pdf,data/sources/pdf/analyst/2026Q2/1764754_presentation.pdf,86dc27a87a1318930ce04822658736d444b8e3f99c24cd1605c99ca35112cda4
1219950,ayalon,2019-03-26 13:16:19.45,liabilities,2018FY,"מצבת התחייבות החברה ליום 31.12.18, לפי מועדי פרעון",htm,197,,rhtm/1219001-1220000/H1219950.htm,,
1219951,ayalon,2019-03-26 13:26:35.06,annual,2018FY,דוח תקופתי ושנתי לשנת 2018,pdf1,8090,407,rpdf/1219001-1220000/P1219951-00.pdf,data/sources/pdf/ayalon/2018FY/1219951_annual.pdf,8d2df9aa761cf2cce7c1b0e55e8e838ef5a6a8a5003e1a556599cf5b5b9188f6
1219951,ayalon,2019-03-26 13:26:35.06,annual,2018FY,דוח תקופתי ושנתי לשנת 2018,xbrl,19,,xbrl/1219001-1220000/X1219951.xbrl,,
1231567,ayalon,2019-05-28 08:33:24.76,liabilities,2019Q1,"מצבת התחייבות החברה ליום 31.3.19, לפי מועדי פרעון",htm,197,,rhtm/1231001-1232000/H1231567.htm,,
1231572,ayalon,2019-05-28 08:39:30.177,quarterly,2019Q1,דוח רבעון 1 לשנת 2019,pdf1,2028,102,rpdf/1231001-1232000/P1231572-00.pdf,data/sources/pdf/ayalon/2019Q1/1231572_quarterly.pdf,efb34bcae8810e38a572557e575cfd4a813b87e7f640f6bd14625943f30f450f
1231572,ayalon,2019-05-28 08:39:30.177,quarterly,2019Q1,דוח רבעון 1 לשנת 2019,xbrl,18,,xbrl/1231001-1232000/X1231572.xbrl,,
1231581,ayalon,2019-05-28 09:24:27.033,presentation,2019Q1,"מצגת למשקיעים, דוח רבעון 1 2019",pdf1,2799,29,rpdf/1231001-1232000/P1231581-00.pdf,data/sources/pdf/ayalon/2019Q1/1231581_presentation.pdf,65b463227545f2a69f8748916b09db30ad16a62f6ee8b9aa0ade6434f3febc0b
1231581,ayalon,2019-05-28 09:24:27.033,presentation,2019Q1,"מצגת למשקיעים, דוח רבעון 1 2019",htm,40,,rhtm/1231001-1232000/H1231581.htm,,
1241794,ayalon,2019-07-15 17:43:12.693,solvency,2018FY,"יחס כושר פרעון כללי של חברת הבת, איילון חברה לביטוח, ליום 31.12.18",pdf1,687,18,rpdf/1241001-1242000/P1241794-00.pdf,data/sources/pdf/ayalon/2018FY/1241794_solvency.pdf,f0806d2785a9e929166025ecfe85055bdab6c68ca7413f9630d6f77d973c95c0
1241794,ayalon,2019-07-15 17:43:12.693,solvency,2018FY,"יחס כושר פרעון כללי של חברת הבת, איילון חברה לביטוח, ליום 31.12.18",htm,40,,rhtm/1241001-1242000/H1241794.htm,,
1241921,ayalon,2019-07-16 11:39:16.493,solvency,2018FY,"יחס כושר פרעון כללי של חברת הבת, איילון חברה לביטוח, ליום 31.12.18  - תיקון טעות סופר",htm,43,,rhtm/1241001-1242000/H1241921.htm,,
1241921,ayalon,2019-07-16 11:39:16.493,solvency,2018FY,"יחס כושר פרעון כללי של חברת הבת, איילון חברה לביטוח, ליום 31.12.18  - תיקון טעות סופר",pdf1,936,18,rpdf/1241001-1242000/P1241921-00.pdf,data/sources/pdf/ayalon/2018FY/1241921_solvency.pdf,74a2a28601f767edad1ebd1b6c88bd19d5c589ac7f5c5d27f8dbe44b26c87534
1249613,ayalon,2019-08-25 07:48:16.967,liabilities,2019Q2,"מצבת התחייבות החברה ליום 30.6.19, לפי מועדי פרעון",htm,197,,rhtm/1249001-1250000/H1249613.htm,,
1249614,ayalon,2019-08-25 07:54:19.96,quarterly,2019Q2,דוח רבעון 2 לשנת 2019,xbrl,18,,xbrl/1249001-1250000/X1249614.xbrl,,
1249614,ayalon,2019-08-25 07:54:19.96,quarterly,2019Q2,דוח רבעון 2 לשנת 2019,pdf1,2559,122,rpdf/1249001-1250000/P1249614-00.pdf,data/sources/pdf/ayalon/2019Q2/1249614_quarterly.pdf,485708c1a50796cf764f330a604499c8361b520493a1a21c7cad688aae5aa7ac
1249614,ayalon,2019-08-25 07:54:19.96,quarterly,2019Q2,דוח רבעון 2 לשנת 2019,htm,101,,rhtm/1249001-1250000/H1249614.htm,,
1249629,ayalon,2019-08-25 09:12:27.333,presentation,2019Q1,מצגת  משקיעים-סיכום התוצאות הכספיות לחציון הראשון של 2019,pdf1,2361,27,rpdf/1249001-1250000/P1249629-00.pdf,data/sources/pdf/ayalon/2019Q1/1249629_presentation.pdf,96d03a2fb3d30325772627699d1463505e42fe604ee2f44dfbcb7fab6f34ec58
1249629,ayalon,2019-08-25 09:12:27.333,presentation,2019Q1,מצגת  משקיעים-סיכום התוצאות הכספיות לחציון הראשון של 2019,htm,40,,rhtm/1249001-1250000/H1249629.htm,,
1265512,ayalon,2019-11-27 20:07:31.73,liabilities,2019Q3,"מצבת התחייבות החברה ליום 30.9.19, לפי מועדי פרעון",htm,197,,rhtm/1265001-1266000/H1265512.htm,,
1265516,ayalon,2019-11-27 20:11:28.28,quarterly,2019Q3,דוח רבעון 3 לשנת 2019,xbrl,18,,xbrl/1265001-1266000/X1265516.xbrl,,
1265516,ayalon,2019-11-27 20:11:28.28,quarterly,2019Q3,דוח רבעון 3 לשנת 2019,pdf1,2590,125,rpdf/1265001-1266000/P1265516-00.pdf,data/sources/pdf/ayalon/2019Q3/1265516_quarterly.pdf,346b6ccbf950b2531211408d46f4d48c0a2f9850ee629d162edeeac572e11c64
1265516,ayalon,2019-11-27 20:11:28.28,quarterly,2019Q3,דוח רבעון 3 לשנת 2019,htm,101,,rhtm/1265001-1266000/H1265516.htm,,
1265621,ayalon,2019-11-28 09:28:34.04,presentation,2019Q3,"מצגת למשקיעים,תוצאות רבעון 3 2019",pdf1,1836,22,rpdf/1265001-1266000/P1265621-00.pdf,data/sources/pdf/ayalon/2019Q3/1265621_presentation.pdf,c60db52df8b369a3f3a749cedf51da6ed0799eaa1f8deba5b659bc2d3ce11e3c
1265621,ayalon,2019-11-28 09:28:34.04,presentation,2019Q3,"מצגת למשקיעים,תוצאות רבעון 3 2019",htm,41,,rhtm/1265001-1266000/H1265621.htm,,
1270499,ayalon,2019-12-26 14:44:23.593,solvency,2019Q3,"דווח יחס כושר פרעון כללי של החברה הבת, איילון חברה לביטוח ליום 30 ביוני 2019",pdf1,156,4,rpdf/1270001-1271000/P1270499-00.pdf,data/sources/pdf/ayalon/2019Q3/1270499_solvency.pdf,f60d4098f4d85318388f6e34a1a11ed2da42787ee80e42ca15b02f74334aeff6
1270499,ayalon,2019-12-26 14:44:23.593,solvency,2019Q3,"דווח יחס כושר פרעון כללי של החברה הבת, איילון חברה לביטוח ליום 30 ביוני 2019",htm,41,,rhtm/1270001-1271000/H1270499.htm,,
1286360,ayalon,2020-03-26 18:03:22.147,liabilities,2019FY,"מצבת התחייבות החברה ליום 31.12.19, לפי מועדי פרעון",htm,199,,rhtm/1286001-1287000/H1286360.htm,,
1286368,ayalon,2020-03-26 18:11:21.577,annual,2019FY,דוח תקופתי ושנתי לשנת 2019,htm,105,,rhtm/1286001-1287000/H1286368.htm,,
1286368,ayalon,2020-03-26 18:11:21.577,annual,2019FY,דוח תקופתי ושנתי לשנת 2019,pdf1,11247,413,rpdf/1286001-1287000/P1286368-00.pdf,data/sources/pdf/ayalon/2019FY/1286368_annual.pdf,04cd81cdde37a76ddda9f605b400654e2f8eb178589c6c631121bbcab9103006
1286368,ayalon,2020-03-26 18:11:21.577,annual,2019FY,דוח תקופתי ושנתי לשנת 2019,xbrl,19,,xbrl/1286001-1287000/X1286368.xbrl,,
1301863,ayalon,2020-06-16 08:33:35.72,liabilities,2020Q1,"מצבת התחייבות החברה ליום 31.3.20, לפי מועדי פרעון",htm,200,,rhtm/1301001-1302000/H1301863.htm,,
1301867,ayalon,2020-06-16 08:47:30.807,quarterly,2020Q1,דוח רבעון 1 לשנת 2020,htm,104,,rhtm/1301001-1302000/H1301867.htm,,
1301867,ayalon,2020-06-16 08:47:30.807,quarterly,2020Q1,דוח רבעון 1 לשנת 2020,pdf1,3080,111,rpdf/1301001-1302000/P1301867-00.pdf,data/sources/pdf/ayalon/2020Q1/1301867_quarterly.pdf,4336b628d3d35434eb3e0c4a1111bc2bdeaed7760f7c7481f5ea9a3d589098bd
1301867,ayalon,2020-06-16 08:47:30.807,quarterly,2020Q1,דוח רבעון 1 לשנת 2020,xbrl,18,,xbrl/1301001-1302000/X1301867.xbrl,,
1316893,ayalon,2020-08-24 21:26:24.33,liabilities,2020Q2,"מצבת התחייבות החברה ליום 30.6.20, לפי מועדי פרעון",htm,198,,rhtm/1316001-1317000/H1316893.htm,,
1316895,ayalon,2020-08-24 21:32:28.28,quarterly,2020Q2,דוח רבעון 2 לשנת 2020,htm,98,,rhtm/1316001-1317000/H1316895.htm,,
1316895,ayalon,2020-08-24 21:32:28.28,quarterly,2020Q2,דוח רבעון 2 לשנת 2020,pdf1,3446,128,rpdf/1316001-1317000/P1316895-00.pdf,data/sources/pdf/ayalon/2020Q2/1316895_quarterly.pdf,e413fcf65e85c2c0fc74481b2f5409bb4f9ef68e53dbec2ebddf127cc4368956
1316895,ayalon,2020-08-24 21:32:28.28,quarterly,2020Q2,דוח רבעון 2 לשנת 2020,xbrl,18,,xbrl/1316001-1317000/X1316895.xbrl,,
1328479,ayalon,2020-10-28 13:15:28.493,solvency,2019FY,"דוח יחס כושר פרעון כלכלי של איילון חברה לביטוח בע""מ(חברה בת) לתאריך 31.12.2019",htm,41,,rhtm/1328001-1329000/H1328479.htm,,
1328479,ayalon,2020-10-28 13:15:28.493,solvency,2019FY,"דוח יחס כושר פרעון כלכלי של איילון חברה לביטוח בע""מ(חברה בת) לתאריך 31.12.2019",pdf1,247,19,rpdf/1328001-1329000/P1328479-00.pdf,data/sources/pdf/ayalon/2019FY/1328479_solvency.pdf,89201b09954d1becc0ef7dc436261937a88c9f288000a238ef86b3382c0f64d8
1335146,ayalon,2020-11-26 16:30:23.623,liabilities,2020Q3,"מצבת התחייבות החברה ליום 30.9.20, לפי מועדי פרעון",htm,198,,rhtm/1335001-1336000/H1335146.htm,,
1335147,ayalon,2020-11-26 16:34:20.513,quarterly,2020Q3,דוח רבעון 3 לשנת 2020,htm,98,,rhtm/1335001-1336000/H1335147.htm,,
1335147,ayalon,2020-11-26 16:34:20.513,quarterly,2020Q3,דוח רבעון 3 לשנת 2020,pdf1,3728,127,rpdf/1335001-1336000/P1335147-00.pdf,data/sources/pdf/ayalon/2020Q3/1335147_quarterly.pdf,bf3bc4e0322b02d9a6cf27c6d6d9d11d7d8b5ad61ad71c8a7d848bacdc57a2e6
1335147,ayalon,2020-11-26 16:34:20.513,quarterly,2020Q3,דוח רבעון 3 לשנת 2020,xbrl,18,,xbrl/1335001-1336000/X1335147.xbrl,,
1335162,ayalon,2020-11-26 17:23:21.763,presentation,2020Q3,"מצגת לשוק ההון, דוחות ליום 30.9.20",htm,41,,rhtm/1335001-1336000/H1335162.htm,,
1335162,ayalon,2020-11-26 17:23:21.763,presentation,2020Q3,"מצגת לשוק ההון, דוחות ליום 30.9.20",pdf1,4504,19,rpdf/1335001-1336000/P1335162-00.pdf,data/sources/pdf/ayalon/2020Q3/1335162_presentation.pdf,96bfb3bcd13b436fda618d8e1c729bcc9c9b4e54357a26f4c0a1a6a57a546464
1360767,ayalon,2021-03-25 18:01:29.557,liabilities,2020FY,"מצבת התחייבות החברה ליום 31.12.20, לפי מועדי פרעון",htm,198,,rhtm/1360001-1361000/H1360767.htm,,
1360772,ayalon,2021-03-25 18:08:22.623,annual,2020FY,דוח תקופתי ושנתי לשנת 2020,htm,100,,rhtm/1360001-1361000/H1360772.htm,,
1360772,ayalon,2021-03-25 18:08:22.623,annual,2020FY,דוח תקופתי ושנתי לשנת 2020,xbrl,19,,xbrl/1360001-1361000/X1360772.xbrl,,
1360772,ayalon,2021-03-25 18:08:22.623,annual,2020FY,דוח תקופתי ושנתי לשנת 2020,pdf1,10505,425,rpdf/1360001-1361000/P1360772-00.pdf,data/sources/pdf/ayalon/2020FY/1360772_annual.pdf,7816a9f06fd44338622aeb54d908f3bf7d84885cf804f4257d908b913214ce03
1361027,ayalon,2021-03-26 11:46:19.647,presentation,2020FY,"מצגת למשקיעים, דוחות לשנת 2020",htm,41,,rhtm/1361001-1362000/H1361027.htm,,
1361027,ayalon,2021-03-26 11:46:19.647,presentation,2020FY,"מצגת למשקיעים, דוחות לשנת 2020",pdf1,4263,20,rpdf/1361001-1362000/P1361027-00.pdf,data/sources/pdf/ayalon/2020FY/1361027_presentation.pdf,27d7c5fd87e0eb8fda28b8f97e11c92dacb8936765ba567ef85ec01407e565d6
1372044,ayalon,2021-05-26 07:56:15.173,liabilities,2021Q1,"מצבת התחייבות החברה ליום 31.3.21, לפי מועדי פרעון",htm,197,,rhtm/1372001-1373000/H1372044.htm,,
1372046,ayalon,2021-05-26 08:01:25.11,quarterly,2021Q1,דוח רבעון 1 לשנת 2021,htm,99,,rhtm/1372001-1373000/H1372046.htm,,
1372046,ayalon,2021-05-26 08:01:25.11,quarterly,2021Q1,דוח רבעון 1 לשנת 2021,pdf1,3347,102,rpdf/1372001-1373000/P1372046-00.pdf,data/sources/pdf/ayalon/2021Q1/1372046_quarterly.pdf,1d49b7557014b05a17c79f94a55fb2c3d49d89248dd0233600355b11830e1d36
1372046,ayalon,2021-05-26 08:01:25.11,quarterly,2021Q1,דוח רבעון 1 לשנת 2021,xbrl,18,,xbrl/1372001-1373000/X1372046.xbrl,,
1372080,ayalon,2021-05-26 08:52:33.827,presentation,2021Q1,מצגת למשקיעים-סיכום תוצאות כספיות לרבעון ה- I של שנת 2021,pdf1,4581,20,rpdf/1372001-1373000/P1372080-00.pdf,data/sources/pdf/ayalon/2021Q1/1372080_presentation.pdf,643964cde806683d405cc657b47440686aa21dc75bace7cda77b41ee3d64e2f4
1372080,ayalon,2021-05-26 08:52:33.827,presentation,2021Q1,מצגת למשקיעים-סיכום תוצאות כספיות לרבעון ה- I של שנת 2021,htm,41,,rhtm/1372001-1373000/H1372080.htm,,
1382828,ayalon,2021-06-30 16:31:24.2,solvency,2020FY,"דווח בדבר יחס כושר פרעון כללי של איילון חברה לביטוח (בת),ליום 30.12.20",pdf1,1087,22,rpdf/1382001-1383000/P1382828-00.pdf,data/sources/pdf/ayalon/2020FY/1382828_solvency.pdf,681f48b5500a3719d90f16b0f06386cb233f08d134716cfd42892e6ead361e49
1382828,ayalon,2021-06-30 16:31:24.2,solvency,2020FY,"דווח בדבר יחס כושר פרעון כללי של איילון חברה לביטוח (בת),ליום 30.12.20",htm,41,,rhtm/1382001-1383000/H1382828.htm,,
1386232,ayalon,2021-07-13 16:03:23.69,presentation,2021Q2,מצגת משקיעים-סיכום תוצאות כספיות לרבעון ה-I של שנת 2021,pdf1,4203,20,rpdf/1386001-1387000/P1386232-00.pdf,data/sources/pdf/ayalon/2021Q2/1386232_presentation.pdf,69aef52ae7bc304196a268e17e3cc9a02b1bf659de9ee43a788f8e93dab55e23
1386232,ayalon,2021-07-13 16:03:23.69,presentation,2021Q2,מצגת משקיעים-סיכום תוצאות כספיות לרבעון ה-I של שנת 2021,htm,41,,rhtm/1386001-1387000/H1386232.htm,,
1396567,ayalon,2021-08-25 08:33:17.447,liabilities,2021Q2,"מצבת התחייבות החברה ליום 30.6.21, לפי מועדי פרעון",htm,197,,rhtm/1396001-1397000/H1396567.htm,,
1396568,ayalon,2021-08-25 08:37:22.843,quarterly,2021Q2,דוח רבעון 2/חצי שנתי לשנת 2021,htm,99,,rhtm/1396001-1397000/H1396568.htm,,
1396568,ayalon,2021-08-25 08:37:22.843,quarterly,2021Q2,דוח רבעון 2/חצי שנתי לשנת 2021,pdf1,3320,119,rpdf/1396001-1397000/P1396568-00.pdf,data/sources/pdf/ayalon/2021Q2/1396568_quarterly.pdf,3854b31c97b3fe0cb21e9c83734678d5db64f33ced387351510be291a5e297f1
1396568,ayalon,2021-08-25 08:37:22.843,quarterly,2021Q2,דוח רבעון 2/חצי שנתי לשנת 2021,xbrl,18,,xbrl/1396001-1397000/X1396568.xbrl,,
1396574,ayalon,2021-08-25 08:59:18.73,presentation,2021Q2,מצגת לשוק ההון - סיכום תוצאות כספיות חציון 2021,htm,41,,rhtm/1396001-1397000/H1396574.htm,,
1396574,ayalon,2021-08-25 08:59:18.73,presentation,2021Q2,מצגת לשוק ההון - סיכום תוצאות כספיות חציון 2021,pdf1,3640,21,rpdf/1396001-1397000/P1396574-00.pdf,data/sources/pdf/ayalon/2021Q2/1396574_presentation.pdf,942a9bff12482bad8e4f7da0a6ce6b19acb6743921f3f3463b0aae246245579d
1415351,ayalon,2021-11-30 19:19:13.17,liabilities,2021Q3,"מצבת התחייבות החברה ליום 30.9.21, לפי מועדי פרעון",htm,197,,rhtm/1415001-1416000/H1415351.htm,,
1415353,ayalon,2021-11-30 19:23:26.703,quarterly,2021Q3,דוח רבעון 3 לשנת 2021,htm,99,,rhtm/1415001-1416000/H1415353.htm,,
1415353,ayalon,2021-11-30 19:23:26.703,quarterly,2021Q3,דוח רבעון 3 לשנת 2021,pdf1,3416,126,rpdf/1415001-1416000/P1415353-00.pdf,data/sources/pdf/ayalon/2021Q3/1415353_quarterly.pdf,def3bda69962db158b34f3f6c25f2235a7e27b7586b4359ecb8a72324b186773
1415353,ayalon,2021-11-30 19:23:26.703,quarterly,2021Q3,דוח רבעון 3 לשנת 2021,xbrl,18,,xbrl/1415001-1416000/X1415353.xbrl,,
1415363,ayalon,2021-11-30 19:59:24.25,presentation,2021Q3,מצגת -סיכום תוצאות כספיות לתקופה של תשעה חודשים שהסתיימו ביום 30.9.21,pdf1,3313,18,rpdf/1415001-1416000/P1415363-00.pdf,data/sources/pdf/ayalon/2021Q3/1415363_presentation.pdf,c65b4eb70e15d4a20e00d963c4f177cd0ca65677be032e1fec284f147cb16d00
1415363,ayalon,2021-11-30 19:59:24.25,presentation,2021Q3,מצגת -סיכום תוצאות כספיות לתקופה של תשעה חודשים שהסתיימו ביום 30.9.21,htm,41,,rhtm/1415001-1416000/H1415363.htm,,
1440757,ayalon,2022-03-30 17:00:20.673,liabilities,2021FY,"מצבת התחייבות החברה ליום 31.12.21, לפי מועדי פרעון",htm,197,,rhtm/1440001-1441000/H1440757.htm,,
1440784,ayalon,2022-03-30 17:19:28.693,annual,2021FY,דוח תקופתי ושנתי לשנת 2021,htm,100,,rhtm/1440001-1441000/H1440784.htm,,
1440784,ayalon,2022-03-30 17:19:28.693,annual,2021FY,דוח תקופתי ושנתי לשנת 2021,pdf1,12847,456,rpdf/1440001-1441000/P1440784-00.pdf,data/sources/pdf/ayalon/2021FY/1440784_annual.pdf,32e6dfc807f55d1576a0a409b55936d9905dab3afe4af2324e4b888728407811
1440784,ayalon,2022-03-30 17:19:28.693,annual,2021FY,דוח תקופתי ושנתי לשנת 2021,xbrl,19,,xbrl/1440001-1441000/X1440784.xbrl,,
1440790,ayalon,2022-03-30 17:45:24.063,presentation,2021FY,מצגת משקיעים-סיכום תוצאות כספיות לשנת 2021,htm,41,,rhtm/1440001-1441000/H1440790.htm,,
1440790,ayalon,2022-03-30 17:45:24.063,presentation,2021FY,מצגת משקיעים-סיכום תוצאות כספיות לשנת 2021,pdf1,3246,17,rpdf/1440001-1441000/P1440790-00.pdf,data/sources/pdf/ayalon/2021FY/1440790_presentation.pdf,9710121fda561e20662a394fe998c568b884fdc9fbd00fd198b85d3e544699c0
1453839,ayalon,2022-05-31 14:46:19.96,liabilities,2022Q1,"מצבת התחייבות החברה ליום 31.3.22, לפי מועדי פרעון",htm,197,,rhtm/1453001-1454000/H1453839.htm,,
1453845,ayalon,2022-05-31 15:00:31.727,quarterly,2022Q1,דוח רבעון 1 לשנת 2022,htm,99,,rhtm/1453001-1454000/H1453845.htm,,
1453845,ayalon,2022-05-31 15:00:31.727,quarterly,2022Q1,דוח רבעון 1 לשנת 2022,pdf1,3463,112,rpdf/1453001-1454000/P1453845-00.pdf,data/sources/pdf/ayalon/2022Q1/1453845_quarterly.pdf,8daf4e4a45df18030c7e6bfab11063ccf091f6228e09dfeed3e370e4e33c94e0
1453845,ayalon,2022-05-31 15:00:31.727,quarterly,2022Q1,דוח רבעון 1 לשנת 2022,xbrl,18,,xbrl/1453001-1454000/X1453845.xbrl,,
1453857,ayalon,2022-05-31 15:35:21.183,solvency,2022Q1,דווח יחס כושר פרעון כללי - איילון חב' לביטוח (בת),htm,41,,rhtm/1453001-1454000/H1453857.htm,,
1453857,ayalon,2022-05-31 15:35:21.183,solvency,2022Q1,דווח יחס כושר פרעון כללי - איילון חב' לביטוח (בת),pdf1,1603,20,rpdf/1453001-1454000/P1453857-00.pdf,data/sources/pdf/ayalon/2022Q1/1453857_solvency.pdf,50633b8e5f98c7ed48a210c5d4a31b83e724f79ae28c08d4f7f2082a6c2db3df
1453872,ayalon,2022-05-31 16:00:21.487,presentation,2022Q1,"מצגת למשקיעים, רבעון 1 2022",htm,41,,rhtm/1453001-1454000/H1453872.htm,,
1453872,ayalon,2022-05-31 16:00:21.487,presentation,2022Q1,"מצגת למשקיעים, רבעון 1 2022",pdf1,3246,20,rpdf/1453001-1454000/P1453872-00.pdf,data/sources/pdf/ayalon/2022Q1/1453872_presentation.pdf,66a5bd5f6fa2759eb03b1608aa9654a6c0ba9d607074d00c4ffaa761b8a0b924
1458076,ayalon,2022-06-22 09:01:29.547,solvency,2022Q1,"פניית ווישור למנהל עיזבון החז' לוי רחמני בק""ע נתוני דוח יחס כושר הפרעון שפורסמו ע""י איילון,פרטים",htm,44,,rhtm/1458001-1459000/H1458076.htm,,
1458076,ayalon,2022-06-22 09:01:29.547,solvency,2022Q1,"פניית ווישור למנהל עיזבון החז' לוי רחמני בק""ע נתוני דוח יחס כושר הפרעון שפורסמו ע""י איילון,פרטים",pdf1,124,2,rpdf/1458001-1459000/P1458076-00.pdf,data/sources/pdf/ayalon/2022Q1/1458076_solvency.pdf,fe36cb385cafaf300285074cd4e5d83059a8681372948f96fb43ae16265f8806
1472731,ayalon,2022-08-25 07:31:30.567,quarterly,2022Q2,דוח רבעון 2/חצי שנתי לשנת 2022,htm,99,,rhtm/1472001-1473000/H1472731.htm,,
1472731,ayalon,2022-08-25 07:31:30.567,quarterly,2022Q2,דוח רבעון 2/חצי שנתי לשנת 2022,xbrl,18,,xbrl/1472001-1473000/X1472731.xbrl,,
1472731,ayalon,2022-08-25 07:31:30.567,quarterly,2022Q2,דוח רבעון 2/חצי שנתי לשנת 2022,pdf1,3535,125,rpdf/1472001-1473000/P1472731-00.pdf,data/sources/pdf/ayalon/2022Q2/1472731_quarterly.pdf,282c51b066bc7283ff26f65f58eec3f1d0c13c5be37679b7e717b08a4c784986
1488014,ayalon,2022-11-24 08:30:21.607,quarterly,2022Q3,דוח רבעון 3 לשנת 2022,htm,99,,rhtm/1488001-1489000/H1488014.htm,,
1488014,ayalon,2022-11-24 08:30:21.607,quarterly,2022Q3,דוח רבעון 3 לשנת 2022,pdf1,3475,135,rpdf/1488001-1489000/P1488014-00.pdf,data/sources/pdf/ayalon/2022Q3/1488014_quarterly.pdf,aeab6f591f155c15ee4b6f5bc1bb89118cec0aaff42ba0b51a4a132678c608a2
1488014,ayalon,2022-11-24 08:30:21.607,quarterly,2022Q3,דוח רבעון 3 לשנת 2022,xbrl,18,,xbrl/1488001-1489000/X1488014.xbrl,,
1488015,ayalon,2022-11-24 08:50:19.553,solvency,2022Q2,דוח יחס כושר פירעון כלכלי ליום 30.6.22,htm,41,,rhtm/1488001-1489000/H1488015.htm,,
1488015,ayalon,2022-11-24 08:50:19.553,solvency,2022Q2,דוח יחס כושר פירעון כלכלי ליום 30.6.22,pdf1,1471,18,rpdf/1488001-1489000/P1488015-00.pdf,data/sources/pdf/ayalon/2022Q2/1488015_solvency.pdf,c79acf28c2fa3306d17152ad5fa89a7dd3e3b19d12cfa487e6ee8ced51b018c1
1488287,ayalon,2022-11-24 19:19:22.14,presentation,2022Q3,מצגת משקיעים- רבעון 3 לשנת 2022,htm,41,,rhtm/1488001-1489000/H1488287.htm,,
1488287,ayalon,2022-11-24 19:19:22.14,presentation,2022Q3,מצגת משקיעים- רבעון 3 לשנת 2022,pdf1,2681,20,rpdf/1488001-1489000/P1488287-00.pdf,data/sources/pdf/ayalon/2022Q3/1488287_presentation.pdf,41cdb32491e795ec5b7ca786afd4d2d9ee9ff699af79400f47e8903135a0aeb8
1488787,ayalon,2022-11-28 10:26:17,quarterly,2022Q3,דוח רבעון 3 לשנת 2022- תיקון דוח,pdf1,3679,135,rpdf/1488001-1489000/P1488787-00.pdf,data/sources/pdf/ayalon/2022Q3/1488787_quarterly.pdf,6b097e4b6219a8d4435b029bd66fd6a73d4fd434ed02378aa0a2c48933a83d8b
1488787,ayalon,2022-11-28 10:26:17,quarterly,2022Q3,דוח רבעון 3 לשנת 2022- תיקון דוח,xbrl,18,,xbrl/1488001-1489000/X1488787.xbrl,,
1488787,ayalon,2022-11-28 10:26:17,quarterly,2022Q3,דוח רבעון 3 לשנת 2022- תיקון דוח,htm,102,,rhtm/1488001-1489000/H1488787.htm,,
1514161,ayalon,2023-03-29 07:43:17.583,annual,2022FY,דוח תקופתי ושנתי לשנת 2022,htm,104,,rhtm/1514001-1515000/H1514161.htm,,
1514161,ayalon,2023-03-29 07:43:17.583,annual,2022FY,דוח תקופתי ושנתי לשנת 2022,pdf1,9936,451,rpdf/1514001-1515000/P1514161-00.pdf,data/sources/pdf/ayalon/2022FY/1514161_annual.pdf,d9a201420251afd1795923e98c314061f7e7f068605aa8b5fb37472f7568c872
1514161,ayalon,2023-03-29 07:43:17.583,annual,2022FY,דוח תקופתי ושנתי לשנת 2022,xbrl,18,,xbrl/1514001-1515000/X1514161.xbrl,,
1514169,ayalon,2023-03-29 08:13:16.463,presentation,2022FY,מצגת למשקיעים-סיכום תוצאות כספיות לשנת 2022,htm,41,,rhtm/1514001-1515000/H1514169.htm,,
1514169,ayalon,2023-03-29 08:13:16.463,presentation,2022FY,מצגת למשקיעים-סיכום תוצאות כספיות לשנת 2022,pdf1,1847,21,rpdf/1514001-1515000/P1514169-00.pdf,data/sources/pdf/ayalon/2022FY/1514169_presentation.pdf,94e9ddd933604687eb59260910d6bcb75992e03876d52902163e97c83f0c0b37
1524080,ayalon,2023-05-24 15:33:30.72,quarterly,2023Q1,דוח רבעון 1 לשנת 2023,htm,105,,rhtm/1524001-1525000/H1524080.htm,,
1524080,ayalon,2023-05-24 15:33:30.72,quarterly,2023Q1,דוח רבעון 1 לשנת 2023,pdf1,4308,126,rpdf/1524001-1525000/P1524080-00.pdf,data/sources/pdf/ayalon/2023Q1/1524080_quarterly.pdf,cbea2f6ac1a5f528b15296bc949d80600a8482347dd4e06908ffd3d817bb9177
1524080,ayalon,2023-05-24 15:33:30.72,quarterly,2023Q1,דוח רבעון 1 לשנת 2023,xbrl,18,,xbrl/1524001-1525000/X1524080.xbrl,,
1524082,ayalon,2023-05-24 15:37:26.007,liabilities,2023Q1,"מצבת התחייבות החברה ליום 31.3.23, לפי מועדי פרעון",htm,224,,rhtm/1524001-1525000/H1524082.htm,,
1524122,ayalon,2023-05-24 17:02:23.79,presentation,2023Q1,מצגת למשקיעים-סיכום תוצאות כספיות לרבעון ה-1 של שנת 2023,htm,41,,rhtm/1524001-1525000/H1524122.htm,,
1524122,ayalon,2023-05-24 17:02:23.79,presentation,2023Q1,מצגת למשקיעים-סיכום תוצאות כספיות לרבעון ה-1 של שנת 2023,pdf1,1735,20,rpdf/1524001-1525000/P1524122-00.pdf,data/sources/pdf/ayalon/2023Q1/1524122_presentation.pdf,18ac2cf438f1c86055a6dc599dd742aa2f3e993bcb41ef6f31321fb7a29ffc09
1542770,ayalon,2023-08-23 08:13:21.117,quarterly,2023Q2,דוח רבעון 2/חצי שנתי לשנת 2023,xbrl,18,,xbrl/1542001-1543000/X1542770.xbrl,,
1542770,ayalon,2023-08-23 08:13:21.117,quarterly,2023Q2,דוח רבעון 2/חצי שנתי לשנת 2023,htm,105,,rhtm/1542001-1543000/H1542770.htm,,
1542770,ayalon,2023-08-23 08:13:21.117,quarterly,2023Q2,דוח רבעון 2/חצי שנתי לשנת 2023,pdf1,3022,116,rpdf/1542001-1543000/P1542770-00.pdf,data/sources/pdf/ayalon/2023Q2/1542770_quarterly.pdf,902734089f1ec316f75656b940a3cc9ff5968781e367ccb512444884659dcec7
1542771,ayalon,2023-08-23 08:32:25.56,presentation,2023Q2,מצגת למשקיעים - סיכום תוצאות כספיות לרבעון  ה-2 של שנת 2023,htm,41,,rhtm/1542001-1543000/H1542771.htm,,
1542771,ayalon,2023-08-23 08:32:25.56,presentation,2023Q2,מצגת למשקיעים - סיכום תוצאות כספיות לרבעון  ה-2 של שנת 2023,pdf1,1768,20,rpdf/1542001-1543000/P1542771-00.pdf,data/sources/pdf/ayalon/2023Q2/1542771_presentation.pdf,e43e8bdbff8b89456c4140ef5e754debeee156f080adde3e46089d34b13bc900
1542930,ayalon,2023-08-23 15:26:30.6,quarterly,2023Q2,דוח רבעון 2/חצי שנתי לשנת 2023- דוח משלים,htm,107,,rhtm/1542001-1543000/H1542930.htm,,
1542930,ayalon,2023-08-23 15:26:30.6,quarterly,2023Q2,דוח רבעון 2/חצי שנתי לשנת 2023- דוח משלים,pdf1,3162,116,rpdf/1542001-1543000/P1542930-00.pdf,data/sources/pdf/ayalon/2023Q2/1542930_quarterly.pdf,f194564f3ceed6ef6515c0c9015bfbc8b5bad6181b5ab05da058ccd676a375ca
1542930,ayalon,2023-08-23 15:26:30.6,quarterly,2023Q2,דוח רבעון 2/חצי שנתי לשנת 2023- דוח משלים,xbrl,18,,xbrl/1542001-1543000/X1542930.xbrl,,
1559385,ayalon,2023-11-23 13:08:16.04,quarterly,2023Q3,דוח רבעון 3 לשנת 2023,htm,105,,rhtm/1559001-1560000/H1559385.htm,,
1559385,ayalon,2023-11-23 13:08:16.04,quarterly,2023Q3,דוח רבעון 3 לשנת 2023,pdf1,3418,138,rpdf/1559001-1560000/P1559385-00.pdf,data/sources/pdf/ayalon/2023Q3/1559385_quarterly.pdf,43fb08637f12d03aa69a2757063820aefbc245caa433362d268a969c1cf80fd7
1559385,ayalon,2023-11-23 13:08:16.04,quarterly,2023Q3,דוח רבעון 3 לשנת 2023,xbrl,18,,xbrl/1559001-1560000/X1559385.xbrl,,
1559392,ayalon,2023-11-23 13:49:12.57,presentation,2023Q3,מצגת משקיעים רבעון שלישי 2023,htm,42,,rhtm/1559001-1560000/H1559392.htm,,
1559392,ayalon,2023-11-23 13:49:12.57,presentation,2023Q3,מצגת משקיעים רבעון שלישי 2023,pdf1,4207,21,rpdf/1559001-1560000/P1559392-00.pdf,data/sources/pdf/ayalon/2023Q3/1559392_presentation.pdf,8882c262301ff9bf451dbfc7ed26d487d5db357a46ce9a7fa7185ee345742c57
1582270,ayalon,2024-03-26 20:37:14.05,annual,2023FY,דוח תקופתי ושנתי לשנת 2023,htm,106,,rhtm/1582001-1583000/H1582270.htm,,
1582270,ayalon,2024-03-26 20:37:14.05,annual,2023FY,דוח תקופתי ושנתי לשנת 2023,pdf1,9565,389,rpdf/1582001-1583000/P1582270-00.pdf,data/sources/pdf/ayalon/2023FY/1582270_annual.pdf,b6dddee5016db30d08a95de91abb2acb9017d03b354be2cd10565d83d0a18fce
1582270,ayalon,2024-03-26 20:37:14.05,annual,2023FY,דוח תקופתי ושנתי לשנת 2023,xbrl,18,,xbrl/1582001-1583000/X1582270.xbrl,,
1582284,ayalon,2024-03-26 21:41:12.4,presentation,2023FY,מצגת משקיעים -סיכום תוצאות כספיות לשנת 2023,pdf1,3868,28,rpdf/1582001-1583000/P1582284-00.pdf,data/sources/pdf/ayalon/2023FY/1582284_presentation.pdf,5f9181a6b1d31fb0b227ccdeef93829fca407bea6a9e0eebc4bc6a7a1d8ec11b
1582284,ayalon,2024-03-26 21:41:12.4,presentation,2023FY,מצגת משקיעים -סיכום תוצאות כספיות לשנת 2023,htm,41,,rhtm/1582001-1583000/H1582284.htm,,
1593787,ayalon,2024-05-23 08:15:13.9,quarterly,2024Q1,דוח רבעון 1 לשנת 2024,htm,105,,rhtm/1593001-1594000/H1593787.htm,,
1593787,ayalon,2024-05-23 08:15:13.9,quarterly,2024Q1,דוח רבעון 1 לשנת 2024,pdf1,4217,122,rpdf/1593001-1594000/P1593787-00.pdf,data/sources/pdf/ayalon/2024Q1/1593787_quarterly.pdf,e699757a40ff3cea04d3ede1857fd7c01b20c6b09d6c2308f63c83ab796b2171
1593787,ayalon,2024-05-23 08:15:13.9,quarterly,2024Q1,דוח רבעון 1 לשנת 2024,xbrl,18,,xbrl/1593001-1594000/X1593787.xbrl,,
1593791,ayalon,2024-05-23 08:38:13.097,presentation,2024Q1,מצגת משקיעים-רבעון 1 של שנת 2024,pdf1,1998,27,rpdf/1593001-1594000/P1593791-00.pdf,data/sources/pdf/ayalon/2024Q1/1593791_presentation.pdf,1e580c4063254ae7a77da9fc8412fec2861fb9476d7e0400989556d5ed13c9dd
1593791,ayalon,2024-05-23 08:38:13.097,presentation,2024Q1,מצגת משקיעים-רבעון 1 של שנת 2024,htm,41,,rhtm/1593001-1594000/H1593791.htm,,
1593929,ayalon,2024-05-23 12:56:15.46,presentation,2024Q1,מצגת משקיעים-רבעון 1 של שנת 2024 - טעות סופר באופק הדירוג שצויין בשקף 4,htm,45,,rhtm/1593001-1594000/H1593929.htm,,
1593929,ayalon,2024-05-23 12:56:15.46,presentation,2024Q1,מצגת משקיעים-רבעון 1 של שנת 2024 - טעות סופר באופק הדירוג שצויין בשקף 4,pdf1,2049,27,rpdf/1593001-1594000/P1593929-00.pdf,data/sources/pdf/ayalon/2024Q1/1593929_presentation.pdf,4c63fba4d1b0b565c5a45f2513d38dfea15296c341091886d8b30b55b315de12
1612483,ayalon,2024-08-21 16:04:12.5,quarterly,2024Q2,דוח רבעון 2/חצי שנתי לשנת 2024,xbrl,18,,xbrl/1612001-1613000/X1612483.xbrl,,
1612483,ayalon,2024-08-21 16:04:12.5,quarterly,2024Q2,דוח רבעון 2/חצי שנתי לשנת 2024,htm,112,,rhtm/1612001-1613000/H1612483.htm,,
1612483,ayalon,2024-08-21 16:04:12.5,quarterly,2024Q2,דוח רבעון 2/חצי שנתי לשנת 2024,pdf1,2894,114,rpdf/1612001-1613000/P1612483-00.pdf,data/sources/pdf/ayalon/2024Q2/1612483_quarterly.pdf,439121c76a3ca23aa52308e9b145b239e6db99f81676e3835af3f816901a3a1b
1612486,ayalon,2024-08-21 16:27:12.84,presentation,2024Q2,מצגת משקיעים רבעון 2 2024,htm,42,,rhtm/1612001-1613000/H1612486.htm,,
1612486,ayalon,2024-08-21 16:27:12.84,presentation,2024Q2,מצגת משקיעים רבעון 2 2024,pdf1,1918,29,rpdf/1612001-1613000/P1612486-00.pdf,data/sources/pdf/ayalon/2024Q2/1612486_presentation.pdf,33781b9abaa9e8e8a0a091595d50a87db1d25a73aec582894f458779c0da613a
1629496,ayalon,2024-11-27 08:10:15.177,quarterly,2024Q3,דוח רבעון 3 לשנת 2024,pdf1,5319,180,rpdf/1629001-1630000/P1629496-00.pdf,data/sources/pdf/ayalon/2024Q3/1629496_quarterly.pdf,fec9b14b2b72915ad40d1029673ff9d06710a45b80886870615c2e9a8f2e212d
1629496,ayalon,2024-11-27 08:10:15.177,quarterly,2024Q3,דוח רבעון 3 לשנת 2024,xbrl,18,,xbrl/1629001-1630000/X1629496.xbrl,,
1629496,ayalon,2024-11-27 08:10:15.177,quarterly,2024Q3,דוח רבעון 3 לשנת 2024,htm,112,,rhtm/1629001-1630000/H1629496.htm,,
1629500,ayalon,2024-11-27 08:32:13.6,presentation,2024Q3,מצגת משקיעים רבעון 3 2024,htm,42,,rhtm/1629001-1630000/H1629500.htm,,
1629500,ayalon,2024-11-27 08:32:13.6,presentation,2024Q3,מצגת משקיעים רבעון 3 2024,pdf1,2891,36,rpdf/1629001-1630000/P1629500-00.pdf,data/sources/pdf/ayalon/2024Q3/1629500_presentation.pdf,e5e4fb8943867aec5d36c85c4aecefb2558134636a3695dbcf7f2bed375d3585
1651699,ayalon,2025-03-18 08:10:59.927,annual,2024FY,דוח תקופתי ושנתי לשנת 2024,pdf1,10911,470,rpdf/1651001-1652000/P1651699-00.pdf,data/sources/pdf/ayalon/2024FY/1651699_annual.pdf,ee60086036a7291d9cc35ddf9652f08cf6082047fb805e0368ccf43847d131ab
1651699,ayalon,2025-03-18 08:10:59.927,annual,2024FY,דוח תקופתי ושנתי לשנת 2024,htm,115,,rhtm/1651001-1652000/H1651699.htm,,
1651699,ayalon,2025-03-18 08:10:59.927,annual,2024FY,דוח תקופתי ושנתי לשנת 2024,xbrl,18,,xbrl/1651001-1652000/X1651699.xbrl,,
1651706,ayalon,2025-03-18 08:38:04.417,presentation,2024FY,מצגת תוצאות כספיות לשנת 2024,pdf1,2414,44,rpdf/1651001-1652000/P1651706-00.pdf,data/sources/pdf/ayalon/2024FY/1651706_presentation.pdf,97dad906611c7d29702a5d7e28f32776687e289266e5eaaf07c2ff16a2835dc2
1651706,ayalon,2025-03-18 08:38:04.417,presentation,2024FY,מצגת תוצאות כספיות לשנת 2024,htm,42,,rhtm/1651001-1652000/H1651706.htm,,
1668051,ayalon,2025-05-29 08:03:03.247,quarterly,2025Q1,דוח רבעון 1 לשנת 2025,xbrl,18,,xbrl/1668001-1669000/X1668051.xbrl,,
1668051,ayalon,2025-05-29 08:03:03.247,quarterly,2025Q1,דוח רבעון 1 לשנת 2025,pdf1,4527,173,rpdf/1668001-1669000/P1668051-00.pdf,data/sources/pdf/ayalon/2025Q1/1668051_quarterly.pdf,369f0efe9151bc865b8a89037a8f70636d1339c378a268e68cb7482f63ce2e8d
1668051,ayalon,2025-05-29 08:03:03.247,quarterly,2025Q1,דוח רבעון 1 לשנת 2025,htm,115,,rhtm/1668001-1669000/H1668051.htm,,
1668061,ayalon,2025-05-29 08:27:04.21,presentation,2025Q1,מצגת משקיעים-סיכום תוצאות כספיות רבעון 1 2025,pdf1,4163,36,rpdf/1668001-1669000/P1668061-00.pdf,data/sources/pdf/ayalon/2025Q1/1668061_presentation.pdf,0be70b19f307b5fe6a3e12b45b1b445d1cae68a440ab6641274327cc2efff90b
1668061,ayalon,2025-05-29 08:27:04.21,presentation,2025Q1,מצגת משקיעים-סיכום תוצאות כספיות רבעון 1 2025,htm,41,,rhtm/1668001-1669000/H1668061.htm,,
1687518,ayalon,2025-08-24 12:01:04.717,quarterly,2025Q2,דוח רבעון 2/חצי שנתי לשנת 2025,xbrl,18,,xbrl/1687001-1688000/X1687518.xbrl,,
1687518,ayalon,2025-08-24 12:01:04.717,quarterly,2025Q2,דוח רבעון 2/חצי שנתי לשנת 2025,pdf1,5477,168,rpdf/1687001-1688000/P1687518-00.pdf,data/sources/pdf/ayalon/2025Q2/1687518_quarterly.pdf,f6d91e60b80f95e77e9462ca4f81f6b3ee8eb676357a8c6dd2f5f64ba015142d
1687518,ayalon,2025-08-24 12:01:04.717,quarterly,2025Q2,דוח רבעון 2/חצי שנתי לשנת 2025,htm,115,,rhtm/1687001-1688000/H1687518.htm,,
1687527,ayalon,2025-08-24 12:25:05.533,presentation,2025Q2,מצגת משקיעים-סיכום תוצאות כספיות-רבעון 2 2025,pdf1,5855,43,rpdf/1687001-1688000/P1687527-00.pdf,data/sources/pdf/ayalon/2025Q2/1687527_presentation.pdf,7b08e84a931d2567c5b1ce095aac5cb4a518c887da707d853607b6958a1dad33
1687527,ayalon,2025-08-24 12:25:05.533,presentation,2025Q2,מצגת משקיעים-סיכום תוצאות כספיות-רבעון 2 2025,htm,41,,rhtm/1687001-1688000/H1687527.htm,,
1706060,ayalon,2025-11-27 11:40:03.84,quarterly,2025Q3,דוח רבעון 3 לשנת 2025,xbrl,18,,xbrl/1706001-1707000/X1706060.xbrl,,
1706060,ayalon,2025-11-27 11:40:03.84,quarterly,2025Q3,דוח רבעון 3 לשנת 2025,pdf1,4540,215,rpdf/1706001-1707000/P1706060-00.pdf,data/sources/pdf/ayalon/2025Q3/1706060_quarterly.pdf,61cb8b1b89b8e3e408e0af593c1a673f56785bf792a871d6a28f735d7250de67
1706060,ayalon,2025-11-27 11:40:03.84,quarterly,2025Q3,דוח רבעון 3 לשנת 2025,htm,115,,rhtm/1706001-1707000/H1706060.htm,,
1706064,ayalon,2025-11-27 12:02:03.58,presentation,2025Q3,מצגת משקיעים לרבעון 3 לשנת 2025,pdf1,5313,41,rpdf/1706001-1707000/P1706064-00.pdf,data/sources/pdf/ayalon/2025Q3/1706064_presentation.pdf,22b092344ead8aa4652c346535bea9e544dde64335e8e88263c7e1648111d569
1706064,ayalon,2025-11-27 12:02:03.58,presentation,2025Q3,מצגת משקיעים לרבעון 3 לשנת 2025,htm,42,,rhtm/1706001-1707000/H1706064.htm,,
1732151,ayalon,2026-03-30 08:23:07.747,annual,2025FY,דוח תקופתי ושנתי לשנת 2025,xbrl,18,,xbrl/1732001-1733000/X1732151.xbrl,,
1732151,ayalon,2026-03-30 08:23:07.747,annual,2025FY,דוח תקופתי ושנתי לשנת 2025,pdf1,8023,515,rpdf/1732001-1733000/P1732151-00.pdf,data/sources/pdf/ayalon/2025FY/1732151_annual.pdf,7bd3ac2bbfa4845c096d752e67994a0b0314b8db04f8545cb4abe58d06c8e6a7
1732151,ayalon,2026-03-30 08:23:07.747,annual,2025FY,דוח תקופתי ושנתי לשנת 2025,htm,116,,rhtm/1732001-1733000/H1732151.htm,,
1732158,ayalon,2026-03-30 08:46:05.553,presentation,2025FY,מצגת משקיעים,pdf1,5009,42,rpdf/1732001-1733000/P1732158-00.pdf,data/sources/pdf/ayalon/2025FY/1732158_presentation.pdf,0580ba4e4d8423a8cc6d9fc2280fa2338bb047c05443b476996e6878b1fffd78
1732158,ayalon,2026-03-30 08:46:05.553,presentation,2025FY,מצגת משקיעים,htm,42,,rhtm/1732001-1733000/H1732158.htm,,
1743839,ayalon,2026-05-27 07:25:02.947,quarterly,2026Q1,דוח רבעון 1 לשנת 2026,htm,116,,rhtm/1743001-1744000/H1743839.htm,,
1743839,ayalon,2026-05-27 07:25:02.947,quarterly,2026Q1,דוח רבעון 1 לשנת 2026,pdf1,3967,168,rpdf/1743001-1744000/P1743839-00.pdf,data/sources/pdf/ayalon/2026Q1/1743839_quarterly.pdf,ed9e83ff79db286c350cc402f3c7b9ac3a91805248532bc498658edd45339c40
1743839,ayalon,2026-05-27 07:25:02.947,quarterly,2026Q1,דוח רבעון 1 לשנת 2026,xbrl,18,,xbrl/1743001-1744000/X1743839.xbrl,,
1743844,ayalon,2026-05-27 07:52:01.357,presentation,2026Q1,"מצגת משקיעים-סיכום תוצאות כספיות רבעון 1, 2026",htm,42,,rhtm/1743001-1744000/H1743844.htm,,
1743844,ayalon,2026-05-27 07:52:01.357,presentation,2026Q1,"מצגת משקיעים-סיכום תוצאות כספיות רבעון 1, 2026",pdf1,3948,29,rpdf/1743001-1744000/P1743844-00.pdf,data/sources/pdf/ayalon/2026Q1/1743844_presentation.pdf,24529725a0a5de190be5318e16084d896555b1152bbf4a5ca3d411bcb7e17455
1764938,ayalon,2026-08-20 14:11:03.397,quarterly,2026Q2,דוח רבעון 2/חצי שנתי לשנת 2026,htm,116,,rhtm/1764001-1765000/H1764938.htm,,
1764938,ayalon,2026-08-20 14:11:03.397,quarterly,2026Q2,דוח רבעון 2/חצי שנתי לשנת 2026,pdf1,5964,181,rpdf/1764001-1765000/P1764938-00.pdf,data/sources/pdf/ayalon/2026Q2/1764938_quarterly.pdf,a201f28de7ea4ffad146e1bab0e8e291f0892f6bb0252f9eef0d9af1369cef1f
1764938,ayalon,2026-08-20 14:11:03.397,quarterly,2026Q2,דוח רבעון 2/חצי שנתי לשנת 2026,xbrl,18,,xbrl/1764001-1765000/X1764938.xbrl,,
1764942,ayalon,2026-08-20 14:33:03.233,presentation,2026Q2,מצגת-סיכום תוצאות הרבעון השני לשנת 2026,htm,42,,rhtm/1764001-1765000/H1764942.htm,,
1764942,ayalon,2026-08-20 14:33:03.233,presentation,2026Q2,מצגת-סיכום תוצאות הרבעון השני לשנת 2026,pdf1,3212,30,rpdf/1764001-1765000/P1764942-00.pdf,data/sources/pdf/ayalon/2026Q2/1764942_presentation.pdf,a98ba73164e18dd237b4bb96aadb2db7146c3d8cc1dfed0c8d3dacd9f3da4191
1220153,clal,2019-03-27 08:37:27.557,annual,2018FY,דוח תקופתי ושנתי לשנת 2018,pdf1,7102,516,rpdf/1220001-1221000/P1220153-00.pdf,data/sources/pdf/clal/2018FY/1220153_annual.pdf,6082ab74c4d5e35666c72fbc64eac53cc25205c52ab90b107487a2cfa51e27dc
1220153,clal,2019-03-27 08:37:27.557,annual,2018FY,דוח תקופתי ושנתי לשנת 2018,xbrl,19,,xbrl/1220001-1221000/X1220153.xbrl,,
1220154,clal,2019-03-27 08:40:31.29,liabilities,2018FY,"מצבת התחייבות החברה ליום 31.12.18, לפי מועדי פרעון",htm,197,,rhtm/1220001-1221000/H1220154.htm,,
1220156,clal,2019-03-27 09:06:15.533,presentation,2018FY,מצגת לשוק ההון-דוחות כספיים 2018,htm,40,,rhtm/1220001-1221000/H1220156.htm,,
1220156,clal,2019-03-27 09:06:15.533,presentation,2018FY,מצגת לשוק ההון-דוחות כספיים 2018,pdf1,958,16,rpdf/1220001-1221000/P1220156-00.pdf,data/sources/pdf/clal/2018FY/1220156_presentation.pdf,6a19359190f39a0618261c7b17ab1da93f1eb8718cb656a9d4c593ba3605076a
1231944,clal,2019-05-29 08:43:34.44,quarterly,2019Q1,דוח רבעון 1 לשנת 2019,pdf1,1175,130,rpdf/1231001-1232000/P1231944-00.pdf,data/sources/pdf/clal/2019Q1/1231944_quarterly.pdf,ae6f628f81d6df6aa33b2f84ddf55308c4870e9b9c7c22ddccdfffc35b0a17b9
1231944,clal,2019-05-29 08:43:34.44,quarterly,2019Q1,דוח רבעון 1 לשנת 2019,xbrl,19,,xbrl/1231001-1232000/X1231944.xbrl,,
1231946,clal,2019-05-29 08:45:24.313,liabilities,2019Q1,"מצבת התחייבות החברה ליום 31.3.19, לפי מועדי פרעון",htm,197,,rhtm/1231001-1232000/H1231946.htm,,
1231947,clal,2019-05-29 09:09:24.357,presentation,2019Q1,מצגת לשוק ההון-רבעון ראשון 2019,htm,40,,rhtm/1231001-1232000/H1231947.htm,,
1231947,clal,2019-05-29 09:09:24.357,presentation,2019Q1,מצגת לשוק ההון-רבעון ראשון 2019,pdf1,955,15,rpdf/1231001-1232000/P1231947-00.pdf,data/sources/pdf/clal/2019Q1/1231947_presentation.pdf,da1d80bb2e320bb2169f0a6a7d709b74a2dfb0922a4c3b115bcf75cd1d1b40df
1232214,clal,2019-05-29 17:43:25.867,quarterly,2019Q1,דוח רבעון 1 לשנת 2019 - תיקון-הוספת שורה בבאור 4(ה) בדוח הכספי,pdf1,1182,130,rpdf/1232001-1233000/P1232214-00.pdf,data/sources/pdf/clal/2019Q1/1232214_quarterly.pdf,e9f17ccf4b60a559b7ad9eb7fdfde21dd78609381fadcb085fd93f6607395da6
1232214,clal,2019-05-29 17:43:25.867,quarterly,2019Q1,דוח רבעון 1 לשנת 2019 - תיקון-הוספת שורה בבאור 4(ה) בדוח הכספי,xbrl,19,,xbrl/1232001-1233000/X1232214.xbrl,,
1232214,clal,2019-05-29 17:43:25.867,quarterly,2019Q1,דוח רבעון 1 לשנת 2019 - תיקון-הוספת שורה בבאור 4(ה) בדוח הכספי,htm,107,,rhtm/1232001-1233000/H1232214.htm,,
1241616,clal,2019-07-15 09:36:31.44,solvency,2018FY,דוח יחס כושר פירעון כלכלי ליום 31.12.18,htm,41,,rhtm/1241001-1242000/H1241616.htm,,
1241616,clal,2019-07-15 09:36:31.44,solvency,2018FY,דוח יחס כושר פירעון כלכלי ליום 31.12.18,pdf1,640,22,rpdf/1241001-1242000/P1241616-00.pdf,data/sources/pdf/clal/2018FY/1241616_solvency.pdf,847092d373e466a711475a92df809ef5cedc25aeea456369f8ef325fd12f9f78
1249050,clal,2019-08-21 08:28:19.18,quarterly,2019Q2,דוח רבעון 2 לשנת 2019,xbrl,19,,xbrl/1249001-1250000/X1249050.xbrl,,
1249050,clal,2019-08-21 08:28:19.18,quarterly,2019Q2,דוח רבעון 2 לשנת 2019,htm,104,,rhtm/1249001-1250000/H1249050.htm,,
1249050,clal,2019-08-21 08:28:19.18,quarterly,2019Q2,דוח רבעון 2 לשנת 2019,pdf1,1197,148,rpdf/1249001-1250000/P1249050-00.pdf,data/sources/pdf/clal/2019Q2/1249050_quarterly.pdf,cad8c85db758e555da199edb14594ac22b3e709d9f48258153107f6b754b9a5e
1249053,clal,2019-08-21 08:32:16.833,liabilities,2019Q2,"מצבת התחייבות החברה ליום 30.6.19, לפי מועדי פרעון",htm,197,,rhtm/1249001-1250000/H1249053.htm,,
1249074,clal,2019-08-21 09:31:17.753,presentation,2019Q2,מצגת דוחות כספיים לתקופה ינואר-יוני 2019,htm,40,,rhtm/1249001-1250000/H1249074.htm,,
1249074,clal,2019-08-21 09:31:17.753,presentation,2019Q2,מצגת דוחות כספיים לתקופה ינואר-יוני 2019,pdf1,2132,24,rpdf/1249001-1250000/P1249074-00.pdf,data/sources/pdf/clal/2019Q2/1249074_presentation.pdf,aee8166a273d41f9b6a6fb3140608c66fd38c7c706fd0c675417c1cf560e918f
1266045,clal,2019-11-28 18:36:25.43,quarterly,2019Q3,דוח רבעון 3 לשנת 2019,htm,104,,rhtm/1266001-1267000/H1266045.htm,,
1266045,clal,2019-11-28 18:36:25.43,quarterly,2019Q3,דוח רבעון 3 לשנת 2019,pdf1,1368,160,rpdf/1266001-1267000/P1266045-00.pdf,data/sources/pdf/clal/2019Q3/1266045_quarterly.pdf,342bbd5ac802b56773f9d497a50aa63268b3abe8b3a12e7139eabb54fef066d5
1266045,clal,2019-11-28 18:36:25.43,quarterly,2019Q3,דוח רבעון 3 לשנת 2019,xbrl,19,,xbrl/1266001-1267000/X1266045.xbrl,,
1266046,clal,2019-11-28 18:38:16.187,liabilities,2019Q3,"מצבת התחייבות החברה ליום 30.9.19, לפי מועדי פרעון",htm,197,,rhtm/1266001-1267000/H1266046.htm,,
1266049,clal,2019-11-28 19:00:29.02,presentation,2019Q3,מצגת לשוק ההון-דוחות כספיים לתקופ ינואר-ספטמבר 19,pdf1,2973,23,rpdf/1266001-1267000/P1266049-00.pdf,data/sources/pdf/clal/2019Q3/1266049_presentation.pdf,87e09d1a93beb3f38af7f598a374384d275b5126b6db537b6ab1781481720f7d
1266049,clal,2019-11-28 19:00:29.02,presentation,2019Q3,מצגת לשוק ההון-דוחות כספיים לתקופ ינואר-ספטמבר 19,htm,41,,rhtm/1266001-1267000/H1266049.htm,,
1286349,clal,2020-03-26 17:49:16.58,liabilities,2019FY,"מצבת התחייבות החברה ליום 31.12.19, לפי מועדי פרעון",htm,199,,rhtm/1286001-1287000/H1286349.htm,,
1286531,clal,2020-03-27 09:47:26.25,annual,2019FY,דוח תקופתי ושנתי לשנת 2019,pdf1,7753,518,rpdf/1286001-1287000/P1286531-00.pdf,data/sources/pdf/clal/2019FY/1286531_annual.pdf,8134a978fdcc7dd58f05a27854bd3fece98dc2e984316dac1deea3ddbfd06277
1286531,clal,2020-03-27 09:47:26.25,annual,2019FY,דוח תקופתי ושנתי לשנת 2019,xbrl,20,,xbrl/1286001-1287000/X1286531.xbrl,,
1286531,clal,2020-03-27 09:47:26.25,annual,2019FY,דוח תקופתי ושנתי לשנת 2019,htm,108,,rhtm/1286001-1287000/H1286531.htm,,
1286532,clal,2020-03-27 10:17:15.13,presentation,2020FY,מצגת לשוק ההון  - מרץ 2020,pdf1,5909,22,rpdf/1286001-1287000/P1286532-00.pdf,data/sources/pdf/clal/2020FY/1286532_presentation.pdf,798d63f2537d30577d848632046b2d3b5479362f2f0fe9a3ac0d394e6dc58bc3
1286532,clal,2020-03-27 10:17:15.13,presentation,2020FY,מצגת לשוק ההון  - מרץ 2020,htm,44,,rhtm/1286001-1287000/H1286532.htm,,
1286544,clal,2020-03-27 11:48:20.077,presentation,2020FY,מצגת שוק ההון - מרץ 2020 - תיקון תצוגת נתונים,htm,46,,rhtm/1286001-1287000/H1286544.htm,,
1286544,clal,2020-03-27 11:48:20.077,presentation,2020FY,מצגת שוק ההון - מרץ 2020 - תיקון תצוגת נתונים,pdf1,2705,22,rpdf/1286001-1287000/P1286544-00.pdf,data/sources/pdf/clal/2020FY/1286544_presentation.pdf,90c401ff1a6a7b8d4281e2e5bec37379997e8d5c63c988cf21e40b41a19f2ee8
1294854,clal,2020-05-12 11:20:17.4,quarterly,2020Q2,תיישם ארכה לפרסום דוח רבעון 1 2020 כך שיפורסם עד ליום 30.6.20,htm,44,,rhtm/1294001-1295000/H1294854.htm,,
1302728,clal,2020-06-18 22:22:13.207,quarterly,2020Q1,דוח רבעון 1 לשנת 2020,htm,107,,rhtm/1302001-1303000/H1302728.htm,,
1302728,clal,2020-06-18 22:22:13.207,quarterly,2020Q1,דוח רבעון 1 לשנת 2020,xbrl,19,,xbrl/1302001-1303000/X1302728.xbrl,,
1302728,clal,2020-06-18 22:22:13.207,quarterly,2020Q1,דוח רבעון 1 לשנת 2020,pdf1,1864,144,rpdf/1302001-1303000/P1302728-00.pdf,data/sources/pdf/clal/2020Q1/1302728_quarterly.pdf,678f66e7fa150484ef6a330d3a1b16a5b2956d955bb4831bd26f125c62d690bc
1302729,clal,2020-06-18 22:25:14.45,liabilities,2020Q1,"מצבת התחייבות החברה ליום 31.3.20, לפי מועדי פרעון",htm,200,,rhtm/1302001-1303000/H1302729.htm,,
1302730,clal,2020-06-18 22:44:12.067,presentation,2020Q1,מצגת לשוק ההון -יוני 2020,pdf1,1404,18,rpdf/1302001-1303000/P1302730-00.pdf,data/sources/pdf/clal/2020Q1/1302730_presentation.pdf,fbd8aaebd3e7b04a35d82462db0e779c6ae19677845b121570397b8bc80eb0b8
1302730,clal,2020-06-18 22:44:12.067,presentation,2020Q1,מצגת לשוק ההון -יוני 2020,htm,44,,rhtm/1302001-1303000/H1302730.htm,,
1316410,clal,2020-08-23 08:10:16.853,quarterly,2020Q2,דוח רבעון 2 לשנת 2020,pdf1,1549,164,rpdf/1316001-1317000/P1316410-00.pdf,data/sources/pdf/clal/2020Q2/1316410_quarterly.pdf,8ab00f324d46b024fce945be14199be8a379eae848a434222721c4898cfca023
1316410,clal,2020-08-23 08:10:16.853,quarterly,2020Q2,דוח רבעון 2 לשנת 2020,htm,101,,rhtm/1316001-1317000/H1316410.htm,,
1316410,clal,2020-08-23 08:10:16.853,quarterly,2020Q2,דוח רבעון 2 לשנת 2020,xbrl,19,,xbrl/1316001-1317000/X1316410.xbrl,,
1316414,clal,2020-08-23 08:15:25.197,liabilities,2020Q2,"מצבת התחייבות החברה ליום 30.6.20, לפי מועדי פרעון",htm,198,,rhtm/1316001-1317000/H1316414.htm,,
1316412,clal,2020-08-23 08:32:23.107,presentation,2020Q2,מצגת לשוק ההון-דוחות כספיים לתקופה ינואר – יוני 2020,pdf1,2977,22,rpdf/1316001-1317000/P1316412-00.pdf,data/sources/pdf/clal/2020Q2/1316412_presentation.pdf,e608f33e4c4063bc8fb609bd24667d7a842176f58449b522590a318910f4cb56
1316412,clal,2020-08-23 08:32:23.107,presentation,2020Q2,מצגת לשוק ההון-דוחות כספיים לתקופה ינואר – יוני 2020,htm,42,,rhtm/1316001-1317000/H1316412.htm,,
1328856,clal,2020-10-29 18:53:19.273,solvency,2019FY,התקבל אישור הממונה להנפקת מכשיר הון רובד 1; דוח יחס כושר פרעון כלכלי של כלל ביטוח (בת) ליום 31.12.2019,pdf1,384,24,rpdf/1328001-1329000/P1328856-00.pdf,data/sources/pdf/clal/2019FY/1328856_solvency.pdf,fa0517b6dfb41bc87fe89c99e847d9fbf3ff327a9c9d25fb34be35e3cbe49dc0
1328856,clal,2020-10-29 18:53:19.273,solvency,2019FY,התקבל אישור הממונה להנפקת מכשיר הון רובד 1; דוח יחס כושר פרעון כלכלי של כלל ביטוח (בת) ליום 31.12.2019,htm,45,,rhtm/1328001-1329000/H1328856.htm,,
1328958,clal,2020-11-01 09:57:24.557,solvency,2019FY,התקבל אישור הממונה להנפקת מכשיר הון רובד 1; דוח יחס כושר פרעון כלכלי של כלל ביטוח (בת) ליום 31.12.2019  - תיקון טעות סופר,pdf1,363,24,rpdf/1328001-1329000/P1328958-00.pdf,data/sources/pdf/clal/2019FY/1328958_solvency.pdf,9ffbe745997f7d190e54f53a71412e8ddbbfa058276f8664fbbddb1a278e144e
1328958,clal,2020-11-01 09:57:24.557,solvency,2019FY,התקבל אישור הממונה להנפקת מכשיר הון רובד 1; דוח יחס כושר פרעון כלכלי של כלל ביטוח (בת) ליום 31.12.2019  - תיקון טעות סופר,htm,48,,rhtm/1328001-1329000/H1328958.htm,,
1335815,clal,2020-11-30 08:41:25.217,quarterly,2020Q3,דוח רבעון 3 לשנת 2020,xbrl,19,,xbrl/1335001-1336000/X1335815.xbrl,,
1335815,clal,2020-11-30 08:41:25.217,quarterly,2020Q3,דוח רבעון 3 לשנת 2020,pdf1,2036,172,rpdf/1335001-1336000/P1335815-00.pdf,data/sources/pdf/clal/2020Q3/1335815_quarterly.pdf,b073509d9907b01f684c9d74263361926b1597a7cbbee64aba109009cac40ac9
1335815,clal,2020-11-30 08:41:25.217,quarterly,2020Q3,דוח רבעון 3 לשנת 2020,htm,101,,rhtm/1335001-1336000/H1335815.htm,,
1335816,clal,2020-11-30 08:41:25.937,liabilities,2020Q3,"מצבת התחייבות החברה ליום 30.9.20, לפי מועדי פרעון",htm,198,,rhtm/1335001-1336000/H1335816.htm,,
1335830,clal,2020-11-30 09:19:25.847,presentation,2020Q3,מצגת דוחות כספיים ינואר-ספטמבר 2020,htm,42,,rhtm/1335001-1336000/H1335830.htm,,
1335830,clal,2020-11-30 09:19:25.847,presentation,2020Q3,מצגת דוחות כספיים ינואר-ספטמבר 2020,pdf1,2596,26,rpdf/1335001-1336000/P1335830-00.pdf,data/sources/pdf/clal/2020Q3/1335830_presentation.pdf,358c04ef05cddd48a2c9c18e87f4086eaef4a20a2f8092954b8a06576a7e391c
1361122,clal,2021-03-29 08:40:31.623,annual,2020FY,דוח תקופתי ושנתי לשנת 2020,xbrl,20,,xbrl/1361001-1362000/X1361122.xbrl,,
1361122,clal,2021-03-29 08:40:31.623,annual,2020FY,דוח תקופתי ושנתי לשנת 2020,pdf1,8202,522,rpdf/1361001-1362000/P1361122-00.pdf,data/sources/pdf/clal/2020FY/1361122_annual.pdf,785d0580379da8a20162f4bc63ec72fb5a9395f4d595b77570ea2d179f3bb505
1361122,clal,2021-03-29 08:40:31.623,annual,2020FY,דוח תקופתי ושנתי לשנת 2020,htm,103,,rhtm/1361001-1362000/H1361122.htm,,
1361124,clal,2021-03-29 08:42:20.643,liabilities,2020FY,"מצבת התחייבות החברה ליום 31.12.20, לפי מועדי פרעון",htm,198,,rhtm/1361001-1362000/H1361124.htm,,
1362649,clal,2021-04-05 09:37:19.683,presentation,2020FY,מצגת לשוק ההון - דוחות כספיים לשנת 2020,pdf1,1818,24,rpdf/1362001-1363000/P1362649-00.pdf,data/sources/pdf/clal/2020FY/1362649_presentation.pdf,1063a3c5c896b1ae02218a2d353edad0471693493d86b071b9900f6c9fe0e618
1362649,clal,2021-04-05 09:37:19.683,presentation,2020FY,מצגת לשוק ההון - דוחות כספיים לשנת 2020,htm,41,,rhtm/1362001-1363000/H1362649.htm,,
1373461,clal,2021-05-31 08:35:17.457,quarterly,2021Q1,דוח רבעון 1 לשנת 2021,pdf1,1307,136,rpdf/1373001-1374000/P1373461-00.pdf,data/sources/pdf/clal/2021Q1/1373461_quarterly.pdf,a1b74cb75d4a7a44df5f3ce99c54dc74950c8411e9acd1c53750add4e119e4fc
1373461,clal,2021-05-31 08:35:17.457,quarterly,2021Q1,דוח רבעון 1 לשנת 2021,xbrl,19,,xbrl/1373001-1374000/X1373461.xbrl,,
1373461,clal,2021-05-31 08:35:17.457,quarterly,2021Q1,דוח רבעון 1 לשנת 2021,htm,102,,rhtm/1373001-1374000/H1373461.htm,,
1373462,clal,2021-05-31 08:37:24.517,liabilities,2021Q1,"מצבת התחייבות החברה ליום 31.3.21, לפי מועדי פרעון",htm,197,,rhtm/1373001-1374000/H1373462.htm,,
1373478,clal,2021-05-31 09:19:20.13,presentation,2021Q1,מצגת לשוק ההון,htm,41,,rhtm/1373001-1374000/H1373478.htm,,
1373478,clal,2021-05-31 09:19:20.13,presentation,2021Q1,מצגת לשוק ההון,pdf1,4061,19,rpdf/1373001-1374000/P1373478-00.pdf,data/sources/pdf/clal/2021Q1/1373478_presentation.pdf,dba506ae6cb005be315fae1de696092535a2c7af1c57e141a31aea6dc1a5232c
1382571,clal,2021-06-30 10:04:27.867,solvency,2020FY,דוח יחס כושר פירעון כלכלי ליום 31.12.20,htm,44,,rhtm/1382001-1383000/H1382571.htm,,
1382571,clal,2021-06-30 10:04:27.867,solvency,2020FY,דוח יחס כושר פירעון כלכלי ליום 31.12.20,pdf1,682,27,rpdf/1382001-1383000/P1382571-00.pdf,data/sources/pdf/clal/2020FY/1382571_solvency.pdf,091c55d52a9cb82c3e486ef47d1a4a977204ee72447e7964bc82673c6afc35a7
1395520,clal,2021-08-22 08:34:20.343,quarterly,2021Q2,דוח רבעון 2/חצי שנתי לשנת 2021,xbrl,18,,xbrl/1395001-1396000/X1395520.xbrl,,
1395520,clal,2021-08-22 08:34:20.343,quarterly,2021Q2,דוח רבעון 2/חצי שנתי לשנת 2021,pdf1,4079,149,rpdf/1395001-1396000/P1395520-00.pdf,data/sources/pdf/clal/2021Q2/1395520_quarterly.pdf,f3560be0251b4ae14a40f48aca307ce9d682994f031e2a98dcac9926d80bc2b3
1395520,clal,2021-08-22 08:34:20.343,quarterly,2021Q2,דוח רבעון 2/חצי שנתי לשנת 2021,htm,100,,rhtm/1395001-1396000/H1395520.htm,,
1395521,clal,2021-08-22 08:35:16.597,liabilities,2021Q2,"מצבת התחייבות החברה ליום 30.6.21, לפי מועדי פרעון",htm,197,,rhtm/1395001-1396000/H1395521.htm,,
1395547,clal,2021-08-22 09:20:32.353,presentation,2021Q2,מצגת לשוק ההון-רבעון 2 2021,htm,41,,rhtm/1395001-1396000/H1395547.htm,,
1395547,clal,2021-08-22 09:20:32.353,presentation,2021Q2,מצגת לשוק ההון-רבעון 2 2021,pdf1,4544,23,rpdf/1395001-1396000/P1395547-00.pdf,data/sources/pdf/clal/2021Q2/1395547_presentation.pdf,c9890ae8b4af1e6524ad9330e7d35a0a48ba4c1ca1d6711fe0efc4cbcaacfb44
1414466,clal,2021-11-29 08:19:17.513,quarterly,2021Q3,דוח רבעון 3 לשנת 2021,htm,100,,rhtm/1414001-1415000/H1414466.htm,,
1414466,clal,2021-11-29 08:19:17.513,quarterly,2021Q3,דוח רבעון 3 לשנת 2021,pdf1,3185,145,rpdf/1414001-1415000/P1414466-00.pdf,data/sources/pdf/clal/2021Q3/1414466_quarterly.pdf,9fb1f15ffcf1b5cac10e0e31a98af0b915f7c4513d7c5b0cd032e07a7bc22145
1414466,clal,2021-11-29 08:19:17.513,quarterly,2021Q3,דוח רבעון 3 לשנת 2021,xbrl,18,,xbrl/1414001-1415000/X1414466.xbrl,,
1414467,clal,2021-11-29 08:20:29.963,liabilities,2021Q3,"מצבת התחייבות החברה ליום 30.9.21, לפי מועדי פרעון",htm,197,,rhtm/1414001-1415000/H1414467.htm,,
1414469,clal,2021-11-29 08:42:14.243,presentation,2021Q3,מצגת אנליסטי-רבעון 3  2021,htm,41,,rhtm/1414001-1415000/H1414469.htm,,
1414469,clal,2021-11-29 08:42:14.243,presentation,2021Q3,מצגת אנליסטי-רבעון 3  2021,pdf1,3671,23,rpdf/1414001-1415000/P1414469-00.pdf,data/sources/pdf/clal/2021Q3/1414469_presentation.pdf,2e928b693633138c89fdd7ea9256e4c254fcb9c05182ce880d02b98f558aa6d1
1440586,clal,2022-03-30 13:33:23.427,annual,2021FY,דוח תקופתי ושנתי לשנת 2021,htm,101,,rhtm/1440001-1441000/H1440586.htm,,
1440586,clal,2022-03-30 13:33:23.427,annual,2021FY,דוח תקופתי ושנתי לשנת 2021,pdf1,7857,532,rpdf/1440001-1441000/P1440586-00.pdf,data/sources/pdf/clal/2021FY/1440586_annual.pdf,1910abc730b757d7e64546e6f64daa023d08212de2c6b5ff0c8305c0597cbb7c
1440586,clal,2022-03-30 13:33:23.427,annual,2021FY,דוח תקופתי ושנתי לשנת 2021,xbrl,19,,xbrl/1440001-1441000/X1440586.xbrl,,
1440587,clal,2022-03-30 13:34:18.61,liabilities,2021FY,"מצבת התחייבות החברה ליום 31.12.21, לפי מועדי פרעון",htm,197,,rhtm/1440001-1441000/H1440587.htm,,
1440588,clal,2022-03-30 13:56:24.98,presentation,2021FY,מצגת לשוק ההון,htm,41,,rhtm/1440001-1441000/H1440588.htm,,
1440588,clal,2022-03-30 13:56:24.98,presentation,2021FY,מצגת לשוק ההון,pdf1,4035,22,rpdf/1440001-1441000/P1440588-00.pdf,data/sources/pdf/clal/2021FY/1440588_presentation.pdf,b2a3249bf80fd65cee760cd591c54955b2c1692e435c852deaa6d80638ea66b6
1440836,clal,2022-03-30 18:28:26.86,annual,2021FY,דוח תקופתי ושנתי לשנת 2021- תיקון דוח,htm,104,,rhtm/1440001-1441000/H1440836.htm,,
1440836,clal,2022-03-30 18:28:26.86,annual,2021FY,דוח תקופתי ושנתי לשנת 2021- תיקון דוח,pdf1,8258,532,rpdf/1440001-1441000/P1440836-00.pdf,data/sources/pdf/clal/2021FY/1440836_annual.pdf,bd48bd79eeae3b9a84e660da685dad5d29292c666f62177c0e0ac1034c232aef
1440836,clal,2022-03-30 18:28:26.86,annual,2021FY,דוח תקופתי ושנתי לשנת 2021- תיקון דוח,xbrl,19,,xbrl/1440001-1441000/X1440836.xbrl,,
1453068,clal,2022-05-30 08:48:31.54,quarterly,2022Q1,דוח רבעון 1 לשנת 2022,htm,100,,rhtm/1453001-1454000/H1453068.htm,,
1453068,clal,2022-05-30 08:48:31.54,quarterly,2022Q1,דוח רבעון 1 לשנת 2022,xbrl,18,,xbrl/1453001-1454000/X1453068.xbrl,,
1453068,clal,2022-05-30 08:48:31.54,quarterly,2022Q1,דוח רבעון 1 לשנת 2022,pdf1,2052,136,rpdf/1453001-1454000/P1453068-00.pdf,data/sources/pdf/clal/2022Q1/1453068_quarterly.pdf,0c52d74b6242745110470c57180e973f545c97f4f9cbba04b70fd1fd3fc7cb98
1453074,clal,2022-05-30 08:52:18.62,liabilities,2022Q1,"מצבת התחייבות החברה ליום 31.3.22, לפי מועדי פרעון",htm,197,,rhtm/1453001-1454000/H1453074.htm,,
1453096,clal,2022-05-30 09:23:27.923,solvency,2021FY,דוח יחס כושר פירעון כלכלי של חברת הבת כלל חברה לביטוח ליום 31.12.21,htm,41,,rhtm/1453001-1454000/H1453096.htm,,
1453096,clal,2022-05-30 09:23:27.923,solvency,2021FY,דוח יחס כושר פירעון כלכלי של חברת הבת כלל חברה לביטוח ליום 31.12.21,pdf1,723,26,rpdf/1453001-1454000/P1453096-00.pdf,data/sources/pdf/clal/2021FY/1453096_solvency.pdf,25d1fcfd118c20689af5cb5132e480fd17f52c5d76eeabe43a6c07bb6bda956f
1453123,clal,2022-05-30 09:54:19.393,presentation,2022Q1,מצגת אנליסטים - רבעון 1 2022,htm,41,,rhtm/1453001-1454000/H1453123.htm,,
1453123,clal,2022-05-30 09:54:19.393,presentation,2022Q1,מצגת אנליסטים - רבעון 1 2022,pdf1,2704,25,rpdf/1453001-1454000/P1453123-00.pdf,data/sources/pdf/clal/2022Q1/1453123_presentation.pdf,bb61c8959e325d55b5a3f3e5575abbdb841501ecb31318ba8e2a4f5dee26273a
1471650,clal,2022-08-21 07:45:13.8,quarterly,2022Q2,דוח רבעון 2/חצי שנתי לשנת 2022,pdf1,2256,150,rpdf/1471001-1472000/P1471650-00.pdf,data/sources/pdf/clal/2022Q2/1471650_quarterly.pdf,b65b9e3caa7f82a5e6fa2d7466a11d307d5b10e9c668a47a8c6da6f40f3d8e8a
1471650,clal,2022-08-21 07:45:13.8,quarterly,2022Q2,דוח רבעון 2/חצי שנתי לשנת 2022,htm,100,,rhtm/1471001-1472000/H1471650.htm,,
1471650,clal,2022-08-21 07:45:13.8,quarterly,2022Q2,דוח רבעון 2/חצי שנתי לשנת 2022,xbrl,18,,xbrl/1471001-1472000/X1471650.xbrl,,
1471669,clal,2022-08-21 08:54:20.123,presentation,2022Q2,מצגת לשוק ההון- רבעון 2 לשנת 2022,pdf1,2269,19,rpdf/1471001-1472000/P1471669-00.pdf,data/sources/pdf/clal/2022Q2/1471669_presentation.pdf,3893045b9e01d136e7a102f9b309da7f47621eaf00be07355dbad61e64889799
1471669,clal,2022-08-21 08:54:20.123,presentation,2022Q2,מצגת לשוק ההון- רבעון 2 לשנת 2022,htm,41,,rhtm/1471001-1472000/H1471669.htm,,
1489644,clal,2022-11-30 08:54:31.63,quarterly,2022Q3,דוח רבעון 3 לשנת 2022,htm,100,,rhtm/1489001-1490000/H1489644.htm,,
1489644,clal,2022-11-30 08:54:31.63,quarterly,2022Q3,דוח רבעון 3 לשנת 2022,pdf1,2485,180,rpdf/1489001-1490000/P1489644-00.pdf,data/sources/pdf/clal/2022Q3/1489644_quarterly.pdf,85dd65ea7ef04878cbc7e7fad7c9e1072de93ac877501be9112cbbdb9e2eff0d
1489644,clal,2022-11-30 08:54:31.63,quarterly,2022Q3,דוח רבעון 3 לשנת 2022,xbrl,18,,xbrl/1489001-1490000/X1489644.xbrl,,
1489649,clal,2022-11-30 08:56:22.327,liabilities,2022Q3,"מצבת התחייבות החברה ליום 30.9.22, לפי מועדי פרעון",htm,197,,rhtm/1489001-1490000/H1489649.htm,,
1489661,clal,2022-11-30 09:40:11.42,solvency,2022Q2,"דוח יחס כושר פירעון כלכלי של החברה בת - כלל חברה לביטוח בע""מ ליום 30.06.2022, קובץ שגוי",pdf1,4544,23,rpdf/1489001-1490000/P1489661-00.pdf,data/sources/pdf/clal/2022Q2/1489661_solvency.pdf,952ca6c053e99fbb575080e4acd2e9c4ebc04cda541acbf74cb7018ae50f39ed
1489661,clal,2022-11-30 09:40:11.42,solvency,2022Q2,"דוח יחס כושר פירעון כלכלי של החברה בת - כלל חברה לביטוח בע""מ ליום 30.06.2022, קובץ שגוי",htm,41,,rhtm/1489001-1490000/H1489661.htm,,
1489731,clal,2022-11-30 10:09:17.12,presentation,2022Q3,מצגת אנליסטים-רבעון 3 2022,pdf1,4081,42,rpdf/1489001-1490000/P1489731-00.pdf,data/sources/pdf/clal/2022Q3/1489731_presentation.pdf,b0c49e9272ec46dcb30bf5c807f1450a8e03ef40dd079014512322434c4ce0c2
1489731,clal,2022-11-30 10:09:17.12,presentation,2022Q3,מצגת אנליסטים-רבעון 3 2022,htm,41,,rhtm/1489001-1490000/H1489731.htm,,
1489738,clal,2022-11-30 10:15:28.487,solvency,2022Q2,דוח יחס כושר פירעון כלכלי של כלל חברה לביטוח(בת) לתאריך 30.06.2022,pdf1,291,19,rpdf/1489001-1490000/P1489738-00.pdf,data/sources/pdf/clal/2022Q2/1489738_solvency.pdf,85e40d99ca5f7c4ad3e353257c7d402899dbe7b9cef0e160e8cc04ef5b265462
1489738,clal,2022-11-30 10:15:28.487,solvency,2022Q2,דוח יחס כושר פירעון כלכלי של כלל חברה לביטוח(בת) לתאריך 30.06.2022,htm,41,,rhtm/1489001-1490000/H1489738.htm,,
1515224,clal,2023-03-30 18:18:23.457,annual,2022FY,דוח תקופתי ושנתי לשנת 2022,htm,106,,rhtm/1515001-1516000/H1515224.htm,,
1515224,clal,2023-03-30 18:18:23.457,annual,2022FY,דוח תקופתי ושנתי לשנת 2022,xbrl,19,,xbrl/1515001-1516000/X1515224.xbrl,,
1515224,clal,2023-03-30 18:18:23.457,annual,2022FY,דוח תקופתי ושנתי לשנת 2022,pdf1,10934,777,rpdf/1515001-1516000/P1515224-00.pdf,data/sources/pdf/clal/2022FY/1515224_annual.pdf,dfd436efb49b711e9741b4d1203649e0c3c419fb8274db8cd2dc10ccb7223f1c
1515233,clal,2023-03-30 18:30:31.897,liabilities,2022FY,"מצבת התחייבות החברה ליום 31.12.22, לפי מועדי פרעון",htm,223,,rhtm/1515001-1516000/H1515233.htm,,
1515229,clal,2023-03-30 18:44:27.59,presentation,2022FY,מצגת חברה- דוחות כספיים רבעון 4 2022,htm,41,,rhtm/1515001-1516000/H1515229.htm,,
1515229,clal,2023-03-30 18:44:27.59,presentation,2022FY,מצגת חברה- דוחות כספיים רבעון 4 2022,pdf1,1949,21,rpdf/1515001-1516000/P1515229-00.pdf,data/sources/pdf/clal/2022FY/1515229_presentation.pdf,4455359f6a1dec2056c7a99bbec6172907ffaaa7bee36c7ed70570c6d3b3da7d
1525412,clal,2023-05-31 08:32:24.653,quarterly,2023Q1,דוח רבעון 1 לשנת 2023,htm,106,,rhtm/1525001-1526000/H1525412.htm,,
1525412,clal,2023-05-31 08:32:24.653,quarterly,2023Q1,דוח רבעון 1 לשנת 2023,pdf1,5042,334,rpdf/1525001-1526000/P1525412-00.pdf,data/sources/pdf/clal/2023Q1/1525412_quarterly.pdf,0ffe53eb53e8833912f0e0c4531be7210721ca48f4a82ebd9e1595cd1da6545e
1525412,clal,2023-05-31 08:32:24.653,quarterly,2023Q1,דוח רבעון 1 לשנת 2023,xbrl,18,,xbrl/1525001-1526000/X1525412.xbrl,,
1525414,clal,2023-05-31 08:34:15.61,liabilities,2023Q1,"מצבת התחייבות החברה ליום 31.3.23, לפי מועדי פרעון",htm,223,,rhtm/1525001-1526000/H1525414.htm,,
1525476,clal,2023-05-31 09:52:27.45,presentation,2023Q1,מצגת לשוק ההון,htm,41,,rhtm/1525001-1526000/H1525476.htm,,
1525476,clal,2023-05-31 09:52:27.45,presentation,2023Q1,מצגת לשוק ההון,pdf1,1179,16,rpdf/1525001-1526000/P1525476-00.pdf,data/sources/pdf/clal/2023Q1/1525476_presentation.pdf,ba9b66b16b9000eefa97ba64033479515bfee851c4694264f9c7dd8ba6a6cd4a
1541686,clal,2023-08-17 09:14:30.29,subsidiary,2023Q2,דוח כספי של חברת הבת מקס איט פיננסים ליום 30.6.23,pdf1,2508,,rpdf/1541001-1542000/P1541686-00.pdf,,
1541686,clal,2023-08-17 09:14:30.29,subsidiary,2023Q2,דוח כספי של חברת הבת מקס איט פיננסים ליום 30.6.23,htm,41,,rhtm/1541001-1542000/H1541686.htm,,
1542010,clal,2023-08-20 08:54:19.77,quarterly,2023Q2,דוח רבעון 2/חצי שנתי לשנת 2023,htm,106,,rhtm/1542001-1543000/H1542010.htm,,
1542010,clal,2023-08-20 08:54:19.77,quarterly,2023Q2,דוח רבעון 2/חצי שנתי לשנת 2023,xbrl,18,,xbrl/1542001-1543000/X1542010.xbrl,,
1542010,clal,2023-08-20 08:54:19.77,quarterly,2023Q2,דוח רבעון 2/חצי שנתי לשנת 2023,pdf1,5974,352,rpdf/1542001-1543000/P1542010-00.pdf,data/sources/pdf/clal/2023Q2/1542010_quarterly.pdf,3ff79c0dc263a1012403cfdaee64b27a5772dc99664a7a0cf6e700c87d924991
1542031,clal,2023-08-20 09:12:29.413,liabilities,2023Q2,"מצבת התחייבות החברה ליום 30.6.23, לפי מועדי פרעון",htm,223,,rhtm/1542001-1543000/H1542031.htm,,
1542034,clal,2023-08-20 09:33:16.39,presentation,2023Q2,מצגת שוק ההון,htm,44,,rhtm/1542001-1543000/H1542034.htm,,
1542034,clal,2023-08-20 09:33:16.39,presentation,2023Q2,מצגת שוק ההון,pdf1,1226,17,rpdf/1542001-1543000/P1542034-00.pdf,data/sources/pdf/clal/2023Q2/1542034_presentation.pdf,eea04af5f149fdb8042b607489ecfd904dcc87895cc11fa23de8fb9b1e89a86a
1560506,clal,2023-11-29 09:11:14.83,subsidiary,2023Q3,"דוח כספי של חברת הבת מקס איט פיננסים בע""מ ליום 30.9.23",pdf1,2864,,rpdf/1560001-1561000/P1560506-00.pdf,,
1560506,clal,2023-11-29 09:11:14.83,subsidiary,2023Q3,"דוח כספי של חברת הבת מקס איט פיננסים בע""מ ליום 30.9.23",htm,41,,rhtm/1560001-1561000/H1560506.htm,,
1561135,clal,2023-11-30 15:02:12.563,quarterly,2023Q3,דוח רבעון 3 לשנת 2023,htm,106,,rhtm/1561001-1562000/H1561135.htm,,
1561135,clal,2023-11-30 15:02:12.563,quarterly,2023Q3,דוח רבעון 3 לשנת 2023,pdf1,6947,409,rpdf/1561001-1562000/P1561135-00.pdf,data/sources/pdf/clal/2023Q3/1561135_quarterly.pdf,83cf13a23edc96af61d4ec084da31bd47f5b3568217e304b341b695bd6fa5639
1561135,clal,2023-11-30 15:02:12.563,quarterly,2023Q3,דוח רבעון 3 לשנת 2023,xbrl,18,,xbrl/1561001-1562000/X1561135.xbrl,,
1561136,clal,2023-11-30 15:03:13.357,liabilities,2023Q3,"מצבת התחייבות החברה ליום 30.9.23, לפי מועדי פרעון",htm,223,,rhtm/1561001-1562000/H1561136.htm,,
1561141,clal,2023-11-30 15:26:18.927,presentation,2023Q3,מצגת לשוק ההון רבעון 3 לשנת 2023,htm,42,,rhtm/1561001-1562000/H1561141.htm,,
1561141,clal,2023-11-30 15:26:18.927,presentation,2023Q3,מצגת לשוק ההון רבעון 3 לשנת 2023,pdf1,2324,21,rpdf/1561001-1562000/P1561141-00.pdf,data/sources/pdf/clal/2023Q3/1561141_presentation.pdf,d611ac05efa73fa936171f6279e6e8a316630fd1e5bb4be5ef025c84a71e6b82
1561294,clal,2023-11-30 19:22:14.773,presentation,2023Q3,מצגת דוח רבעון 3- תיקון טעות סופר,htm,44,,rhtm/1561001-1562000/H1561294.htm,,
1561294,clal,2023-11-30 19:22:14.773,presentation,2023Q3,מצגת דוח רבעון 3- תיקון טעות סופר,pdf1,2338,21,rpdf/1561001-1562000/P1561294-00.pdf,data/sources/pdf/clal/2023Q3/1561294_presentation.pdf,a53c8502a837b94deeb436c696ee93a9aa9abefb0da56e40826b8219d1c0b9a4
1578845,clal,2024-03-12 09:15:12.14,subsidiary,2023FY,"דוח כספי של חברת הבת מקס איט פיננסים בע""מ ליום 31.12.23",pdf1,3677,,rpdf/1578001-1579000/P1578845-00.pdf,,
1578845,clal,2024-03-12 09:15:12.14,subsidiary,2023FY,"דוח כספי של חברת הבת מקס איט פיננסים בע""מ ליום 31.12.23",htm,41,,rhtm/1578001-1579000/H1578845.htm,,
1582946,clal,2024-03-28 09:24:15.343,annual,2023FY,דוח תקופתי ושנתי לשנת 2023,xbrl,19,,xbrl/1582001-1583000/X1582946.xbrl,,
1582946,clal,2024-03-28 09:24:15.343,annual,2023FY,דוח תקופתי ושנתי לשנת 2023,pdf1,10444,600,rpdf/1582001-1583000/P1582946-00.pdf,data/sources/pdf/clal/2023FY/1582946_annual.pdf,805abfc60511781501a0e82557ab31a4cf88241d21358499fb65673f2436ad10
1582946,clal,2024-03-28 09:24:15.343,annual,2023FY,דוח תקופתי ושנתי לשנת 2023,htm,108,,rhtm/1582001-1583000/H1582946.htm,,
1582953,clal,2024-03-28 09:42:13.57,liabilities,2023FY,"מצבת התחייבות החברה ליום 31.12.23, לפי מועדי פרעון",htm,223,,rhtm/1582001-1583000/H1582953.htm,,
1582949,clal,2024-03-28 09:47:15.123,presentation,2023FY,מצגת לשוק ההון-דוחות כספיים דצמבר 2023,pdf1,390,31,rpdf/1582001-1583000/P1582949-00.pdf,data/sources/pdf/clal/2023FY/1582949_presentation.pdf,cfcc907fd2fc57a23c8926bf4516dcd2b8db4bf9a6a030cbd9037da86885f535
1582949,clal,2024-03-28 09:47:15.123,presentation,2023FY,מצגת לשוק ההון-דוחות כספיים דצמבר 2023,htm,42,,rhtm/1582001-1583000/H1582949.htm,,
1583525,clal,2024-03-28 23:41:15.09,presentation,2023FY,Financial Statements 2023 Investor Presentation,pdf1,377,31,rpdf/1583001-1584000/P1583525-00.pdf,data/sources/pdf/clal/2023FY/1583525_presentation.pdf,9a94314d907280394e495bbe3b2dc618e4b203f9e60d9c6dc9129f95d1dd52c6
1583525,clal,2024-03-28 23:41:15.09,presentation,2023FY,Financial Statements 2023 Investor Presentation,htm,40,,rhtm/1583001-1584000/H1583525.htm,,
1591884,clal,2024-05-12 20:05:16.833,annual,2023FY,The CLAL INSURANCE ENTERPRISES HOLDINGS LTD Periodic Report for 2023 - translated version [The Hebrew periodic report was published on 28 March 2024],pdf1,13052,704,rpdf/1591001-1592000/P1591884-00.pdf,data/sources/pdf/clal/2023FY/1591884_annual.pdf,72fe6d5fa46c882c817ce94ffd57a7a623c40e18e5ad19274c4679645a5ca150
1591884,clal,2024-05-12 20:05:16.833,annual,2023FY,The CLAL INSURANCE ENTERPRISES HOLDINGS LTD Periodic Report for 2023 - translated version [The Hebrew periodic report was published on 28 March 2024],htm,40,,rhtm/1591001-1592000/H1591884.htm,,
1594188,clal,2024-05-26 13:05:27.623,subsidiary,2024Q1,"דוח כספי של חברת הבת מקס איט פיננסים בע""מ ליום 31.3.24",htm,44,,rhtm/1594001-1595000/H1594188.htm,,
1594188,clal,2024-05-26 13:05:27.623,subsidiary,2024Q1,"דוח כספי של חברת הבת מקס איט פיננסים בע""מ ליום 31.3.24",pdf1,2567,,rpdf/1594001-1595000/P1594188-00.pdf,,
1595846,clal,2024-05-30 13:07:14.863,quarterly,2024Q1,דוח רבעון 1 לשנת 2024,htm,106,,rhtm/1595001-1596000/H1595846.htm,,
1595846,clal,2024-05-30 13:07:14.863,quarterly,2024Q1,דוח רבעון 1 לשנת 2024,pdf1,5335,206,rpdf/1595001-1596000/P1595846-00.pdf,data/sources/pdf/clal/2024Q1/1595846_quarterly.pdf,be583a118b133b65db441776d6036a2ba229778490dff8207dc99a63f2bc0668
1595846,clal,2024-05-30 13:07:14.863,quarterly,2024Q1,דוח רבעון 1 לשנת 2024,xbrl,18,,xbrl/1595001-1596000/X1595846.xbrl,,
1595848,clal,2024-05-30 13:17:13.373,liabilities,2024Q1,"מצבת התחייבות החברה ליום 31.3.24, לפי מועדי פרעון",htm,223,,rhtm/1595001-1596000/H1595848.htm,,
1595865,clal,2024-05-30 13:55:15.57,presentation,2024Q1,מצגת- דוח רבעון 1 לשנת 2024,pdf1,393,31,rpdf/1595001-1596000/P1595865-00.pdf,data/sources/pdf/clal/2024Q1/1595865_presentation.pdf,e3f0c8224d3ac32937abf4abfb8b241907eb6f11da555990073d8a2289f60a4c
1595865,clal,2024-05-30 13:55:15.57,presentation,2024Q1,מצגת- דוח רבעון 1 לשנת 2024,htm,42,,rhtm/1595001-1596000/H1595865.htm,,
1596177,clal,2024-05-30 23:46:16.083,presentation,2024Q1,Clal Insurance Enterprises Holdings Financial Statements Q1.2024 Investor Presentation,pdf1,376,31,rpdf/1596001-1597000/P1596177-00.pdf,data/sources/pdf/clal/2024Q1/1596177_presentation.pdf,260834db447405419b6e2f4e90f9d01cb27d0f5d8b04b8044e4150c3198b473d
1596177,clal,2024-05-30 23:46:16.083,presentation,2024Q1,Clal Insurance Enterprises Holdings Financial Statements Q1.2024 Investor Presentation,htm,40,,rhtm/1596001-1597000/H1596177.htm,,
1597932,clal,2024-06-13 09:53:11.957,quarterly,2024Q1,Periodic Report for Q1 2024- translated version [The Hebrew periodic report was published on 30 May 2024],htm,39,,rhtm/1597001-1598000/H1597932.htm,,
1597932,clal,2024-06-13 09:53:11.957,quarterly,2024Q1,Periodic Report for Q1 2024- translated version [The Hebrew periodic report was published on 30 May 2024],pdf1,6090,241,rpdf/1597001-1598000/P1597932-00.pdf,data/sources/pdf/clal/2024Q1/1597932_quarterly.pdf,83e16a6631f9b5c899cd3d523ddd0e22d8b0c6dddd2f6c3090abef5cadaa62fb
1611293,clal,2024-08-18 09:14:16.533,subsidiary,2024Q2,דוח כספי של חברת הבת מקס איט פיננסים ל-30.6.24,pdf1,2773,,rpdf/1611001-1612000/P1611293-00.pdf,,
1611293,clal,2024-08-18 09:14:16.533,subsidiary,2024Q2,דוח כספי של חברת הבת מקס איט פיננסים ל-30.6.24,htm,44,,rhtm/1611001-1612000/H1611293.htm,,
1612196,clal,2024-08-21 08:33:16.537,quarterly,2024Q2,דוח רבעון 2/חצי שנתי לשנת 2024,htm,113,,rhtm/1612001-1613000/H1612196.htm,,
1612196,clal,2024-08-21 08:33:16.537,quarterly,2024Q2,דוח רבעון 2/חצי שנתי לשנת 2024,pdf1,4062,213,rpdf/1612001-1613000/P1612196-00.pdf,data/sources/pdf/clal/2024Q2/1612196_quarterly.pdf,988a8525bc7b177b7ca4cfb149378513153a3eb9b8557bfb34a0310eb074c579
1612196,clal,2024-08-21 08:33:16.537,quarterly,2024Q2,דוח רבעון 2/חצי שנתי לשנת 2024,xbrl,18,,xbrl/1612001-1613000/X1612196.xbrl,,
1612201,clal,2024-08-21 08:39:15.193,liabilities,2024Q1,"מצבת התחייבות החברה ליום 31.3.24, לפי מועדי פרעון",htm,223,,rhtm/1612001-1613000/H1612201.htm,,
1612215,clal,2024-08-21 09:11:36.59,presentation,2024Q2,מצגת אנליסטים,htm,42,,rhtm/1612001-1613000/H1612215.htm,,
1612215,clal,2024-08-21 09:11:36.59,presentation,2024Q2,מצגת אנליסטים,pdf1,363,32,rpdf/1612001-1613000/P1612215-00.pdf,data/sources/pdf/clal/2024Q2/1612215_presentation.pdf,d91bb0920035399f82d374acfd6ec69b79ed0bf39691f24bf73ca693bb1ea030
1612262,clal,2024-08-21 09:30:11.71,liabilities,2024Q2,"מצבת התחייבות החברה ליום 30.6.24, לפי מועדי פרעון - תיקון דוח",htm,226,,rhtm/1612001-1613000/H1612262.htm,,
1612544,clal,2024-08-21 18:47:12.937,presentation,2024Q2,Financial Statements Q2 2024 Investor Presentation,htm,40,,rhtm/1612001-1613000/H1612544.htm,,
1612544,clal,2024-08-21 18:47:12.937,presentation,2024Q2,Financial Statements Q2 2024 Investor Presentation,pdf1,2864,32,rpdf/1612001-1613000/P1612544-00.pdf,data/sources/pdf/clal/2024Q2/1612544_presentation.pdf,8333ae4634ed46ceb10d967193d819d417687e83707682900ce43d3c05d68f67
1615844,clal,2024-09-05 10:41:15.29,quarterly,2024Q2,The CLAL INSURANCE ENTERPRISES HOLDINGS LTD Periodic Report for Q2 2024- translated version [The Hebrew periodic report was published on August 21 2024],htm,40,,rhtm/1615001-1616000/H1615844.htm,,
1615844,clal,2024-09-05 10:41:15.29,quarterly,2024Q2,The CLAL INSURANCE ENTERPRISES HOLDINGS LTD Periodic Report for Q2 2024- translated version [The Hebrew periodic report was published on August 21 2024],pdf1,5058,241,rpdf/1615001-1616000/P1615844-00.pdf,data/sources/pdf/clal/2024Q2/1615844_quarterly.pdf,9e281ad469cfc18abbd0f4e66d03b70e84c83f4869e8357b2c85a32597dc8b7e
1628810,clal,2024-11-25 09:26:15.92,subsidiary,2024Q3,"דוח כספי של חברת הבת מקס איט פיננסים בע""מ ליום 30.9.24",htm,24,,rhtm/1628001-1629000/H1628810.htm,,
1628810,clal,2024-11-25 09:26:15.92,subsidiary,2024Q3,"דוח כספי של חברת הבת מקס איט פיננסים בע""מ ליום 30.9.24",pdf1,1438,,rpdf/1628001-1629000/P1628810-00.pdf,,
1630271,clal,2024-11-28 12:09:13.077,quarterly,2024Q3,דוח רבעון 3 לשנת 2024,pdf1,6576,245,rpdf/1630001-1631000/P1630271-00.pdf,data/sources/pdf/clal/2024Q3/1630271_quarterly.pdf,07202d8e518c0dd1708cdff8dd9036d3c785b7c3511c15bf01e9bf17ce861442
1630271,clal,2024-11-28 12:09:13.077,quarterly,2024Q3,דוח רבעון 3 לשנת 2024,htm,114,,rhtm/1630001-1631000/H1630271.htm,,
1630271,clal,2024-11-28 12:09:13.077,quarterly,2024Q3,דוח רבעון 3 לשנת 2024,xbrl,18,,xbrl/1630001-1631000/X1630271.xbrl,,
1630273,clal,2024-11-28 12:11:14.107,liabilities,2024Q3,"מצבת התחייבות החברה ליום 30.9.24, לפי מועדי פרעון",htm,223,,rhtm/1630001-1631000/H1630273.htm,,
1630272,clal,2024-11-28 12:19:05.063,presentation,2024Q3,מצגת לשוק ההון - רבעון 3/2024,pdf1,336,33,rpdf/1630001-1631000/P1630272-00.pdf,data/sources/pdf/clal/2024Q3/1630272_presentation.pdf,6141c07b82321940c31007168928b168aa04b1ed162d260e364ff864a30dd201
1630272,clal,2024-11-28 12:19:05.063,presentation,2024Q3,מצגת לשוק ההון - רבעון 3/2024,htm,42,,rhtm/1630001-1631000/H1630272.htm,,
1630472,clal,2024-11-28 18:10:15.923,presentation,2024Q3,Financial Statements Q3 2024 Investor Presentation,pdf1,371,33,rpdf/1630001-1631000/P1630472-00.pdf,data/sources/pdf/clal/2024Q3/1630472_presentation.pdf,8e2f6fede1572b6c49f7689ce96fe2caf5110b6c9eb0cf30ef4464ca5f129eee
1630472,clal,2024-11-28 18:10:15.923,presentation,2024Q3,Financial Statements Q3 2024 Investor Presentation,htm,40,,rhtm/1630001-1631000/H1630472.htm,,
1633267,clal,2024-12-12 16:27:15.123,quarterly,2024Q3,"The CLAL INSURANCE ENTERPRISES HOLDINGS LTD Periodic Report for Q3 2024- translated version [The Hebrew periodic report was published on November 28, 2024]",pdf1,5371,270,rpdf/1633001-1634000/P1633267-00.pdf,data/sources/pdf/clal/2024Q3/1633267_quarterly.pdf,36d78815e2ff9b228fe0bfd3097dfccd7b539126e08966493d83250fc5dd406c
1633267,clal,2024-12-12 16:27:15.123,quarterly,2024Q3,"The CLAL INSURANCE ENTERPRISES HOLDINGS LTD Periodic Report for Q3 2024- translated version [The Hebrew periodic report was published on November 28, 2024]",htm,39,,rhtm/1633001-1634000/H1633267.htm,,
1649832,clal,2025-03-09 09:21:02.763,subsidiary,2024FY,"דוח כספי של חברת הבת מקס איט פיננסים בע""מ לשנת 2024",htm,44,,rhtm/1649001-1650000/H1649832.htm,,
1649832,clal,2025-03-09 09:21:02.763,subsidiary,2024FY,"דוח כספי של חברת הבת מקס איט פיננסים בע""מ לשנת 2024",pdf1,2206,,rpdf/1649001-1650000/P1649832-00.pdf,,
1651707,clal,2025-03-18 08:21:00.11,annual,2024FY,דוח תקופתי ושנתי לשנת 2024,xbrl,19,,xbrl/1651001-1652000/X1651707.xbrl,,
1651707,clal,2025-03-18 08:21:00.11,annual,2024FY,דוח תקופתי ושנתי לשנת 2024,htm,121,,rhtm/1651001-1652000/H1651707.htm,,
1651707,clal,2025-03-18 08:21:00.11,annual,2024FY,דוח תקופתי ושנתי לשנת 2024,pdf1,12570,587,rpdf/1651001-1652000/P1651707-00.pdf,data/sources/pdf/clal/2024FY/1651707_annual.pdf,258b77626926b7964a77d3a828019adc5706eb894b10f1ff5ecd777be279b5c9
1651711,clal,2025-03-18 08:29:03.223,liabilities,2024Q3,"מצבת התחייבות החברה ליום 30.9.24, לפי מועדי פרעון",htm,221,,rhtm/1651001-1652000/H1651711.htm,,
1651712,clal,2025-03-18 08:30:59.37,liabilities,2024FY,"מצבת התחייבות החברה ליום 31.12.24, לפי מועדי פרעון - תיקון דוח",htm,224,,rhtm/1651001-1652000/H1651712.htm,,
1651715,clal,2025-03-18 08:56:00.217,presentation,2024FY,מצגת לשוק ההון- רבעון 4/2024,htm,42,,rhtm/1651001-1652000/H1651715.htm,,
1651715,clal,2025-03-18 08:56:00.217,presentation,2024FY,מצגת לשוק ההון- רבעון 4/2024,pdf1,405,37,rpdf/1651001-1652000/P1651715-00.pdf,data/sources/pdf/clal/2024FY/1651715_presentation.pdf,32da5e425153f943c906999c0c993248d1844adf6a8b9c0a3eaf7609149a563f
1651731,clal,2025-03-18 09:10:03.43,presentation,2024FY,מצגת - כנס משקיעים,pdf1,3321,40,rpdf/1651001-1652000/P1651731-00.pdf,data/sources/pdf/clal/2024FY/1651731_presentation.pdf,a6b6fd4df8d7a22cccd9828e488453e96efa62d1fcbd5afc975693339653f816
1651731,clal,2025-03-18 09:10:03.43,presentation,2024FY,מצגת - כנס משקיעים,htm,42,,rhtm/1651001-1652000/H1651731.htm,,
1652013,clal,2025-03-19 09:58:02.137,presentation,2024FY,Financial Statements Q4 2024 Investor Presentation,pdf1,393,37,rpdf/1652001-1653000/P1652013-00.pdf,data/sources/pdf/clal/2024FY/1652013_presentation.pdf,1d68ceaef6c5539e0fb46c5cb2d0e6b28d50b91de5fabd901df2a18b17626d26
1652013,clal,2025-03-19 09:58:02.137,presentation,2024FY,Financial Statements Q4 2024 Investor Presentation,htm,40,,rhtm/1652001-1653000/H1652013.htm,,
1652711,clal,2025-03-23 08:17:01.35,annual,2024FY,דוח תקופתי ושנתי לשנת 2024 -תיקון-תיקון לבאור 47-הוספת יתרת מרווח הסיכון (RA) בגין מגזר ביטוח חיים וחיסכון ארוך טווח,xbrl,19,,xbrl/1652001-1653000/X1652711.xbrl,,
1652711,clal,2025-03-23 08:17:01.35,annual,2024FY,דוח תקופתי ושנתי לשנת 2024 -תיקון-תיקון לבאור 47-הוספת יתרת מרווח הסיכון (RA) בגין מגזר ביטוח חיים וחיסכון ארוך טווח,pdf1,13831,587,rpdf/1652001-1653000/P1652711-00.pdf,data/sources/pdf/clal/2024FY/1652711_annual.pdf,223f48c8faec8afe2833f372463ff86d483519cba119143b397ec606ae486202
1652711,clal,2025-03-23 08:17:01.35,annual,2024FY,דוח תקופתי ושנתי לשנת 2024 -תיקון-תיקון לבאור 47-הוספת יתרת מרווח הסיכון (RA) בגין מגזר ביטוח חיים וחיסכון ארוך טווח,htm,124,,rhtm/1652001-1653000/H1652711.htm,,
1659069,clal,2025-04-21 19:57:05.073,annual,2024FY,דוח תקופתי ושנתי לשנת 2024 - תיקון בבאור 21,pdf1,12763,587,rpdf/1659001-1660000/P1659069-00.pdf,data/sources/pdf/clal/2024FY/1659069_annual.pdf,d75710a92a6b75487de850e60289211c3e331797b4175ba6bc76f53e2eb77764
1659069,clal,2025-04-21 19:57:05.073,annual,2024FY,דוח תקופתי ושנתי לשנת 2024 - תיקון בבאור 21,xbrl,19,,xbrl/1659001-1660000/X1659069.xbrl,,
1659069,clal,2025-04-21 19:57:05.073,annual,2024FY,דוח תקופתי ושנתי לשנת 2024 - תיקון בבאור 21,htm,124,,rhtm/1659001-1660000/H1659069.htm,,
1663072,clal,2025-05-07 15:06:02.063,annual,2024FY,Periodic Report 2024,pdf1,20320,696,rpdf/1663001-1664000/P1663072-00.pdf,data/sources/pdf/clal/2024FY/1663072_annual.pdf,41607e03d55336a98f4cf67468a1d94d6da3c8052246c4913bddaeadbd992e67
1663072,clal,2025-05-07 15:06:02.063,annual,2024FY,Periodic Report 2024,htm,40,,rhtm/1663001-1664000/H1663072.htm,,
1668007,clal,2025-05-29 06:48:04.99,quarterly,2025Q1,דוח רבעון 1 לשנת 2025,pdf1,8196,215,rpdf/1668001-1669000/P1668007-00.pdf,data/sources/pdf/clal/2025Q1/1668007_quarterly.pdf,0f6a3c44f7505d55610470541ba2a4c751d5031b11d45bf313d7441c3f6a7fb8
1668007,clal,2025-05-29 06:48:04.99,quarterly,2025Q1,דוח רבעון 1 לשנת 2025,htm,116,,rhtm/1668001-1669000/H1668007.htm,,
1668007,clal,2025-05-29 06:48:04.99,quarterly,2025Q1,דוח רבעון 1 לשנת 2025,xbrl,18,,xbrl/1668001-1669000/X1668007.xbrl,,
1668008,clal,2025-05-29 06:52:02.513,liabilities,2025Q1,"מצבת התחייבות החברה ליום 31.3.25, לפי מועדי פרעון",htm,221,,rhtm/1668001-1669000/H1668008.htm,,
1668027,clal,2025-05-29 07:55:04.28,presentation,2025Q1,מצגת לשוק ההון-דוחות כספיים מרץ 2025,pdf1,400,25,rpdf/1668001-1669000/P1668027-00.pdf,data/sources/pdf/clal/2025Q1/1668027_presentation.pdf,71b91e54bdf57d8bcd567e50232fc110eaafcb699181ea0621439235b9ef7877
1668027,clal,2025-05-29 07:55:04.28,presentation,2025Q1,מצגת לשוק ההון-דוחות כספיים מרץ 2025,htm,42,,rhtm/1668001-1669000/H1668027.htm,,
1668228,clal,2025-05-29 11:25:03.47,presentation,2025Q1,Financial Statements Q1 2025 Investor Presentation,pdf1,393,25,rpdf/1668001-1669000/P1668228-00.pdf,data/sources/pdf/clal/2025Q1/1668228_presentation.pdf,322efeeb0dcb48a6c757fde8b17f8b5c1f0edc2441e8077f0b7d5fd4e96d63d3
1668228,clal,2025-05-29 11:25:03.47,presentation,2025Q1,Financial Statements Q1 2025 Investor Presentation,htm,40,,rhtm/1668001-1669000/H1668228.htm,,
1671135,clal,2025-06-12 16:35:59.747,quarterly,2025Q1,The CLAL INSURANCE ENTERPRISES HOLDINGS LTD Periodic Report for Q1 2025,htm,39,,rhtm/1671001-1672000/H1671135.htm,,
1671135,clal,2025-06-12 16:35:59.747,quarterly,2025Q1,The CLAL INSURANCE ENTERPRISES HOLDINGS LTD Periodic Report for Q1 2025,pdf1,6451,244,rpdf/1671001-1672000/P1671135-00.pdf,data/sources/pdf/clal/2025Q1/1671135_quarterly.pdf,82421cc5c8f6156cf0eea13939bf58b9bb96b64fd9cdcfbe1ae4031dfdebbcce
1687694,clal,2025-08-25 07:40:02.7,quarterly,2025Q2,דוח רבעון 2/חצי שנתי לשנת 2025,htm,116,,rhtm/1687001-1688000/H1687694.htm,,
1687694,clal,2025-08-25 07:40:02.7,quarterly,2025Q2,דוח רבעון 2/חצי שנתי לשנת 2025,pdf1,5646,216,rpdf/1687001-1688000/P1687694-00.pdf,data/sources/pdf/clal/2025Q2/1687694_quarterly.pdf,4743e525b9c7362f1bd126eb7ead4e6f508d4f1234774901c1a8f63210a2231b
1687694,clal,2025-08-25 07:40:02.7,quarterly,2025Q2,דוח רבעון 2/חצי שנתי לשנת 2025,xbrl,18,,xbrl/1687001-1688000/X1687694.xbrl,,
1687702,clal,2025-08-25 07:53:03.057,liabilities,2025Q2,"מצבת התחייבות החברה ליום 30.6.25, לפי מועדי פרעון",htm,221,,rhtm/1687001-1688000/H1687702.htm,,
1687698,clal,2025-08-25 08:04:03.977,presentation,2025Q2,מצגת לשוק ההון - דוחות כספיים יוני 2025,htm,42,,rhtm/1687001-1688000/H1687698.htm,,
1687698,clal,2025-08-25 08:04:03.977,presentation,2025Q2,מצגת לשוק ההון - דוחות כספיים יוני 2025,pdf1,266,25,rpdf/1687001-1688000/P1687698-00.pdf,data/sources/pdf/clal/2025Q2/1687698_presentation.pdf,74da7008a94474bc6b45dc2ed583175fdd3291095705dd11e6430df45805384a
1687903,clal,2025-08-25 14:46:04.87,presentation,2025Q2,Clal Insurance Enterprises Holdings Financial Statements Q2.2025 Investor Presentation,pdf1,303,25,rpdf/1687001-1688000/P1687903-00.pdf,data/sources/pdf/clal/2025Q2/1687903_presentation.pdf,e147d790ad8deec98957f46bbc66a955b6a14efcf5f2f6cbb6984f9e78b20dc3
1687903,clal,2025-08-25 14:46:04.87,presentation,2025Q2,Clal Insurance Enterprises Holdings Financial Statements Q2.2025 Investor Presentation,htm,21,,rhtm/1687001-1688000/H1687903.htm,,
1691689,clal,2025-09-09 16:36:01.467,quarterly,2025Q2,Periodic Report for Q2 2025- translated version,pdf1,5765,236,rpdf/1691001-1692000/P1691689-00.pdf,data/sources/pdf/clal/2025Q2/1691689_quarterly.pdf,59625bb570269cb67e1fbd28a2871cc4b5b986ed22586c88292a82851e42baa4
1691689,clal,2025-09-09 16:36:01.467,quarterly,2025Q2,Periodic Report for Q2 2025- translated version,htm,39,,rhtm/1691001-1692000/H1691689.htm,,
1705136,clal,2025-11-25 13:51:06.603,quarterly,2025Q3,דוח רבעון 3 לשנת 2025,htm,116,,rhtm/1705001-1706000/H1705136.htm,,
1705136,clal,2025-11-25 13:51:06.603,quarterly,2025Q3,דוח רבעון 3 לשנת 2025,xbrl,18,,xbrl/1705001-1706000/X1705136.xbrl,,
1705136,clal,2025-11-25 13:51:06.603,quarterly,2025Q3,דוח רבעון 3 לשנת 2025,pdf1,7599,245,rpdf/1705001-1706000/P1705136-00.pdf,data/sources/pdf/clal/2025Q3/1705136_quarterly.pdf,45409ab86345d5bbd6a8431cb3d1bbee7418a7b1442997efc6e6df1339f5c5cd
1705146,clal,2025-11-25 14:20:04.537,liabilities,2025Q3,"מצבת התחייבות החברה ליום 30.9.25, לפי מועדי פרעון",htm,221,,rhtm/1705001-1706000/H1705146.htm,,
1705141,clal,2025-11-25 14:28:02.307,presentation,2025Q3,מצגת לשוק ההון רבעון 3 לשנת 2025,htm,42,,rhtm/1705001-1706000/H1705141.htm,,
1705141,clal,2025-11-25 14:28:02.307,presentation,2025Q3,מצגת לשוק ההון רבעון 3 לשנת 2025,pdf1,298,25,rpdf/1705001-1706000/P1705141-00.pdf,data/sources/pdf/clal/2025Q3/1705141_presentation.pdf,f383fd26a4bc005e116a351988a376cc6c859e61670434dec7cd95fd6fd08fd4
1705408,clal,2025-11-26 09:13:25.333,presentation,2025Q3,Financial Statements Q3 2025 Investor Presentation,htm,40,,rhtm/1705001-1706000/H1705408.htm,,
1705408,clal,2025-11-26 09:13:25.333,presentation,2025Q3,Financial Statements Q3 2025 Investor Presentation,pdf1,334,25,rpdf/1705001-1706000/P1705408-00.pdf,data/sources/pdf/clal/2025Q3/1705408_presentation.pdf,f1f25f7041d47e47d7fad6391f808c4f7977208de8b288ddc16adaf3a585e26f
1707197,clal,2025-12-02 09:16:01.97,presentation,2025Q3,מצגת -ינואר עד ספטמבר 2025,htm,43,,rhtm/1707001-1708000/H1707197.htm,,
1707197,clal,2025-12-02 09:16:01.97,presentation,2025Q3,מצגת -ינואר עד ספטמבר 2025,pdf1,2692,26,rpdf/1707001-1708000/P1707197-00.pdf,data/sources/pdf/clal/2025Q3/1707197_presentation.pdf,e825f172317fc9cca88dad9943a579e39e911345f73353ba0c4970813e6b3334
1708568,clal,2025-12-09 09:57:00.153,quarterly,2025Q3,"The CLAL INSURANCE ENTERPRISES HOLDINGS LTD Periodic Report for Q3 2025- translated version [The Hebrew periodic report was published on November 25, 2025]",htm,39,,rhtm/1708001-1709000/H1708568.htm,,
1708568,clal,2025-12-09 09:57:00.153,quarterly,2025Q3,"The CLAL INSURANCE ENTERPRISES HOLDINGS LTD Periodic Report for Q3 2025- translated version [The Hebrew periodic report was published on November 25, 2025]",pdf1,7147,269,rpdf/1708001-1709000/P1708568-00.pdf,data/sources/pdf/clal/2025Q3/1708568_quarterly.pdf,5a3e6aabddc9ac2ca529656e6da0d29d813c9c9b6fc9e545cd1b79dc948bbbde
1721582,clal,2026-02-08 17:45:07.163,presentation,2025FY,מצגת משקיעים,pdf1,2732,26,rpdf/1721001-1722000/P1721582-00.pdf,data/sources/pdf/clal/2025FY/1721582_presentation.pdf,e4e7529506be1c5ab432f8a793b5dd8cf71de3daa3e2ba5162ff7ba2ab78bc74
1721582,clal,2026-02-08 17:45:07.163,presentation,2025FY,מצגת משקיעים,htm,43,,rhtm/1721001-1722000/H1721582.htm,,
1721614,clal,2026-02-08 23:35:05.84,presentation,2025FY,דיווח משלים - למצגת משקיעים,pdf1,2732,26,rpdf/1721001-1722000/P1721614-00.pdf,data/sources/pdf/clal/2025FY/1721614_presentation.pdf,e4e7529506be1c5ab432f8a793b5dd8cf71de3daa3e2ba5162ff7ba2ab78bc74
1721614,clal,2026-02-08 23:35:05.84,presentation,2025FY,דיווח משלים - למצגת משקיעים,htm,46,,rhtm/1721001-1722000/H1721614.htm,,
1727058,clal,2026-03-11 11:25:03.223,annual,2025FY,מקס (בת) פרסמה דוח תקופתי לשנת 2025 ואישרה חלוקת דיבידנד,htm,44,,rhtm/1727001-1728000/H1727058.htm,,
1731052,clal,2026-03-26 07:38:03.503,annual,2025FY,דוח תקופתי ושנתי לשנת 2025,xbrl,19,,xbrl/1731001-1732000/X1731052.xbrl,,
1731052,clal,2026-03-26 07:38:03.503,annual,2025FY,דוח תקופתי ושנתי לשנת 2025,pdf1,11176,597,rpdf/1731001-1732000/P1731052-00.pdf,data/sources/pdf/clal/2025FY/1731052_annual.pdf,38b03b259cf6cc8b3802a9169cb942d1ca1d2aaf3be80aeea2327f7a71a16040
1731052,clal,2026-03-26 07:38:03.503,annual,2025FY,דוח תקופתי ושנתי לשנת 2025,htm,121,,rhtm/1731001-1732000/H1731052.htm,,
1731071,clal,2026-03-26 07:56:02.473,liabilities,2025FY,"מצבת התחייבות החברה ליום 31.12.25, לפי מועדי פרעון",htm,221,,rhtm/1731001-1732000/H1731071.htm,,
1731062,clal,2026-03-26 08:06:02.123,presentation,2025FY,מצגת לשוק ההון - רבעון 4/25,pdf1,4124,29,rpdf/1731001-1732000/P1731062-00.pdf,data/sources/pdf/clal/2025FY/1731062_presentation.pdf,df5188e1c1b529598aa278d557b9023a97cc744c0f23aab1208bc351b24a3451
1731062,clal,2026-03-26 08:06:02.123,presentation,2025FY,מצגת לשוק ההון - רבעון 4/25,htm,42,,rhtm/1731001-1732000/H1731062.htm,,
1731220,clal,2026-03-26 10:54:05.557,presentation,2025FY,אFinancial Statements Q4 2025 Investor Presentation,pdf1,4544,29,rpdf/1731001-1732000/P1731220-00.pdf,data/sources/pdf/clal/2025FY/1731220_presentation.pdf,54b54209ab87a45b95a37ea53a5bc6f19a647464f151c6ec7892bede66d2219d
1731220,clal,2026-03-26 10:54:05.557,presentation,2025FY,אFinancial Statements Q4 2025 Investor Presentation,htm,40,,rhtm/1731001-1732000/H1731220.htm,,
1739645,clal,2026-05-06 15:29:06.557,annual,2025FY,"The CLAL INSURANCE ENTERPRISES HOLDINGS LTD Periodic Report for 2025- translated version [The Hebrew periodic report was published on March 26, 2026]",pdf1,12824,696,rpdf/1739001-1740000/P1739645-00.pdf,data/sources/pdf/clal/2025FY/1739645_annual.pdf,94e4e50053b1730d369e5a565c8c09f24c664dea8f20590ec1acd02b16533230
1739645,clal,2026-05-06 15:29:06.557,annual,2025FY,"The CLAL INSURANCE ENTERPRISES HOLDINGS LTD Periodic Report for 2025- translated version [The Hebrew periodic report was published on March 26, 2026]",htm,40,,rhtm/1739001-1740000/H1739645.htm,,
1744705,clal,2026-05-28 12:38:03.26,quarterly,2026Q1,דוח רבעון 1 לשנת 2026,xbrl,18,,xbrl/1744001-1745000/X1744705.xbrl,,
1744705,clal,2026-05-28 12:38:03.26,quarterly,2026Q1,דוח רבעון 1 לשנת 2026,htm,118,,rhtm/1744001-1745000/H1744705.htm,,
1744705,clal,2026-05-28 12:38:03.26,quarterly,2026Q1,דוח רבעון 1 לשנת 2026,pdf1,5930,194,rpdf/1744001-1745000/P1744705-00.pdf,data/sources/pdf/clal/2026Q1/1744705_quarterly.pdf,f25a4f114f720133cc867369457989e709bf68ce92f912537133782abfe8c858
1744708,clal,2026-05-28 13:02:03.73,presentation,2026Q1,מצגת משקיעים-דוחות כספיים מרץ 2026,pdf1,4103,28,rpdf/1744001-1745000/P1744708-00.pdf,data/sources/pdf/clal/2026Q1/1744708_presentation.pdf,76eff7bd01b888f3ad3890421b97f2cada58f8802f34d9b0008e2bd8743952d8
1744708,clal,2026-05-28 13:02:03.73,presentation,2026Q1,מצגת משקיעים-דוחות כספיים מרץ 2026,htm,22,,rhtm/1744001-1745000/H1744708.htm,,
1744720,clal,2026-05-28 13:10:05.777,liabilities,2026Q1,"מצבת התחייבות החברה ליום 31.3.26, לפי מועדי פרעון",htm,221,,rhtm/1744001-1745000/H1744720.htm,,
1744734,clal,2026-05-28 13:34:04,presentation,2026Q1,מצגת משקיעים לרבעון 1,pdf1,4371,28,rpdf/1744001-1745000/P1744734-00.pdf,data/sources/pdf/clal/2026Q1/1744734_presentation.pdf,3350f61288f28097defe5f6a532e36136d907e206913a77ca0c354359198db86
1744734,clal,2026-05-28 13:34:04,presentation,2026Q1,מצגת משקיעים לרבעון 1,htm,22,,rhtm/1744001-1745000/H1744734.htm,,
1748777,clal,2026-06-11 18:03:01.777,quarterly,2026Q1,Financial Report for Q1 2026- translated version,htm,20,,rhtm/1748001-1749000/H1748777.htm,,
1748777,clal,2026-06-11 18:03:01.777,quarterly,2026Q1,Financial Report for Q1 2026- translated version,pdf1,5669,227,rpdf/1748001-1749000/P1748777-00.pdf,data/sources/pdf/clal/2026Q1/1748777_quarterly.pdf,2eb1776dcd3b18adeb78d12beebf8152b9a4dd11d232d47ff0b89b271acc62a6
1764359,clal,2026-08-19 08:17:00.757,quarterly,2026Q2,דוח רבעון 2/חצי שנתי לשנת 2026,htm,118,,rhtm/1764001-1765000/H1764359.htm,,
1764359,clal,2026-08-19 08:17:00.757,quarterly,2026Q2,דוח רבעון 2/חצי שנתי לשנת 2026,pdf1,6107,196,rpdf/1764001-1765000/P1764359-00.pdf,data/sources/pdf/clal/2026Q2/1764359_quarterly.pdf,a35e811055e15edbaed179f1726e75f28feef197be0fac97985548e054d6b5c0
1764359,clal,2026-08-19 08:17:00.757,quarterly,2026Q2,דוח רבעון 2/חצי שנתי לשנת 2026,xbrl,18,,xbrl/1764001-1765000/X1764359.xbrl,,
1764368,clal,2026-08-19 08:43:03.993,presentation,2026Q2,מצגת לשוק ההון-דוחות כספיים-יוני 2026,pdf1,6368,37,rpdf/1764001-1765000/P1764368-00.pdf,data/sources/pdf/clal/2026Q2/1764368_presentation.pdf,e9ffa10e113b118854a4bda6d0fc10a7a73f93f273302f5b23434ca09122bd87
1764368,clal,2026-08-19 08:43:03.993,presentation,2026Q2,מצגת לשוק ההון-דוחות כספיים-יוני 2026,htm,42,,rhtm/1764001-1765000/H1764368.htm,,
1764396,clal,2026-08-19 08:49:03.683,liabilities,2026Q2,"מצבת התחייבות החברה ליום 30.6.26, לפי מועדי פרעון",htm,221,,rhtm/1764001-1765000/H1764396.htm,,
1764399,clal,2026-08-19 09:08:59.407,presentation,2026Q2,Q2.2026 Investor Presentation,htm,21,,rhtm/1764001-1765000/H1764399.htm,,
1764399,clal,2026-08-19 09:08:59.407,presentation,2026Q2,Q2.2026 Investor Presentation,pdf1,7080,37,rpdf/1764001-1765000/P1764399-00.pdf,data/sources/pdf/clal/2026Q2/1764399_presentation.pdf,72a382f2bfa823e216331be9d2759543e117ae35c7f31f153c638606dec76a95
1768662,clal,2026-09-03 15:11:00.053,quarterly,2026Q2,The CLAL INSURANCE ENTERPRISES HOLDINGS LTD Financial Report for Q2 2026- translated version,htm,20,,rhtm/1768001-1769000/H1768662.htm,,
1768662,clal,2026-09-03 15:11:00.053,quarterly,2026Q2,The CLAL INSURANCE ENTERPRISES HOLDINGS LTD Financial Report for Q2 2026- translated version,pdf1,6533,229,rpdf/1768001-1769000/P1768662-00.pdf,data/sources/pdf/clal/2026Q2/1768662_quarterly.pdf,c2cdb6f42f79a3b8afa5607ab337b46cd79b376b8aec538f3362bae5fadc3b02
1208144,hachshara,2019-01-08 12:47:23.047,presentation,2019FY,"מצגת בק""ע בחינת הרחבת כתבי התחייבות נדחים (אג""ח 4)-ינואר 2019",pdf1,1946,21,rpdf/1208001-1209000/P1208144-00.pdf,data/sources/pdf/hachshara/2019FY/1208144_presentation.pdf,c9819935ce90f9f5a26ca7133bcf74fa03b4373aa5ecdd243177f6c58ce64f64
1208144,hachshara,2019-01-08 12:47:23.047,presentation,2019FY,"מצגת בק""ע בחינת הרחבת כתבי התחייבות נדחים (אג""ח 4)-ינואר 2019",htm,41,,rhtm/1208001-1209000/H1208144.htm,,
1219625,hachshara,2019-03-25 09:54:34.713,annual,2018FY,דוח תקופתי ושנתי לשנת 2018,xbrl,19,,xbrl/1219001-1220000/X1219625.xbrl,,
1219625,hachshara,2019-03-25 09:54:34.713,annual,2018FY,דוח תקופתי ושנתי לשנת 2018,pdf1,6070,310,rpdf/1219001-1220000/P1219625-00.pdf,data/sources/pdf/hachshara/2018FY/1219625_annual.pdf,03f2d7f17fc5905152c73cbe53b9b3b68e0d167783b0ed3178074a564b4f896c
1231174,hachshara,2019-05-26 15:11:21.543,quarterly,2019Q1,דוח רבעון 1 לשנת 2019,xbrl,18,,xbrl/1231001-1232000/X1231174.xbrl,,
1231174,hachshara,2019-05-26 15:11:21.543,quarterly,2019Q1,דוח רבעון 1 לשנת 2019,pdf1,1370,77,rpdf/1231001-1232000/P1231174-00.pdf,data/sources/pdf/hachshara/2019Q1/1231174_quarterly.pdf,3162a63194b9ea7dfb12581fcea65474b8bb074ed522ca82d7566471abc39776
1241603,hachshara,2019-07-15 09:21:20.02,solvency,2018FY,דוח יחס כושר פירעון של החברה ליום 31.12.2018,pdf1,2265,18,rpdf/1241001-1242000/P1241603-00.pdf,data/sources/pdf/hachshara/2018FY/1241603_solvency.pdf,71b9d22de5a88869e4f4c3a492c0dfd0c6b3576bf165b9b6e8e560e01f5c3547
1241603,hachshara,2019-07-15 09:21:20.02,solvency,2018FY,דוח יחס כושר פירעון של החברה ליום 31.12.2018,htm,41,,rhtm/1241001-1242000/H1241603.htm,,
1249777,hachshara,2019-08-25 17:41:34.443,quarterly,2019Q2,דוח רבעון 2 לשנת 2019,htm,102,,rhtm/1249001-1250000/H1249777.htm,,
1249777,hachshara,2019-08-25 17:41:34.443,quarterly,2019Q2,דוח רבעון 2 לשנת 2019,xbrl,18,,xbrl/1249001-1250000/X1249777.xbrl,,
1249777,hachshara,2019-08-25 17:41:34.443,quarterly,2019Q2,דוח רבעון 2 לשנת 2019,pdf1,1493,88,rpdf/1249001-1250000/P1249777-00.pdf,data/sources/pdf/hachshara/2019Q2/1249777_quarterly.pdf,6932a4da85a19d5ebabe6ef1d48e5721ab38741e3929a5ffcdd67b398bf5c30f
1265378,hachshara,2019-11-27 16:58:26.087,quarterly,2019Q3,דוח רבעון 3 לשנת 2019,htm,102,,rhtm/1265001-1266000/H1265378.htm,,
1265378,hachshara,2019-11-27 16:58:26.087,quarterly,2019Q3,דוח רבעון 3 לשנת 2019,pdf1,2645,89,rpdf/1265001-1266000/P1265378-00.pdf,data/sources/pdf/hachshara/2019Q3/1265378_quarterly.pdf,9b507e489d5110feb8136a2ca427a81c698aeaf5a4480c960bd07bc35d538e89
1265378,hachshara,2019-11-27 16:58:26.087,quarterly,2019Q3,דוח רבעון 3 לשנת 2019,xbrl,18,,xbrl/1265001-1266000/X1265378.xbrl,,
1270694,hachshara,2019-12-29 09:25:25.407,solvency,2019Q2,דוח יחס כושר פירעון כלכלי של החברה ליום 30.6.19,htm,41,,rhtm/1270001-1271000/H1270694.htm,,
1270694,hachshara,2019-12-29 09:25:25.407,solvency,2019Q2,דוח יחס כושר פירעון כלכלי של החברה ליום 30.6.19,pdf1,263,3,rpdf/1270001-1271000/P1270694-00.pdf,data/sources/pdf/hachshara/2019Q2/1270694_solvency.pdf,4d5a30909ce7a7607aee797b78461e54fe144bd26dd4539f393a950020dfecf3
1271145,hachshara,2019-12-30 12:42:17.297,solvency,2019Q2,דוח יחס כושר פירעון כלכלי של החברה ליום 30.6.19- מתקן,htm,41,,rhtm/1271001-1272000/H1271145.htm,,
1271145,hachshara,2019-12-30 12:42:17.297,solvency,2019Q2,דוח יחס כושר פירעון כלכלי של החברה ליום 30.6.19- מתקן,pdf1,266,3,rpdf/1271001-1272000/P1271145-00.pdf,data/sources/pdf/hachshara/2019Q2/1271145_solvency.pdf,dadd5afefdcbf7e349eabbdd53929219d7399ca770d910274a8c3ebf4ae1ff4a
1286920,hachshara,2020-03-29 16:59:29.913,solvency,2019Q2,דוח יחס כושר פירעון כלכלי של החברה ליום 30.6.19- תיקון-התאמת חלוקת דיבידנד ועדכון עודף הון,htm,47,,rhtm/1286001-1287000/H1286920.htm,,
1286920,hachshara,2020-03-29 16:59:29.913,solvency,2019Q2,דוח יחס כושר פירעון כלכלי של החברה ליום 30.6.19- תיקון-התאמת חלוקת דיבידנד ועדכון עודף הון,pdf1,486,3,rpdf/1286001-1287000/P1286920-00.pdf,data/sources/pdf/hachshara/2019Q2/1286920_solvency.pdf,a7447984905e2d6e8ab16620c9347a4d2a5a2aff2b860a4012bd4ec7cdf0f6b1
1287231,hachshara,2020-03-30 10:59:19.377,annual,2019FY,דוח תקופתי ושנתי לשנת 2019,htm,106,,rhtm/1287001-1288000/H1287231.htm,,
1287231,hachshara,2020-03-30 10:59:19.377,annual,2019FY,דוח תקופתי ושנתי לשנת 2019,pdf1,6243,314,rpdf/1287001-1288000/P1287231-00.pdf,data/sources/pdf/hachshara/2019FY/1287231_annual.pdf,40ea0a9153f125d11c97e2237ced6fe21b681a68080239c6e30838ac56f02211
1287231,hachshara,2020-03-30 10:59:19.377,annual,2019FY,דוח תקופתי ושנתי לשנת 2019,xbrl,20,,xbrl/1287001-1288000/X1287231.xbrl,,
1293990,hachshara,2020-05-07 12:37:18.853,quarterly,2020Q1,יישום ארכת מהרשות להגשת דוח רבעון ראשון לשנת 2020,htm,44,,rhtm/1293001-1294000/H1293990.htm,,
1301760,hachshara,2020-06-15 16:42:16.823,quarterly,2020Q1,דוח רבעון 1 לשנת 2020,htm,105,,rhtm/1301001-1302000/H1301760.htm,,
1301760,hachshara,2020-06-15 16:42:16.823,quarterly,2020Q1,דוח רבעון 1 לשנת 2020,pdf1,2035,74,rpdf/1301001-1302000/P1301760-00.pdf,data/sources/pdf/hachshara/2020Q1/1301760_quarterly.pdf,d87becc1dac2bd1667be9380cce7374a2b2f88c24edd419031e4993fb6420d25
1301760,hachshara,2020-06-15 16:42:16.823,quarterly,2020Q1,דוח רבעון 1 לשנת 2020,xbrl,18,,xbrl/1301001-1302000/X1301760.xbrl,,
1317404,hachshara,2020-08-26 14:54:31.29,quarterly,2020Q2,דוח רבעון 2 לשנת 2020,htm,98,,rhtm/1317001-1318000/H1317404.htm,,
1317404,hachshara,2020-08-26 14:54:31.29,quarterly,2020Q2,דוח רבעון 2 לשנת 2020,pdf1,2846,90,rpdf/1317001-1318000/P1317404-00.pdf,data/sources/pdf/hachshara/2020Q2/1317404_quarterly.pdf,418188251a98e266f3eb40d1ccb6721ea90f29e6a82dc330428b21499f040245
1317404,hachshara,2020-08-26 14:54:31.29,quarterly,2020Q2,דוח רבעון 2 לשנת 2020,xbrl,18,,xbrl/1317001-1318000/X1317404.xbrl,,
1328539,hachshara,2020-10-28 15:58:19.033,solvency,2019FY,דוח יחס כושר פרעון כלכלי של החברה לתאריך 31.12.2019,pdf1,2144,20,rpdf/1328001-1329000/P1328539-00.pdf,data/sources/pdf/hachshara/2019FY/1328539_solvency.pdf,e6ed03aeaa6a777bc5ad0fcdea7025e65f1ff978e619bcbf90f8921eed36a236
1328539,hachshara,2020-10-28 15:58:19.033,solvency,2019FY,דוח יחס כושר פרעון כלכלי של החברה לתאריך 31.12.2019,htm,42,,rhtm/1328001-1329000/H1328539.htm,,
1335124,hachshara,2020-11-26 15:50:30.293,quarterly,2020Q3,דוח רבעון 3 לשנת 2020,xbrl,18,,xbrl/1335001-1336000/X1335124.xbrl,,
1335124,hachshara,2020-11-26 15:50:30.293,quarterly,2020Q3,דוח רבעון 3 לשנת 2020,pdf1,2955,91,rpdf/1335001-1336000/P1335124-00.pdf,data/sources/pdf/hachshara/2020Q3/1335124_quarterly.pdf,3d597246b9c93453129b6df8796ae3f65556fdff390003b4c3d7cc9c5f546f1b
1335124,hachshara,2020-11-26 15:50:30.293,quarterly,2020Q3,דוח רבעון 3 לשנת 2020,htm,98,,rhtm/1335001-1336000/H1335124.htm,,
1335419,hachshara,2020-11-29 11:37:23.017,quarterly,2020Q3,דוח רבעון 3 לשנת 2020 - תיקון טעות סופר,xbrl,18,,xbrl/1335001-1336000/X1335419.xbrl,,
1335419,hachshara,2020-11-29 11:37:23.017,quarterly,2020Q3,דוח רבעון 3 לשנת 2020 - תיקון טעות סופר,htm,101,,rhtm/1335001-1336000/H1335419.htm,,
1335419,hachshara,2020-11-29 11:37:23.017,quarterly,2020Q3,דוח רבעון 3 לשנת 2020 - תיקון טעות סופר,pdf1,2756,91,rpdf/1335001-1336000/P1335419-00.pdf,data/sources/pdf/hachshara/2020Q3/1335419_quarterly.pdf,dbcbced94fbb313bcba0755069ef3e6ab6b71eea96668780a59be2895187cabb
1359172,hachshara,2021-03-21 22:38:30.79,annual,2020FY,דוח תקופתי ושנתי לשנת 2020,htm,101,,rhtm/1359001-1360000/H1359172.htm,,
1359172,hachshara,2021-03-21 22:38:30.79,annual,2020FY,דוח תקופתי ושנתי לשנת 2020,pdf1,9455,328,rpdf/1359001-1360000/P1359172-00.pdf,data/sources/pdf/hachshara/2020FY/1359172_annual.pdf,5932992dfc520c36083888e6fe72d369d0e7276732ba4f1a2065125c044d004e
1359172,hachshara,2021-03-21 22:38:30.79,annual,2020FY,דוח תקופתי ושנתי לשנת 2020,xbrl,20,,xbrl/1359001-1360000/X1359172.xbrl,,
1372356,hachshara,2021-05-26 16:24:21.82,quarterly,2021Q1,דוח רבעון 1 לשנת 2021,htm,99,,rhtm/1372001-1373000/H1372356.htm,,
1372356,hachshara,2021-05-26 16:24:21.82,quarterly,2021Q1,דוח רבעון 1 לשנת 2021,pdf1,2437,79,rpdf/1372001-1373000/P1372356-00.pdf,data/sources/pdf/hachshara/2021Q1/1372356_quarterly.pdf,8ed2978e202e61bd60137ed80d9a3fa0134ad2d4f2297bd2df6e25633ca6a09f
1372356,hachshara,2021-05-26 16:24:21.82,quarterly,2021Q1,דוח רבעון 1 לשנת 2021,xbrl,18,,xbrl/1372001-1373000/X1372356.xbrl,,
1382703,hachshara,2021-06-30 14:19:30.867,solvency,2020FY,דוח יחס כושר פירעון כלכלי ליום 31.12.2020,htm,41,,rhtm/1382001-1383000/H1382703.htm,,
1382703,hachshara,2021-06-30 14:19:30.867,solvency,2020FY,דוח יחס כושר פירעון כלכלי ליום 31.12.2020,pdf1,2458,21,rpdf/1382001-1383000/P1382703-00.pdf,data/sources/pdf/hachshara/2020FY/1382703_solvency.pdf,8a32321e5a72bbf724dcf7e0ca915f929108effb321dd4acf8eabbd4b80824c0
1382734,hachshara,2021-06-30 14:49:22.723,solvency,2020FY,דוח יחס כושר פרעון כלכלי ליום 31.12.20 -תיקון צירוף קובץ מעודכן,htm,44,,rhtm/1382001-1383000/H1382734.htm,,
1382734,hachshara,2021-06-30 14:49:22.723,solvency,2020FY,דוח יחס כושר פרעון כלכלי ליום 31.12.20 -תיקון צירוף קובץ מעודכן,pdf1,2386,21,rpdf/1382001-1383000/P1382734-00.pdf,data/sources/pdf/hachshara/2020FY/1382734_solvency.pdf,4457e4424c067bb5fddcbb631ac0f8b5abcdda39d2335ed86192d3deeb3a41cd
1398293,hachshara,2021-08-30 16:00:22.617,quarterly,2021Q2,דוח רבעון 2/חצי שנתי לשנת 2021,pdf1,2894,88,rpdf/1398001-1399000/P1398293-00.pdf,data/sources/pdf/hachshara/2021Q2/1398293_quarterly.pdf,d124b702ae0b1c05a2250e2ad57aea8611074e9de0658968931c4522c26693c0
1398293,hachshara,2021-08-30 16:00:22.617,quarterly,2021Q2,דוח רבעון 2/חצי שנתי לשנת 2021,xbrl,18,,xbrl/1398001-1399000/X1398293.xbrl,,
1398293,hachshara,2021-08-30 16:00:22.617,quarterly,2021Q2,דוח רבעון 2/חצי שנתי לשנת 2021,htm,99,,rhtm/1398001-1399000/H1398293.htm,,
1415232,hachshara,2021-11-30 15:22:26.603,quarterly,2021Q3,דוח רבעון 3 לשנת 2021,xbrl,18,,xbrl/1415001-1416000/X1415232.xbrl,,
1415232,hachshara,2021-11-30 15:22:26.603,quarterly,2021Q3,דוח רבעון 3 לשנת 2021,pdf1,3024,90,rpdf/1415001-1416000/P1415232-00.pdf,data/sources/pdf/hachshara/2021Q3/1415232_quarterly.pdf,a3b384cebd3794c43e5c4d3e1da5303b2c26a2a9eccf3e040472b0393efb0b66
1415232,hachshara,2021-11-30 15:22:26.603,quarterly,2021Q3,דוח רבעון 3 לשנת 2021,htm,99,,rhtm/1415001-1416000/H1415232.htm,,
1439441,hachshara,2022-03-27 23:50:16.807,annual,2021FY,דוח תקופתי ושנתי לשנת 2021,pdf1,8579,330,rpdf/1439001-1440000/P1439441-00.pdf,data/sources/pdf/hachshara/2021FY/1439441_annual.pdf,85ec116a07a5c1dc70794e55452684dbcac392fbfe95162ce89bd2f699f74b9d
1439441,hachshara,2022-03-27 23:50:16.807,annual,2021FY,דוח תקופתי ושנתי לשנת 2021,xbrl,20,,xbrl/1439001-1440000/X1439441.xbrl,,
1439441,hachshara,2022-03-27 23:50:16.807,annual,2021FY,דוח תקופתי ושנתי לשנת 2021,htm,101,,rhtm/1439001-1440000/H1439441.htm,,
1440812,hachshara,2022-03-30 17:50:18.507,annual,2021FY,דוח תקופתי ושנתי לשנת 2021 - תיקון טעות סופר בבאור 17 ב. בדוח הכספי ובתקנה 26א בדוח פרטים נוספים,xbrl,21,,xbrl/1440001-1441000/X1440812.xbrl,,
1440812,hachshara,2022-03-30 17:50:18.507,annual,2021FY,דוח תקופתי ושנתי לשנת 2021 - תיקון טעות סופר בבאור 17 ב. בדוח הכספי ובתקנה 26א בדוח פרטים נוספים,htm,105,,rhtm/1440001-1441000/H1440812.htm,,
1440812,hachshara,2022-03-30 17:50:18.507,annual,2021FY,דוח תקופתי ושנתי לשנת 2021 - תיקון טעות סופר בבאור 17 ב. בדוח הכספי ובתקנה 26א בדוח פרטים נוספים,pdf1,7241,330,rpdf/1440001-1441000/P1440812-00.pdf,data/sources/pdf/hachshara/2021FY/1440812_annual.pdf,0a5edbc7f0ee18677abf87f72eecefb94eff02a2c9cd3ff1cae5128548eedb0f
1452492,hachshara,2022-05-26 21:07:29.133,quarterly,2022Q1,דוח רבעון 1 לשנת 2022,xbrl,18,,xbrl/1452001-1453000/X1452492.xbrl,,
1452492,hachshara,2022-05-26 21:07:29.133,quarterly,2022Q1,דוח רבעון 1 לשנת 2022,pdf1,2710,77,rpdf/1452001-1453000/P1452492-00.pdf,data/sources/pdf/hachshara/2022Q1/1452492_quarterly.pdf,5967952866b7da7163dfa231c887ed2a9f32517c1bac449171fd92f970daee5e
1452492,hachshara,2022-05-26 21:07:29.133,quarterly,2022Q1,דוח רבעון 1 לשנת 2022,htm,99,,rhtm/1452001-1453000/H1452492.htm,,
1452494,hachshara,2022-05-26 21:38:29.12,solvency,2021FY,דוח יחס כושר פירעון כלכלי ליום 31.12.2021,pdf1,1930,23,rpdf/1452001-1453000/P1452494-00.pdf,data/sources/pdf/hachshara/2021FY/1452494_solvency.pdf,487200fad22c74aa22a8cc2deb7b0686bf1bac25ed783cfc5aaf5fb446874da1
1452494,hachshara,2022-05-26 21:38:29.12,solvency,2021FY,דוח יחס כושר פירעון כלכלי ליום 31.12.2021,htm,41,,rhtm/1452001-1453000/H1452494.htm,,
1473830,hachshara,2022-08-29 21:11:20.367,quarterly,2022Q2,דוח רבעון 2/חצי שנתי לשנת 2022,htm,99,,rhtm/1473001-1474000/H1473830.htm,,
1473830,hachshara,2022-08-29 21:11:20.367,quarterly,2022Q2,דוח רבעון 2/חצי שנתי לשנת 2022,pdf1,2648,87,rpdf/1473001-1474000/P1473830-00.pdf,data/sources/pdf/hachshara/2022Q2/1473830_quarterly.pdf,7561dea305c3ab073b1781a88c46386c44db14b1f16e6f2ef6e49cd34e65a0a7
1473830,hachshara,2022-08-29 21:11:20.367,quarterly,2022Q2,דוח רבעון 2/חצי שנתי לשנת 2022,xbrl,18,,xbrl/1473001-1474000/X1473830.xbrl,,
1489025,hachshara,2022-11-28 17:38:19.687,quarterly,2022Q3,דוח רבעון 3 לשנת 2022,xbrl,18,,xbrl/1489001-1490000/X1489025.xbrl,,
1489025,hachshara,2022-11-28 17:38:19.687,quarterly,2022Q3,דוח רבעון 3 לשנת 2022,pdf1,2839,88,rpdf/1489001-1490000/P1489025-00.pdf,data/sources/pdf/hachshara/2022Q3/1489025_quarterly.pdf,54747de32337d613a668a4efa0e79d1497f66083437c5f406bc8b84d2e311e68
1489025,hachshara,2022-11-28 17:38:19.687,quarterly,2022Q3,דוח רבעון 3 לשנת 2022,htm,99,,rhtm/1489001-1490000/H1489025.htm,,
1489060,hachshara,2022-11-28 18:38:18.833,solvency,2022Q2,דוח יחס כושר פירעון כלכלי ליום 30.6.2022,htm,41,,rhtm/1489001-1490000/H1489060.htm,,
1489060,hachshara,2022-11-28 18:38:18.833,solvency,2022Q2,דוח יחס כושר פירעון כלכלי ליום 30.6.2022,pdf1,1239,20,rpdf/1489001-1490000/P1489060-00.pdf,data/sources/pdf/hachshara/2022Q2/1489060_solvency.pdf,c9a3ae5369f26e92b93f67a345aad9734202e6e04e1e055776817e4cb588e830
1515301,hachshara,2023-03-30 19:56:28.877,annual,2022FY,דוח תקופתי ושנתי לשנת 2022,htm,107,,rhtm/1515001-1516000/H1515301.htm,,
1515301,hachshara,2023-03-30 19:56:28.877,annual,2022FY,דוח תקופתי ושנתי לשנת 2022,pdf1,9304,337,rpdf/1515001-1516000/P1515301-00.pdf,data/sources/pdf/hachshara/2022FY/1515301_annual.pdf,8c1037f422eff1eaef3ea64f69d36ab2bc8e581e826105a3267eea97782de762
1515301,hachshara,2023-03-30 19:56:28.877,annual,2022FY,דוח תקופתי ושנתי לשנת 2022,xbrl,20,,xbrl/1515001-1516000/X1515301.xbrl,,
1525612,hachshara,2023-05-31 14:27:22.36,solvency,2022FY,דוח יחס כושר פירעון ליום 31.12.22,pdf1,1940,24,rpdf/1525001-1526000/P1525612-00.pdf,data/sources/pdf/hachshara/2022FY/1525612_solvency.pdf,88ad1302bec187a75d561faed3b29eb117c2f611494ae96013a47e640f6cc150
1525612,hachshara,2023-05-31 14:27:22.36,solvency,2022FY,דוח יחס כושר פירעון ליום 31.12.22,htm,41,,rhtm/1525001-1526000/H1525612.htm,,
1525783,hachshara,2023-05-31 19:30:14.277,quarterly,2023Q1,דוח רבעון 1 לשנת 2023,htm,105,,rhtm/1525001-1526000/H1525783.htm,,
1525783,hachshara,2023-05-31 19:30:14.277,quarterly,2023Q1,דוח רבעון 1 לשנת 2023,pdf1,2624,80,rpdf/1525001-1526000/P1525783-00.pdf,data/sources/pdf/hachshara/2023Q1/1525783_quarterly.pdf,c00a9e034e44ab551c59b036092af244af70f7f5ccca897de4768712270dea81
1525783,hachshara,2023-05-31 19:30:14.277,quarterly,2023Q1,דוח רבעון 1 לשנת 2023,xbrl,18,,xbrl/1525001-1526000/X1525783.xbrl,,
1544755,hachshara,2023-08-30 20:37:19.78,quarterly,2023Q2,דוח רבעון 2/חצי שנתי לשנת 2023,htm,105,,rhtm/1544001-1545000/H1544755.htm,,
1544755,hachshara,2023-08-30 20:37:19.78,quarterly,2023Q2,דוח רבעון 2/חצי שנתי לשנת 2023,pdf1,2849,89,rpdf/1544001-1545000/P1544755-00.pdf,data/sources/pdf/hachshara/2023Q2/1544755_quarterly.pdf,faa65953a4e3084033bf9ae10614d671d0016e399611c6ae3ce825f085cc017c
1544755,hachshara,2023-08-30 20:37:19.78,quarterly,2023Q2,דוח רבעון 2/חצי שנתי לשנת 2023,xbrl,18,,xbrl/1544001-1545000/X1544755.xbrl,,
1560795,hachshara,2023-11-29 20:56:18.703,quarterly,2023Q3,דוח רבעון 3 לשנת 2023,xbrl,18,,xbrl/1560001-1561000/X1560795.xbrl,,
1560795,hachshara,2023-11-29 20:56:18.703,quarterly,2023Q3,דוח רבעון 3 לשנת 2023,pdf1,2392,93,rpdf/1560001-1561000/P1560795-00.pdf,data/sources/pdf/hachshara/2023Q3/1560795_quarterly.pdf,e6572d399f09dfbc4d459a8aacc73bd3f5ed069993f73b571912a7fa5edd456c
1560795,hachshara,2023-11-29 20:56:18.703,quarterly,2023Q3,דוח רבעון 3 לשנת 2023,htm,105,,rhtm/1560001-1561000/H1560795.htm,,
1566314,hachshara,2023-12-27 23:02:14.43,solvency,2023Q3,דוח יחס כושר פירעון ליום 30 ביוני 2023,pdf1,2851,23,rpdf/1566001-1567000/P1566314-00.pdf,data/sources/pdf/hachshara/2023Q3/1566314_solvency.pdf,b48e13b14132452b53589cd2aee219a4dba402d72e4258bb3dd503539329458d
1566314,hachshara,2023-12-27 23:02:14.43,solvency,2023Q3,דוח יחס כושר פירעון ליום 30 ביוני 2023,htm,42,,rhtm/1566001-1567000/H1566314.htm,,
1566441,hachshara,2023-12-28 12:44:14.037,solvency,2023Q3,דוח יחס כושר פירעון ליום 30 ביוני 2023 - תיקון דוח,pdf1,3026,23,rpdf/1566001-1567000/P1566441-00.pdf,data/sources/pdf/hachshara/2023Q3/1566441_solvency.pdf,879903084424f29efceff8bd96c08c9334884a8dd7b7496c8f861b68e3b4bd0b
1566441,hachshara,2023-12-28 12:44:14.037,solvency,2023Q3,דוח יחס כושר פירעון ליום 30 ביוני 2023 - תיקון דוח,htm,45,,rhtm/1566001-1567000/H1566441.htm,,
1584254,hachshara,2024-03-31 20:57:17.063,annual,2023FY,דוח תקופתי ושנתי לשנת 2023,pdf1,7708,334,rpdf/1584001-1585000/P1584254-00.pdf,data/sources/pdf/hachshara/2023FY/1584254_annual.pdf,d689e8f12b48dedc3ce520f1635343cf399522d1dea5e9afb7c6aca1254352bb
1584254,hachshara,2024-03-31 20:57:17.063,annual,2023FY,דוח תקופתי ושנתי לשנת 2023,htm,107,,rhtm/1584001-1585000/H1584254.htm,,
1584254,hachshara,2024-03-31 20:57:17.063,annual,2023FY,דוח תקופתי ושנתי לשנת 2023,xbrl,20,,xbrl/1584001-1585000/X1584254.xbrl,,
1587878,hachshara,2024-04-16 16:57:15.427,annual,2022FY,דוח תקופתי ושנתי - תיקון טעות סופר לעניין התיאור המילולי ביחס לנתונים של שנת 2022,htm,111,,rhtm/1587001-1588000/H1587878.htm,,
1587878,hachshara,2024-04-16 16:57:15.427,annual,2022FY,דוח תקופתי ושנתי - תיקון טעות סופר לעניין התיאור המילולי ביחס לנתונים של שנת 2022,pdf1,8799,412,rpdf/1587001-1588000/P1587878-00.pdf,data/sources/pdf/hachshara/2022FY/1587878_annual.pdf,24b9d7a461048ad82abbf9865dc43c3c5689b1c25e572137cdd2d72fe4e0f0f4
1587878,hachshara,2024-04-16 16:57:15.427,annual,2022FY,דוח תקופתי ושנתי - תיקון טעות סופר לעניין התיאור המילולי ביחס לנתונים של שנת 2022,xbrl,21,,xbrl/1587001-1588000/X1587878.xbrl,,
1596133,hachshara,2024-05-30 20:21:12.52,quarterly,2024Q1,דוח רבעון 1 לשנת 2024,htm,105,,rhtm/1596001-1597000/H1596133.htm,,
1596133,hachshara,2024-05-30 20:21:12.52,quarterly,2024Q1,דוח רבעון 1 לשנת 2024,pdf1,4490,106,rpdf/1596001-1597000/P1596133-00.pdf,data/sources/pdf/hachshara/2024Q1/1596133_quarterly.pdf,24bd196cfc565791d0f8c6359218e67f2ca0cb024b59e8bd7e06318fbdc74c79
1596133,hachshara,2024-05-30 20:21:12.52,quarterly,2024Q1,דוח רבעון 1 לשנת 2024,xbrl,18,,xbrl/1596001-1597000/X1596133.xbrl,,
1598258,hachshara,2024-06-16 11:07:16.01,solvency,2024Q1,דוח רבעון 1 לשנת 2024 - תיקון טעות סופר בסעיף מאזן כלכלי בדוח יחס כושר הפירעון ליום 31 בדצמבר 2023 וכן טעות סופר בעמוד החתימה,htm,109,,rhtm/1598001-1599000/H1598258.htm,,
1598258,hachshara,2024-06-16 11:07:16.01,solvency,2024Q1,דוח רבעון 1 לשנת 2024 - תיקון טעות סופר בסעיף מאזן כלכלי בדוח יחס כושר הפירעון ליום 31 בדצמבר 2023 וכן טעות סופר בעמוד החתימה,pdf1,2823,23,rpdf/1598001-1599000/P1598258-00.pdf,data/sources/pdf/hachshara/2024Q1/1598258_solvency.pdf,91811a45a5bfd928c43d987b2923531699f6249fe4aff8f326a29740c394c5ab
1598258,hachshara,2024-06-16 11:07:16.01,solvency,2024Q1,דוח רבעון 1 לשנת 2024 - תיקון טעות סופר בסעיף מאזן כלכלי בדוח יחס כושר הפירעון ליום 31 בדצמבר 2023 וכן טעות סופר בעמוד החתימה,xbrl,20,,xbrl/1598001-1599000/X1598258.xbrl,,
1614115,hachshara,2024-08-28 18:13:14.407,quarterly,2024Q2,דוח רבעון 2/חצי שנתי לשנת 2024,xbrl,18,,xbrl/1614001-1615000/X1614115.xbrl,,
1614115,hachshara,2024-08-28 18:13:14.407,quarterly,2024Q2,דוח רבעון 2/חצי שנתי לשנת 2024,pdf1,2256,96,rpdf/1614001-1615000/P1614115-00.pdf,data/sources/pdf/hachshara/2024Q2/1614115_quarterly.pdf,23709af454332dc6faead519102c3e08c7b67f499db7f6e9961e689eed5fcd51
1614115,hachshara,2024-08-28 18:13:14.407,quarterly,2024Q2,דוח רבעון 2/חצי שנתי לשנת 2024,htm,112,,rhtm/1614001-1615000/H1614115.htm,,
1615881,hachshara,2024-09-05 12:58:13.703,presentation,2024Q1,מצגת משקיעים - חציון ראשון 2024,pdf1,939,26,rpdf/1615001-1616000/P1615881-00.pdf,data/sources/pdf/hachshara/2024Q1/1615881_presentation.pdf,c842b149b1cb4c11b9c33e401cdd4bca311880ee3683acf17d3a6a7e5c2de18a
1615881,hachshara,2024-09-05 12:58:13.703,presentation,2024Q1,מצגת משקיעים - חציון ראשון 2024,htm,42,,rhtm/1615001-1616000/H1615881.htm,,
1629867,hachshara,2024-11-27 17:54:14.793,quarterly,2024Q3,דוח רבעון 3 לשנת 2024,xbrl,18,,xbrl/1629001-1630000/X1629867.xbrl,,
1629867,hachshara,2024-11-27 17:54:14.793,quarterly,2024Q3,דוח רבעון 3 לשנת 2024,pdf1,3010,118,rpdf/1629001-1630000/P1629867-00.pdf,data/sources/pdf/hachshara/2024Q3/1629867_quarterly.pdf,7b9337ce34db2d8ae8b39018bc2b05d7a72f210ea1c316efd32ba1d59a974b43
1629867,hachshara,2024-11-27 17:54:14.793,quarterly,2024Q3,דוח רבעון 3 לשנת 2024,htm,112,,rhtm/1629001-1630000/H1629867.htm,,
1630822,hachshara,2024-12-01 14:50:16.12,presentation,2024Q3,מצגת משקיעים,pdf1,1290,31,rpdf/1630001-1631000/P1630822-00.pdf,data/sources/pdf/hachshara/2024Q3/1630822_presentation.pdf,cd4050aaaa97c9232b989c890191c9d058bc7a09b8083b77742dd23962aa9e05
1630822,hachshara,2024-12-01 14:50:16.12,presentation,2024Q3,מצגת משקיעים,htm,42,,rhtm/1630001-1631000/H1630822.htm,,
1652260,hachshara,2025-03-20 00:38:03.663,annual,2024FY,דוח תקופתי ושנתי לשנת 2024,htm,117,,rhtm/1652001-1653000/H1652260.htm,,
1652260,hachshara,2025-03-20 00:38:03.663,annual,2024FY,דוח תקופתי ושנתי לשנת 2024,xbrl,20,,xbrl/1652001-1653000/X1652260.xbrl,,
1652260,hachshara,2025-03-20 00:38:03.663,annual,2024FY,דוח תקופתי ושנתי לשנת 2024,pdf1,7301,352,rpdf/1652001-1653000/P1652260-00.pdf,data/sources/pdf/hachshara/2024FY/1652260_annual.pdf,50f03f71130271a0cf5f1a872bb93da584e19c627ed3825d2ca43c8d7681813d
1652424,hachshara,2025-03-20 11:49:00.96,presentation,2024FY,מצגת משקיעים ליום 31.12.24,htm,42,,rhtm/1652001-1653000/H1652424.htm,,
1652424,hachshara,2025-03-20 11:49:00.96,presentation,2024FY,מצגת משקיעים ליום 31.12.24,pdf1,1474,28,rpdf/1652001-1653000/P1652424-00.pdf,data/sources/pdf/hachshara/2024FY/1652424_presentation.pdf,25d86166182e506c336678c593278bd28ac87c7a60bd6dfd47baba7400db8c45
1668722,hachshara,2025-05-30 12:05:02.843,quarterly,2025Q1,דוח רבעון 1 לשנת 2025,pdf1,3153,137,rpdf/1668001-1669000/P1668722-00.pdf,data/sources/pdf/hachshara/2025Q1/1668722_quarterly.pdf,85971dd38d0ebcb9739da1012eac9bdeee217cb663c7bef6cf35e76bec646da5
1668722,hachshara,2025-05-30 12:05:02.843,quarterly,2025Q1,דוח רבעון 1 לשנת 2025,xbrl,18,,xbrl/1668001-1669000/X1668722.xbrl,,
1668722,hachshara,2025-05-30 12:05:02.843,quarterly,2025Q1,דוח רבעון 1 לשנת 2025,htm,115,,rhtm/1668001-1669000/H1668722.htm,,
1689799,hachshara,2025-08-31 20:07:02.933,quarterly,2025Q2,דוח רבעון 2/חצי שנתי לשנת 2025,xbrl,18,,xbrl/1689001-1690000/X1689799.xbrl,,
1689799,hachshara,2025-08-31 20:07:02.933,quarterly,2025Q2,דוח רבעון 2/חצי שנתי לשנת 2025,htm,115,,rhtm/1689001-1690000/H1689799.htm,,
1689799,hachshara,2025-08-31 20:07:02.933,quarterly,2025Q2,דוח רבעון 2/חצי שנתי לשנת 2025,pdf1,2505,124,rpdf/1689001-1690000/P1689799-00.pdf,data/sources/pdf/hachshara/2025Q2/1689799_quarterly.pdf,6d494ffc2b6ea18fe50882cd725afd612f437aa5e7bf9f0ce4d3643af56b69d9
1706824,hachshara,2025-11-30 19:57:03.79,quarterly,2025Q3,דוח רבעון 3 לשנת 2025,pdf1,3806,148,rpdf/1706001-1707000/P1706824-00.pdf,data/sources/pdf/hachshara/2025Q3/1706824_quarterly.pdf,0c2c8539f187b0f3905f79dea2decea2464b913a394a392acad4969fad929405
1706824,hachshara,2025-11-30 19:57:03.79,quarterly,2025Q3,דוח רבעון 3 לשנת 2025,htm,115,,rhtm/1706001-1707000/H1706824.htm,,
1706824,hachshara,2025-11-30 19:57:03.79,quarterly,2025Q3,דוח רבעון 3 לשנת 2025,xbrl,18,,xbrl/1706001-1707000/X1706824.xbrl,,
1732795,hachshara,2026-03-31 09:13:06.863,annual,2025FY,דוח תקופתי ושנתי לשנת 2025,xbrl,20,,xbrl/1732001-1733000/X1732795.xbrl,,
1732795,hachshara,2026-03-31 09:13:06.863,annual,2025FY,דוח תקופתי ושנתי לשנת 2025,htm,118,,rhtm/1732001-1733000/H1732795.htm,,
1732795,hachshara,2026-03-31 09:13:06.863,annual,2025FY,דוח תקופתי ושנתי לשנת 2025,pdf1,9175,358,rpdf/1732001-1733000/P1732795-00.pdf,data/sources/pdf/hachshara/2025FY/1732795_annual.pdf,16590afb7a17b0388a8a76f33c719c6108114e1c88d38bf3948e3e9031c57c30
1745659,hachshara,2026-05-31 20:38:04.613,quarterly,2026Q1,דוח רבעון 1 לשנת 2026,htm,116,,rhtm/1745001-1746000/H1745659.htm,,
1745659,hachshara,2026-05-31 20:38:04.613,quarterly,2026Q1,דוח רבעון 1 לשנת 2026,pdf1,3128,106,rpdf/1745001-1746000/P1745659-00.pdf,data/sources/pdf/hachshara/2026Q1/1745659_quarterly.pdf,99e3ca097eedb979ca54e02a045e23e13083ecee9b65ef28f58b493d229b658a
1745659,hachshara,2026-05-31 20:38:04.613,quarterly,2026Q1,דוח רבעון 1 לשנת 2026,xbrl,18,,xbrl/1745001-1746000/X1745659.xbrl,,
1766421,hachshara,2026-08-26 18:10:02.45,quarterly,2026Q2,דוח רבעון 2/חצי שנתי לשנת 2026,htm,116,,rhtm/1766001-1767000/H1766421.htm,,
1766421,hachshara,2026-08-26 18:10:02.45,quarterly,2026Q2,דוח רבעון 2/חצי שנתי לשנת 2026,pdf1,2127,99,rpdf/1766001-1767000/P1766421-00.pdf,data/sources/pdf/hachshara/2026Q2/1766421_quarterly.pdf,0ebfef772a69f64530b50a62f26cb646a17d343793f89827ccc93ea48db11524
1766421,hachshara,2026-08-26 18:10:02.45,quarterly,2026Q2,דוח רבעון 2/חצי שנתי לשנת 2026,xbrl,18,,xbrl/1766001-1767000/X1766421.xbrl,,
1766698,hachshara,2026-08-27 14:08:03.417,presentation,2026Q2,מצגת משקיעים ליום 30.6.26,htm,42,,rhtm/1766001-1767000/H1766698.htm,,
1766698,hachshara,2026-08-27 14:08:03.417,presentation,2026Q2,מצגת משקיעים ליום 30.6.26,pdf1,1933,26,rpdf/1766001-1767000/P1766698-00.pdf,data/sources/pdf/hachshara/2026Q2/1766698_presentation.pdf,fead6beddf03d5474799c452bdc98571650b0c7fcd9de5fac49b93e37f8aebe9
1221315,harel,2019-03-31 11:38:25.33,annual,2018FY,דוח תקופתי ושנתי לשנת 2018,pdf1,6396,475,rpdf/1221001-1222000/P1221315-00.pdf,data/sources/pdf/harel/2018FY/1221315_annual.pdf,ca733aca654a439f7696c14168b12cb6e1db83f4dd4e3778d013ee2d7b718565
1221315,harel,2019-03-31 11:38:25.33,annual,2018FY,דוח תקופתי ושנתי לשנת 2018,xbrl,19,,xbrl/1221001-1222000/X1221315.xbrl,,
1221316,harel,2019-03-31 11:40:14.58,liabilities,2018FY,"מצבת התחייבות החברה ליום 31.12.18, לפי מועדי פרעון",htm,197,,rhtm/1221001-1222000/H1221316.htm,,
1221318,harel,2019-03-31 12:03:17.903,presentation,2018FY,מצגת משקיעים - סיכום התוצאות הכספיות לשנת 2018,htm,41,,rhtm/1221001-1222000/H1221318.htm,,
1221318,harel,2019-03-31 12:03:17.903,presentation,2018FY,מצגת משקיעים - סיכום התוצאות הכספיות לשנת 2018,pdf1,1390,19,rpdf/1221001-1222000/P1221318-00.pdf,data/sources/pdf/harel/2018FY/1221318_presentation.pdf,9da082db22166b3881aa51d12d7f89efaba7de803bab0a62085b3bfb0078e47c
1232525,harel,2019-05-30 11:30:33.61,liabilities,2019Q1,"מצבת התחייבות החברה ליום 31.3.19, לפי מועדי פרעון",htm,197,,rhtm/1232001-1233000/H1232525.htm,,
1232527,harel,2019-05-30 11:35:24.41,quarterly,2019Q1,דוח רבעון 1 לשנת 2019,xbrl,18,,xbrl/1232001-1233000/X1232527.xbrl,,
1232527,harel,2019-05-30 11:35:24.41,quarterly,2019Q1,דוח רבעון 1 לשנת 2019,pdf1,1504,93,rpdf/1232001-1233000/P1232527-00.pdf,data/sources/pdf/harel/2019Q1/1232527_quarterly.pdf,b662ebba5366d0a1471bb4de8a14b7121084eb49d5f9634f4d14f9b5db97be03
1232529,harel,2019-05-30 11:55:27.22,presentation,2019Q1,מצגת משקיעים - רבעון 1 2019,htm,41,,rhtm/1232001-1233000/H1232529.htm,,
1232529,harel,2019-05-30 11:55:27.22,presentation,2019Q1,מצגת משקיעים - רבעון 1 2019,pdf1,1383,19,rpdf/1232001-1233000/P1232529-00.pdf,data/sources/pdf/harel/2019Q1/1232529_presentation.pdf,1599ffb2966d44d0b1ac79a4d4a09e0e1c2d58aa86a3c3d04fac20df2c3ddb56
1241602,harel,2019-07-15 09:21:19.097,solvency,2018FY,דוח יחס כושר פירעון כלכלי של חברת הבת הראל ביטוח ליום 31.12.18,pdf1,499,20,rpdf/1241001-1242000/P1241602-00.pdf,data/sources/pdf/harel/2018FY/1241602_solvency.pdf,8828efd3e346cee745359a67c4ff94ead6b4091aa677e53c026206b90aa790df
1241602,harel,2019-07-15 09:21:19.097,solvency,2018FY,דוח יחס כושר פירעון כלכלי של חברת הבת הראל ביטוח ליום 31.12.18,htm,40,,rhtm/1241001-1242000/H1241602.htm,,
1250815,harel,2019-08-29 09:31:32.247,liabilities,2019Q2,"מצבת התחייבות החברה ליום 30.6.19, לפי מועדי פרעון",htm,197,,rhtm/1250001-1251000/H1250815.htm,,
1250817,harel,2019-08-29 09:34:17.877,quarterly,2019Q2,דוח רבעון 2 לשנת 2019,xbrl,18,,xbrl/1250001-1251000/X1250817.xbrl,,
1250817,harel,2019-08-29 09:34:17.877,quarterly,2019Q2,דוח רבעון 2 לשנת 2019,htm,101,,rhtm/1250001-1251000/H1250817.htm,,
1250817,harel,2019-08-29 09:34:17.877,quarterly,2019Q2,דוח רבעון 2 לשנת 2019,pdf1,2678,112,rpdf/1250001-1251000/P1250817-00.pdf,data/sources/pdf/harel/2019Q2/1250817_quarterly.pdf,3ee64a9377a0113f12fe4526b45ad94c714a3e19bea8de6588290080b3900e88
1250818,harel,2019-08-29 09:54:24.11,presentation,2019Q2,מצגת משקיעים-רבעון 2 לשנת 2019,htm,40,,rhtm/1250001-1251000/H1250818.htm,,
1250818,harel,2019-08-29 09:54:24.11,presentation,2019Q2,מצגת משקיעים-רבעון 2 לשנת 2019,pdf1,1269,19,rpdf/1250001-1251000/P1250818-00.pdf,data/sources/pdf/harel/2019Q2/1250818_presentation.pdf,b8e60df260be5945b4658b1c2d3237208c764e99deb274cd6a7d88f8b2a0d444
1264837,harel,2019-11-26 10:30:27.28,liabilities,2019Q3,"מצבת התחייבות החברה ליום 30.9.19, לפי מועדי פרעון",htm,197,,rhtm/1264001-1265000/H1264837.htm,,
1264848,harel,2019-11-26 10:41:26.017,quarterly,2019Q3,דוח רבעון 3 לשנת 2019,pdf1,2826,115,rpdf/1264001-1265000/P1264848-00.pdf,data/sources/pdf/harel/2019Q3/1264848_quarterly.pdf,0da5d63d0a8c16f04c84b4a3d6ab7a0096abf08021e29d2f1975bd712b7d4964
1264848,harel,2019-11-26 10:41:26.017,quarterly,2019Q3,דוח רבעון 3 לשנת 2019,xbrl,18,,xbrl/1264001-1265000/X1264848.xbrl,,
1264848,harel,2019-11-26 10:41:26.017,quarterly,2019Q3,דוח רבעון 3 לשנת 2019,htm,101,,rhtm/1264001-1265000/H1264848.htm,,
1264850,harel,2019-11-26 11:04:25.17,presentation,2019Q3,מצגת משקיעים-תוצאות כספיות לרבעון 3 2019,pdf1,1316,19,rpdf/1264001-1265000/P1264850-00.pdf,data/sources/pdf/harel/2019Q3/1264850_presentation.pdf,c2df16da95419ace82578d0ddd525e85b1376b81f1206c98dc784fd06eaf175e
1264850,harel,2019-11-26 11:04:25.17,presentation,2019Q3,מצגת משקיעים-תוצאות כספיות לרבעון 3 2019,htm,41,,rhtm/1264001-1265000/H1264850.htm,,
1270234,harel,2019-12-25 12:09:25.183,solvency,2019Q2,דוח יחס כושר פירעון כלכלי של הראל ביטוח ליום 30.6.19,htm,41,,rhtm/1270001-1271000/H1270234.htm,,
1270234,harel,2019-12-25 12:09:25.183,solvency,2019Q2,דוח יחס כושר פירעון כלכלי של הראל ביטוח ליום 30.6.19,pdf1,442,3,rpdf/1270001-1271000/P1270234-00.pdf,data/sources/pdf/harel/2019Q2/1270234_solvency.pdf,d3892f408ac08379b7421b960227a5c6d86f33a471c35fca5285e768adaf8fbd
1287781,harel,2020-03-31 13:54:31.043,liabilities,2019FY,"מצבת התחייבות החברה ליום 31.12.19, לפי מועדי פרעון",htm,200,,rhtm/1287001-1288000/H1287781.htm,,
1287784,harel,2020-03-31 13:57:17.1,annual,2019FY,דוח תקופתי ושנתי לשנת 2019,xbrl,19,,xbrl/1287001-1288000/X1287784.xbrl,,
1287784,harel,2020-03-31 13:57:17.1,annual,2019FY,דוח תקופתי ושנתי לשנת 2019,htm,105,,rhtm/1287001-1288000/H1287784.htm,,
1287784,harel,2020-03-31 13:57:17.1,annual,2019FY,דוח תקופתי ושנתי לשנת 2019,pdf1,8539,483,rpdf/1287001-1288000/P1287784-00.pdf,data/sources/pdf/harel/2019FY/1287784_annual.pdf,b8dabedd9d92adbe272db5a2ded420dbed5bdae6a4af11d323a6807803e7f77d
1287790,harel,2020-03-31 14:24:18.413,presentation,2019FY,מצגת משקיעים - סיכום התוצאות הכספיות לשנת 2019,htm,44,,rhtm/1287001-1288000/H1287790.htm,,
1287790,harel,2020-03-31 14:24:18.413,presentation,2019FY,מצגת משקיעים - סיכום התוצאות הכספיות לשנת 2019,pdf1,12698,28,rpdf/1287001-1288000/P1287790-00.pdf,data/sources/pdf/harel/2019FY/1287790_presentation.pdf,1924c11bd1bde4b3caba653170709ed3735c4d690f8fcea4474883c4ecc8b660
1300966,harel,2020-06-10 18:37:15.147,liabilities,2020Q1,"מצבת התחייבות החברה ליום 31.3.20, לפי מועדי פרעון",htm,201,,rhtm/1300001-1301000/H1300966.htm,,
1300971,harel,2020-06-10 18:42:25.07,quarterly,2020Q1,דוח רבעון 1 לשנת 2020,htm,104,,rhtm/1300001-1301000/H1300971.htm,,
1300971,harel,2020-06-10 18:42:25.07,quarterly,2020Q1,דוח רבעון 1 לשנת 2020,pdf1,2597,116,rpdf/1300001-1301000/P1300971-00.pdf,data/sources/pdf/harel/2020Q1/1300971_quarterly.pdf,f6b032ea928f823e2d5b70f7cedbb735affed8e1435122703756ba6a959f279e
1300971,harel,2020-06-10 18:42:25.07,quarterly,2020Q1,דוח רבעון 1 לשנת 2020,xbrl,18,,xbrl/1300001-1301000/X1300971.xbrl,,
1300974,harel,2020-06-10 19:04:16.227,presentation,2020Q1,"מצגת למשקיעים - רבעון 1, 2020",pdf1,12904,30,rpdf/1300001-1301000/P1300974-00.pdf,data/sources/pdf/harel/2020Q1/1300974_presentation.pdf,9239bcad2ecd3d79a136810cf7f05f56c3457d5cf62453d6086a0bdaad04d5e9
1300974,harel,2020-06-10 19:04:16.227,presentation,2020Q1,"מצגת למשקיעים - רבעון 1, 2020",htm,44,,rhtm/1300001-1301000/H1300974.htm,,
1318488,harel,2020-08-31 12:02:31.437,liabilities,2020Q2,"מצבת התחייבות החברה ליום 30.6.20, לפי מועדי פרעון",htm,198,,rhtm/1318001-1319000/H1318488.htm,,
1318491,harel,2020-08-31 12:07:23.147,quarterly,2020Q2,דוח רבעון 2 לשנת 2020,xbrl,18,,xbrl/1318001-1319000/X1318491.xbrl,,
1318491,harel,2020-08-31 12:07:23.147,quarterly,2020Q2,דוח רבעון 2 לשנת 2020,pdf1,2919,139,rpdf/1318001-1319000/P1318491-00.pdf,data/sources/pdf/harel/2020Q2/1318491_quarterly.pdf,5d4ef75da4abf6a6cf914f4b6a642474b0a06e539312385c81a1d139fe1c0c7b
1318491,harel,2020-08-31 12:07:23.147,quarterly,2020Q2,דוח רבעון 2 לשנת 2020,htm,98,,rhtm/1318001-1319000/H1318491.htm,,
1318501,harel,2020-08-31 12:34:16.74,presentation,2020Q2,מצגת למשקיעים - רבעון 2 2020,pdf1,8039,36,rpdf/1318001-1319000/P1318501-00.pdf,data/sources/pdf/harel/2020Q2/1318501_presentation.pdf,63533cf8d104dfcda197f8ed2bd4bcaa9cbcfd75e6a37468a22a84c3c508f072
1318501,harel,2020-08-31 12:34:16.74,presentation,2020Q2,מצגת למשקיעים - רבעון 2 2020,htm,42,,rhtm/1318001-1319000/H1318501.htm,,
1328547,harel,2020-10-28 16:36:22.103,solvency,2020Q3,דוח יחס כושר פירעון כלכלי של החברה הבת - הראל חברה לביטוח ליום 31.12.219,pdf1,790,22,rpdf/1328001-1329000/P1328547-00.pdf,data/sources/pdf/harel/2020Q3/1328547_solvency.pdf,e60b5d2cb8932d2f3506e933b4458b2edce2397b6db8e0cad30146676bc2c914
1328547,harel,2020-10-28 16:36:22.103,solvency,2020Q3,דוח יחס כושר פירעון כלכלי של החברה הבת - הראל חברה לביטוח ליום 31.12.219,htm,42,,rhtm/1328001-1329000/H1328547.htm,,
1328575,harel,2020-10-28 18:14:29.343,solvency,2019FY,"דוח יחס כושר פירעון כלכלי של החברה הבת - הראל חברה לביטוח בע""מ ליום 31.12.19-תיקון ,טעות סופר",htm,45,,rhtm/1328001-1329000/H1328575.htm,,
1328575,harel,2020-10-28 18:14:29.343,solvency,2019FY,"דוח יחס כושר פירעון כלכלי של החברה הבת - הראל חברה לביטוח בע""מ ליום 31.12.19-תיקון ,טעות סופר",pdf1,790,22,rpdf/1328001-1329000/P1328575-00.pdf,data/sources/pdf/harel/2019FY/1328575_solvency.pdf,36dca51668828fd969cc0f3cfa0d9c29d53b4cf22f663a616a70a25905ed2ce9
1328866,harel,2020-10-29 19:28:19.917,solvency,2019FY,"דוח יחס כושר פירעון כלכלי של החברה הבת - הראל חברה לביטוח בע""מ ליום 31.12.19-תיקון-עדכון הסיווג",htm,45,,rhtm/1328001-1329000/H1328866.htm,,
1328866,harel,2020-10-29 19:28:19.917,solvency,2019FY,"דוח יחס כושר פירעון כלכלי של החברה הבת - הראל חברה לביטוח בע""מ ליום 31.12.19-תיקון-עדכון הסיווג",pdf1,1241,22,rpdf/1328001-1329000/P1328866-00.pdf,data/sources/pdf/harel/2019FY/1328866_solvency.pdf,e2f2098f38e507faacd0b4d214585473f4d9b25b3cc64c9dfb5a65a656235f2c
1335909,harel,2020-11-30 11:26:23.617,liabilities,2020Q3,"מצבת התחייבות החברה ליום 30.9.20, לפי מועדי פרעון",htm,198,,rhtm/1335001-1336000/H1335909.htm,,
1335913,harel,2020-11-30 11:32:27.73,quarterly,2020Q3,דוח רבעון 3 לשנת 2020,pdf1,3603,143,rpdf/1335001-1336000/P1335913-00.pdf,data/sources/pdf/harel/2020Q3/1335913_quarterly.pdf,baefef7b48d89ce3916b0dcbafdf872b948c18fcb8ec95bf2b104b5ce26a2aa6
1335913,harel,2020-11-30 11:32:27.73,quarterly,2020Q3,דוח רבעון 3 לשנת 2020,htm,98,,rhtm/1335001-1336000/H1335913.htm,,
1335913,harel,2020-11-30 11:32:27.73,quarterly,2020Q3,דוח רבעון 3 לשנת 2020,xbrl,18,,xbrl/1335001-1336000/X1335913.xbrl,,
1335919,harel,2020-11-30 11:59:27.05,presentation,2020Q3,מצגת למשקיעים  - רבעון 3 2020,pdf1,9102,38,rpdf/1335001-1336000/P1335919-00.pdf,data/sources/pdf/harel/2020Q3/1335919_presentation.pdf,3a62e2714fcee45c2064446d17a9b13489505497cd416d75283e52c230e3e776
1335919,harel,2020-11-30 11:59:27.05,presentation,2020Q3,מצגת למשקיעים  - רבעון 3 2020,htm,42,,rhtm/1335001-1336000/H1335919.htm,,
1336046,harel,2020-11-30 14:37:13.733,solvency,2019FY,דוח יחס כושר פרעון של הראל בטוח( בת) ל-31.12.19,pdf1,109,2,rpdf/1336001-1337000/P1336046-00.pdf,data/sources/pdf/harel/2019FY/1336046_solvency.pdf,cf2f2274a75c078a57c482ded7b8f38f071e6dac5044950cefbf38a3956c790d
1336046,harel,2020-11-30 14:37:13.733,solvency,2019FY,דוח יחס כושר פרעון של הראל בטוח( בת) ל-31.12.19,htm,42,,rhtm/1336001-1337000/H1336046.htm,,
1336258,harel,2020-11-30 18:32:26.237,quarterly,2020Q3,דוח רבעון 3 לשנת 2020- תיקון טעות סופר,pdf1,3531,143,rpdf/1336001-1337000/P1336258-00.pdf,data/sources/pdf/harel/2020Q3/1336258_quarterly.pdf,4b8adddae4e73cd7b4785143483cb1d5667914684a1f583346de5be0b5c33c1b
1336258,harel,2020-11-30 18:32:26.237,quarterly,2020Q3,דוח רבעון 3 לשנת 2020- תיקון טעות סופר,xbrl,19,,xbrl/1336001-1337000/X1336258.xbrl,,
1336258,harel,2020-11-30 18:32:26.237,quarterly,2020Q3,דוח רבעון 3 לשנת 2020- תיקון טעות סופר,htm,101,,rhtm/1336001-1337000/H1336258.htm,,
1358990,harel,2021-03-21 11:55:23.853,liabilities,2020FY,"מצבת התחייבות החברה ליום 31.12.20, לפי מועדי פרעון",htm,198,,rhtm/1358001-1359000/H1358990.htm,,
1358992,harel,2021-03-21 11:59:21.413,annual,2020FY,דוח תקופתי ושנתי לשנת 2020,htm,100,,rhtm/1358001-1359000/H1358992.htm,,
1358992,harel,2021-03-21 11:59:21.413,annual,2020FY,דוח תקופתי ושנתי לשנת 2020,xbrl,19,,xbrl/1358001-1359000/X1358992.xbrl,,
1358992,harel,2021-03-21 11:59:21.413,annual,2020FY,דוח תקופתי ושנתי לשנת 2020,pdf1,12068,499,rpdf/1358001-1359000/P1358992-00.pdf,data/sources/pdf/harel/2020FY/1358992_annual.pdf,3174197148f0da3bc13eccef922b6acf1d249546845266c9d2d94acb68fb1362
1358994,harel,2021-03-21 12:21:23.5,presentation,2020FY,מצגת למשקיעים- דוחות כספיים לשנת 2020,pdf1,4988,33,rpdf/1358001-1359000/P1358994-00.pdf,data/sources/pdf/harel/2020FY/1358994_presentation.pdf,9dbad8a70defc23a7e396b8c9eeaba972311c55614be9acc2667b55e2c180f52
1358994,harel,2021-03-21 12:21:23.5,presentation,2020FY,מצגת למשקיעים- דוחות כספיים לשנת 2020,htm,41,,rhtm/1358001-1359000/H1358994.htm,,
1359023,harel,2021-03-21 13:14:30.717,annual,2020FY,דוח תקופתי ושנתי לשנת 2020 - צירוף קובץ מעודכן,xbrl,19,,xbrl/1359001-1360000/X1359023.xbrl,,
1359023,harel,2021-03-21 13:14:30.717,annual,2020FY,דוח תקופתי ושנתי לשנת 2020 - צירוף קובץ מעודכן,htm,103,,rhtm/1359001-1360000/H1359023.htm,,
1359023,harel,2021-03-21 13:14:30.717,annual,2020FY,דוח תקופתי ושנתי לשנת 2020 - צירוף קובץ מעודכן,pdf1,11913,499,rpdf/1359001-1360000/P1359023-00.pdf,data/sources/pdf/harel/2020FY/1359023_annual.pdf,e0bfeeb14c4498e2dcdf1913c61640ea92a2ed37f3800d3a454302cb9914fa87
1373110,harel,2021-05-30 11:48:15.62,liabilities,2021Q1,"מצבת התחייבות החברה ליום 31.3.21, לפי מועדי פרעון",htm,197,,rhtm/1373001-1374000/H1373110.htm,,
1373112,harel,2021-05-30 11:53:24.983,quarterly,2021Q1,דוח רבעון 1 לשנת 2021,xbrl,18,,xbrl/1373001-1374000/X1373112.xbrl,,
1373112,harel,2021-05-30 11:53:24.983,quarterly,2021Q1,דוח רבעון 1 לשנת 2021,pdf1,2258,103,rpdf/1373001-1374000/P1373112-00.pdf,data/sources/pdf/harel/2021Q1/1373112_quarterly.pdf,bfbfcaa33fa60c3b0d54c9a04604a87102fd821c720b3a089095d257076fd3a9
1373112,harel,2021-05-30 11:53:24.983,quarterly,2021Q1,דוח רבעון 1 לשנת 2021,htm,99,,rhtm/1373001-1374000/H1373112.htm,,
1373114,harel,2021-05-30 12:16:26.11,presentation,2021Q1,מצגת למשקיעים - דוח רבעון 1 2021,pdf1,5841,28,rpdf/1373001-1374000/P1373114-00.pdf,data/sources/pdf/harel/2021Q1/1373114_presentation.pdf,07009250c1620dc06c567555d9deea8276a9dffd2086d1d8ed45b83f72158ed5
1373114,harel,2021-05-30 12:16:26.11,presentation,2021Q1,מצגת למשקיעים - דוח רבעון 1 2021,htm,41,,rhtm/1373001-1374000/H1373114.htm,,
1373137,harel,2021-05-30 12:31:34.22,liabilities,2021Q1,"מצבת התחייבות החברה ליום 31.3.21, לפי מועדי פרעון - תיקון דוח",htm,200,,rhtm/1373001-1374000/H1373137.htm,,
1382872,harel,2021-06-30 18:01:24.38,solvency,2020FY,דוח יחס כושר פירעון כלכלי של החברה הבת הראל חברה לביטוח ליום 31.12.20,pdf1,1184,21,rpdf/1382001-1383000/P1382872-00.pdf,data/sources/pdf/harel/2020FY/1382872_solvency.pdf,470a607f52b436b4a7ae92b1ef3ddc0583b75cf27763759b2959590ec87d55ba
1382872,harel,2021-06-30 18:01:24.38,solvency,2020FY,דוח יחס כושר פירעון כלכלי של החברה הבת הראל חברה לביטוח ליום 31.12.20,htm,41,,rhtm/1382001-1383000/H1382872.htm,,
1398192,harel,2021-08-30 13:30:26.343,liabilities,2021Q2,"מצבת התחייבות החברה ליום 30.6.21, לפי מועדי פרעון",htm,197,,rhtm/1398001-1399000/H1398192.htm,,
1398197,harel,2021-08-30 13:35:22.427,quarterly,2021Q2,דוח רבעון 2/חצי שנתי לשנת 2021,htm,99,,rhtm/1398001-1399000/H1398197.htm,,
1398197,harel,2021-08-30 13:35:22.427,quarterly,2021Q2,דוח רבעון 2/חצי שנתי לשנת 2021,pdf1,3335,122,rpdf/1398001-1399000/P1398197-00.pdf,data/sources/pdf/harel/2021Q2/1398197_quarterly.pdf,6576d6299d7c86fc9710bdbd238b46659c6694b8321bf1d760debb622defb3af
1398197,harel,2021-08-30 13:35:22.427,quarterly,2021Q2,דוח רבעון 2/חצי שנתי לשנת 2021,xbrl,18,,xbrl/1398001-1399000/X1398197.xbrl,,
1398207,harel,2021-08-30 14:06:32.61,presentation,2021Q2,מצגת סיכום תוצאות כספיות לחציון 1 2021,pdf1,5355,36,rpdf/1398001-1399000/P1398207-00.pdf,data/sources/pdf/harel/2021Q2/1398207_presentation.pdf,f2a60a37ce3a69364c4d241f51774836d0cec3103e62f2cc889c09cb77c37332
1398207,harel,2021-08-30 14:06:32.61,presentation,2021Q2,מצגת סיכום תוצאות כספיות לחציון 1 2021,htm,41,,rhtm/1398001-1399000/H1398207.htm,,
1414614,harel,2021-11-29 13:14:28.303,liabilities,2021Q3,"מצבת התחייבות החברה ליום 30.9.21, לפי מועדי פרעון",htm,197,,rhtm/1414001-1415000/H1414614.htm,,
1414624,harel,2021-11-29 13:30:30.557,quarterly,2021Q3,דוח רבעון 3 לשנת 2021,pdf1,3462,124,rpdf/1414001-1415000/P1414624-00.pdf,data/sources/pdf/harel/2021Q3/1414624_quarterly.pdf,3ab6b034c39075a8210343de246d96a2d9ff8d59923ffe12e0b176e15967cfe5
1414624,harel,2021-11-29 13:30:30.557,quarterly,2021Q3,דוח רבעון 3 לשנת 2021,htm,99,,rhtm/1414001-1415000/H1414624.htm,,
1414624,harel,2021-11-29 13:30:30.557,quarterly,2021Q3,דוח רבעון 3 לשנת 2021,xbrl,18,,xbrl/1414001-1415000/X1414624.xbrl,,
1414625,harel,2021-11-29 13:51:20.32,presentation,2021Q3,מצגת סיכום התוצאות הכספיות,htm,41,,rhtm/1414001-1415000/H1414625.htm,,
1414625,harel,2021-11-29 13:51:20.32,presentation,2021Q3,מצגת סיכום התוצאות הכספיות,pdf1,2313,31,rpdf/1414001-1415000/P1414625-00.pdf,data/sources/pdf/harel/2021Q3/1414625_presentation.pdf,0855f76402e8c98799cce4d4458fab18157b7352e8fd3b42ffe8af3573969585
1439611,harel,2022-03-28 11:09:28.23,liabilities,2021FY,"מצבת התחייבות החברה ליום 31.12.21, לפי מועדי פרעון",htm,197,,rhtm/1439001-1440000/H1439611.htm,,
1439613,harel,2022-03-28 11:16:30.993,annual,2021FY,דוח תקופתי ושנתי לשנת 2021,htm,100,,rhtm/1439001-1440000/H1439613.htm,,
1439613,harel,2022-03-28 11:16:30.993,annual,2021FY,דוח תקופתי ושנתי לשנת 2021,pdf1,11631,510,rpdf/1439001-1440000/P1439613-00.pdf,data/sources/pdf/harel/2021FY/1439613_annual.pdf,98d8044ccc248669e8078780fcb0f98660bc668cd41b6cdcde29c5adf088ca43
1439613,harel,2022-03-28 11:16:30.993,annual,2021FY,דוח תקופתי ושנתי לשנת 2021,xbrl,19,,xbrl/1439001-1440000/X1439613.xbrl,,
1439619,harel,2022-03-28 11:36:19.81,presentation,2021FY,מצגת למשקיעים-2021,htm,41,,rhtm/1439001-1440000/H1439619.htm,,
1439619,harel,2022-03-28 11:36:19.81,presentation,2021FY,מצגת למשקיעים-2021,pdf1,2803,27,rpdf/1439001-1440000/P1439619-00.pdf,data/sources/pdf/harel/2021FY/1439619_presentation.pdf,42d9afe9297dc60930d71d55469fc76e5e3f8ce49e0b074fe1195032371992a4
1453195,harel,2022-05-30 13:09:17.993,liabilities,2022Q1,"מצבת התחייבות החברה ליום 31.3.22, לפי מועדי פרעון",htm,197,,rhtm/1453001-1454000/H1453195.htm,,
1453199,harel,2022-05-30 13:16:16.893,quarterly,2022Q1,דוח רבעון 1 לשנת 2022,htm,100,,rhtm/1453001-1454000/H1453199.htm,,
1453199,harel,2022-05-30 13:16:16.893,quarterly,2022Q1,דוח רבעון 1 לשנת 2022,pdf1,1740,105,rpdf/1453001-1454000/P1453199-00.pdf,data/sources/pdf/harel/2022Q1/1453199_quarterly.pdf,cccbdc134d331330fe6ae699489561e97187088dd9f1935e4c5f58f170dfa810
1453199,harel,2022-05-30 13:16:16.893,quarterly,2022Q1,דוח רבעון 1 לשנת 2022,xbrl,18,,xbrl/1453001-1454000/X1453199.xbrl,,
1453203,harel,2022-05-30 13:38:31.053,presentation,2022Q1,מצגת לשוק ההון- לתקופה Q1.22,htm,41,,rhtm/1453001-1454000/H1453203.htm,,
1453203,harel,2022-05-30 13:38:31.053,presentation,2022Q1,מצגת לשוק ההון- לתקופה Q1.22,pdf1,2427,23,rpdf/1453001-1454000/P1453203-00.pdf,data/sources/pdf/harel/2022Q1/1453203_presentation.pdf,1017d7096e622370b4482a206dab854033158140af7e86447b94edea7afec1ed
1453207,harel,2022-05-30 13:45:27.143,solvency,2021FY,דוח יחס כושר פירעון כלכלי של החברה הבת הראל חברה לביטוח ליום 31.12.21,htm,41,,rhtm/1453001-1454000/H1453207.htm,,
1453207,harel,2022-05-30 13:45:27.143,solvency,2021FY,דוח יחס כושר פירעון כלכלי של החברה הבת הראל חברה לביטוח ליום 31.12.21,pdf1,783,23,rpdf/1453001-1454000/P1453207-00.pdf,data/sources/pdf/harel/2021FY/1453207_solvency.pdf,098157a793d96807add43dd30caf2edfa4ff528dbd5cd840d75f930a68718abb
1473524,harel,2022-08-29 11:08:20.323,liabilities,2022Q2,"מצבת התחייבות החברה ליום 30.6.22, לפי מועדי פרעון",htm,197,,rhtm/1473001-1474000/H1473524.htm,,
1473526,harel,2022-08-29 11:11:21.607,quarterly,2022Q2,דוח רבעון 2/חצי שנתי לשנת 2022,htm,99,,rhtm/1473001-1474000/H1473526.htm,,
1473526,harel,2022-08-29 11:11:21.607,quarterly,2022Q2,דוח רבעון 2/חצי שנתי לשנת 2022,xbrl,18,,xbrl/1473001-1474000/X1473526.xbrl,,
1473526,harel,2022-08-29 11:11:21.607,quarterly,2022Q2,דוח רבעון 2/חצי שנתי לשנת 2022,pdf1,2716,123,rpdf/1473001-1474000/P1473526-00.pdf,data/sources/pdf/harel/2022Q2/1473526_quarterly.pdf,c9d4ccfa056ec4f3a494d8d05eed53c2c87a26b3ec14841a28fcce7f80d16842
1473528,harel,2022-08-29 11:37:18.25,presentation,2022Q2,מצגת למשקיעים - רבעון 2 2022,htm,42,,rhtm/1473001-1474000/H1473528.htm,,
1473528,harel,2022-08-29 11:37:18.25,presentation,2022Q2,מצגת למשקיעים - רבעון 2 2022,pdf1,1967,26,rpdf/1473001-1474000/P1473528-00.pdf,data/sources/pdf/harel/2022Q2/1473528_presentation.pdf,855a73f70a55779898ecf54454e632813685345f9d1f2f334e80bb4538fbe4e0
1488420,harel,2022-11-27 09:46:21.23,liabilities,2022Q3,"מצבת התחייבות החברה ליום 30.9.22, לפי מועדי פרעון",htm,197,,rhtm/1488001-1489000/H1488420.htm,,
1488843,harel,2022-11-28 12:00:32.323,quarterly,2022Q3,דוח רבעון 3 לשנת 2022,htm,99,,rhtm/1488001-1489000/H1488843.htm,,
1488843,harel,2022-11-28 12:00:32.323,quarterly,2022Q3,דוח רבעון 3 לשנת 2022,pdf1,2138,127,rpdf/1488001-1489000/P1488843-00.pdf,data/sources/pdf/harel/2022Q3/1488843_quarterly.pdf,eb5e0e858a02c234912f690cef237187a29043c23bbe2b0c3a4569d440113de7
1488843,harel,2022-11-28 12:00:32.323,quarterly,2022Q3,דוח רבעון 3 לשנת 2022,xbrl,18,,xbrl/1488001-1489000/X1488843.xbrl,,
1488846,harel,2022-11-28 12:22:24.41,presentation,2022Q3,מצגת למשקיעים -רבעון 3 2022,pdf1,3422,27,rpdf/1488001-1489000/P1488846-00.pdf,data/sources/pdf/harel/2022Q3/1488846_presentation.pdf,06e41c779db20ca7c9a845537d27c72d10e7ccf42934780d81be36dd96ea8fb1
1488846,harel,2022-11-28 12:22:24.41,presentation,2022Q3,מצגת למשקיעים -רבעון 3 2022,htm,42,,rhtm/1488001-1489000/H1488846.htm,,
1488853,harel,2022-11-28 12:29:12.763,solvency,2022Q2,דוח יחס כושר פירעון כלכלי של הראל חברה לביטוח (בת) ליום 30.6.22,htm,41,,rhtm/1488001-1489000/H1488853.htm,,
1488853,harel,2022-11-28 12:29:12.763,solvency,2022Q2,דוח יחס כושר פירעון כלכלי של הראל חברה לביטוח (בת) ליום 30.6.22,pdf1,233,21,rpdf/1488001-1489000/P1488853-00.pdf,data/sources/pdf/harel/2022Q2/1488853_solvency.pdf,461bbe64610ff3c02969c9deda988968a2c2ed779c71c6197d3f6d1cfad64775
1514909,harel,2023-03-30 12:16:22.183,liabilities,2022FY,"מצבת התחייבות החברה ליום 31.12.22, לפי מועדי פרעון",htm,223,,rhtm/1514001-1515000/H1514909.htm,,
1514952,harel,2023-03-30 13:02:18.873,annual,2022FY,דוח תקופתי ושנתי לשנת 2022,pdf1,9608,499,rpdf/1514001-1515000/P1514952-00.pdf,data/sources/pdf/harel/2022FY/1514952_annual.pdf,6e88819e92ac6cd680e96cab21416f63aefcc77ad106816fc11144fcac15e2ff
1514952,harel,2023-03-30 13:02:18.873,annual,2022FY,דוח תקופתי ושנתי לשנת 2022,htm,106,,rhtm/1514001-1515000/H1514952.htm,,
1514952,harel,2023-03-30 13:02:18.873,annual,2022FY,דוח תקופתי ושנתי לשנת 2022,xbrl,19,,xbrl/1514001-1515000/X1514952.xbrl,,
1514970,harel,2023-03-30 13:39:21.727,presentation,2022FY,מצגת דוחות כספיים לשנת 2022,htm,42,,rhtm/1514001-1515000/H1514970.htm,,
1514970,harel,2023-03-30 13:39:21.727,presentation,2022FY,מצגת דוחות כספיים לשנת 2022,pdf1,6179,37,rpdf/1514001-1515000/P1514970-00.pdf,data/sources/pdf/harel/2022FY/1514970_presentation.pdf,c6584cf0f874efd4a9687602d8fb8ade24022d378f9710e07df9889315ae2e1c
1524696,harel,2023-05-29 11:30:17.803,liabilities,2023Q1,"מצבת התחייבות החברה ליום 31.3.23, לפי מועדי פרעון",htm,223,,rhtm/1524001-1525000/H1524696.htm,,
1524720,harel,2023-05-29 12:48:15.32,quarterly,2023Q1,דוח רבעון 1 לשנת 2023,htm,105,,rhtm/1524001-1525000/H1524720.htm,,
1524720,harel,2023-05-29 12:48:15.32,quarterly,2023Q1,דוח רבעון 1 לשנת 2023,pdf1,1501,113,rpdf/1524001-1525000/P1524720-00.pdf,data/sources/pdf/harel/2023Q1/1524720_quarterly.pdf,51cd51500dd06ec9bf16855ba96ff4191525d4ea15544104ae50c080b7d36d72
1524720,harel,2023-05-29 12:48:15.32,quarterly,2023Q1,דוח רבעון 1 לשנת 2023,xbrl,18,,xbrl/1524001-1525000/X1524720.xbrl,,
1524726,harel,2023-05-29 13:17:30.84,presentation,2023Q1,מצגת למשקיעים -רבעון 1 2023,htm,42,,rhtm/1524001-1525000/H1524726.htm,,
1524726,harel,2023-05-29 13:17:30.84,presentation,2023Q1,מצגת למשקיעים -רבעון 1 2023,pdf1,3509,21,rpdf/1524001-1525000/P1524726-00.pdf,data/sources/pdf/harel/2023Q1/1524726_presentation.pdf,eb60ae1663db0453db15ef5c0c354d84fa4e7214badf9d144b08e361b26d6dd1
1524749,harel,2023-05-29 14:36:22.623,solvency,2022FY,דוח יחס כושר פירעון כלכלי של הראל חברה לביטוח (בת) ליום 31.12.22,pdf1,534,23,rpdf/1524001-1525000/P1524749-00.pdf,data/sources/pdf/harel/2022FY/1524749_solvency.pdf,8d035a6921a6091a1102c08217c5c276ab6de73cf1679aea954d0fd6b5b64e09
1524749,harel,2023-05-29 14:36:22.623,solvency,2022FY,דוח יחס כושר פירעון כלכלי של הראל חברה לביטוח (בת) ליום 31.12.22,htm,42,,rhtm/1524001-1525000/H1524749.htm,,
1544493,harel,2023-08-30 11:39:17.49,liabilities,2023Q2,"מצבת התחייבות החברה ליום 30.6.23, לפי מועדי פרעון",htm,223,,rhtm/1544001-1545000/H1544493.htm,,
1544494,harel,2023-08-30 11:45:22.86,quarterly,2023Q2,דוח רבעון 2/חצי שנתי לשנת 2023,xbrl,18,,xbrl/1544001-1545000/X1544494.xbrl,,
1544494,harel,2023-08-30 11:45:22.86,quarterly,2023Q2,דוח רבעון 2/חצי שנתי לשנת 2023,pdf1,2636,128,rpdf/1544001-1545000/P1544494-00.pdf,data/sources/pdf/harel/2023Q2/1544494_quarterly.pdf,1f25f05679f2478c11efcfb7f39bfc79735e66467e101775959786408100bcd7
1544494,harel,2023-08-30 11:45:22.86,quarterly,2023Q2,דוח רבעון 2/חצי שנתי לשנת 2023,htm,105,,rhtm/1544001-1545000/H1544494.htm,,
1544496,harel,2023-08-30 12:07:19.977,presentation,2023Q2,מצגת למשקיעים - רבעון 2 2023,pdf1,3216,25,rpdf/1544001-1545000/P1544496-00.pdf,data/sources/pdf/harel/2023Q2/1544496_presentation.pdf,502f72b185fbc4a445b0517a262c914a68c41f3b2af67a58faaee822c9141949
1544496,harel,2023-08-30 12:07:19.977,presentation,2023Q2,מצגת למשקיעים - רבעון 2 2023,htm,42,,rhtm/1544001-1545000/H1544496.htm,,
1560150,harel,2023-11-28 07:22:14.193,liabilities,2023Q3,"מצבת התחייבות החברה ליום 30.9.23, לפי מועדי פרעון",htm,224,,rhtm/1560001-1561000/H1560150.htm,,
1560152,harel,2023-11-28 07:26:15.703,quarterly,2023Q3,דוח רבעון 3 לשנת 2023,xbrl,18,,xbrl/1560001-1561000/X1560152.xbrl,,
1560152,harel,2023-11-28 07:26:15.703,quarterly,2023Q3,דוח רבעון 3 לשנת 2023,htm,105,,rhtm/1560001-1561000/H1560152.htm,,
1560152,harel,2023-11-28 07:26:15.703,quarterly,2023Q3,דוח רבעון 3 לשנת 2023,pdf1,2836,145,rpdf/1560001-1561000/P1560152-00.pdf,data/sources/pdf/harel/2023Q3/1560152_quarterly.pdf,76bc4c4b57d1a47bfd16d10c46691c6b1584a468a51bfa6f26261a5bcd17278f
1560153,harel,2023-11-28 07:50:15.087,presentation,2023Q3,מצגת למשקיעים - רבעון  3 2023,pdf1,3216,36,rpdf/1560001-1561000/P1560153-00.pdf,data/sources/pdf/harel/2023Q3/1560153_presentation.pdf,0fb5e94e99ffae2e85c7689b47dcc4f0cf4fd7fe8310165dee777dfdce7730fc
1560153,harel,2023-11-28 07:50:15.087,presentation,2023Q3,מצגת למשקיעים - רבעון  3 2023,htm,42,,rhtm/1560001-1561000/H1560153.htm,,
1560156,harel,2023-11-28 08:01:15.14,solvency,2023Q2,דוח יחס כושר פירעון כלכלי 30.6.2023- הראל ביטוח,pdf1,318,24,rpdf/1560001-1561000/P1560156-00.pdf,data/sources/pdf/harel/2023Q2/1560156_solvency.pdf,420361ecd90a37251358cbc93dc0d855092227bb1a7260b6afb3508246fe489e
1560156,harel,2023-11-28 08:01:15.14,solvency,2023Q2,דוח יחס כושר פירעון כלכלי 30.6.2023- הראל ביטוח,htm,42,,rhtm/1560001-1561000/H1560156.htm,,
1583588,harel,2024-03-31 06:38:18.497,liabilities,2023FY,"מצבת התחייבות החברה ליום 31.12.23, לפי מועדי פרעון",htm,224,,rhtm/1583001-1584000/H1583588.htm,,
1583589,harel,2024-03-31 06:43:15.097,annual,2023FY,דוח תקופתי ושנתי לשנת 2023,htm,108,,rhtm/1583001-1584000/H1583589.htm,,
1583589,harel,2024-03-31 06:43:15.097,annual,2023FY,דוח תקופתי ושנתי לשנת 2023,xbrl,19,,xbrl/1583001-1584000/X1583589.xbrl,,
1583589,harel,2024-03-31 06:43:15.097,annual,2023FY,דוח תקופתי ושנתי לשנת 2023,pdf1,10248,515,rpdf/1583001-1584000/P1583589-00.pdf,data/sources/pdf/harel/2023FY/1583589_annual.pdf,d9212f88d74ab16d0b4643741363db7f3456488ad00e5b51ad712d34db3d44b7
1583591,harel,2024-03-31 07:25:13.073,presentation,2023FY,מצגת למשקיעים - דוח שנת 2023,htm,42,,rhtm/1583001-1584000/H1583591.htm,,
1583591,harel,2024-03-31 07:25:13.073,presentation,2023FY,מצגת למשקיעים - דוח שנת 2023,pdf1,1533,19,rpdf/1583001-1584000/P1583591-00.pdf,data/sources/pdf/harel/2023FY/1583591_presentation.pdf,8e4ffb8e12bf2d743ada31c47f13f020f31e32d6a21552aaaca247aca27a18ba
1583705,harel,2024-03-31 09:31:13.09,presentation,2023FY,Financial Statements 2023 Investor Presentation,htm,41,,rhtm/1583001-1584000/H1583705.htm,,
1583705,harel,2024-03-31 09:31:13.09,presentation,2023FY,Financial Statements 2023 Investor Presentation,pdf1,1764,20,rpdf/1583001-1584000/P1583705-00.pdf,data/sources/pdf/harel/2023FY/1583705_presentation.pdf,b417d61e56d9a55c109bdbfe1800d582cf0052d07bfa2099dcc9c8fe68aa32ce
1584771,harel,2024-04-02 08:58:15.053,presentation,2023FY,מצגת אסטרטגיה,htm,42,,rhtm/1584001-1585000/H1584771.htm,,
1584771,harel,2024-04-02 08:58:15.053,presentation,2023FY,מצגת אסטרטגיה,pdf1,2965,34,rpdf/1584001-1585000/P1584771-00.pdf,data/sources/pdf/harel/2023FY/1584771_presentation.pdf,e42bec987ef546fb02c3af76656735065ad13134278c8f83ca20eaa96f641b63
1584772,harel,2024-04-02 09:02:11.737,presentation,2023FY,Strategy Presentation,htm,39,,rhtm/1584001-1585000/H1584772.htm,,
1584772,harel,2024-04-02 09:02:11.737,presentation,2023FY,Strategy Presentation,pdf1,3285,34,rpdf/1584001-1585000/P1584772-00.pdf,data/sources/pdf/harel/2023FY/1584772_presentation.pdf,9ebdb6cf5094c1156295b9418acdfc9da5cca7b4c214841156ac5c410ed1d67c
1591794,harel,2024-05-12 15:18:13.347,annual,2023FY,Harel Insurance Investments & Financial Services Ltd. Periodic Report for 2023 - translated version,htm,40,,rhtm/1591001-1592000/H1591794.htm,,
1591794,harel,2024-05-12 15:18:13.347,annual,2023FY,Harel Insurance Investments & Financial Services Ltd. Periodic Report for 2023 - translated version,pdf1,9838,593,rpdf/1591001-1592000/P1591794-00.pdf,data/sources/pdf/harel/2023FY/1591794_annual.pdf,0edece65ddb9e0569bf6772418e535a4e28928b55d908db409b4abf8b63f1a0c
1595215,harel,2024-05-29 08:24:13.02,liabilities,2024Q1,"מצבת התחייבות החברה ליום 31.3.24, לפי מועדי פרעון",htm,224,,rhtm/1595001-1596000/H1595215.htm,,
1595222,harel,2024-05-29 08:29:13.443,quarterly,2024Q1,דוח רבעון 1 לשנת 2024,htm,107,,rhtm/1595001-1596000/H1595222.htm,,
1595222,harel,2024-05-29 08:29:13.443,quarterly,2024Q1,דוח רבעון 1 לשנת 2024,pdf1,2643,116,rpdf/1595001-1596000/P1595222-00.pdf,data/sources/pdf/harel/2024Q1/1595222_quarterly.pdf,5abe63cdc20ea44b8ebbf8406854d0a1d30109174a768396173d55b17fe9e42e
1595222,harel,2024-05-29 08:29:13.443,quarterly,2024Q1,דוח רבעון 1 לשנת 2024,xbrl,18,,xbrl/1595001-1596000/X1595222.xbrl,,
1595201,harel,2024-05-29 08:31:13.847,presentation,2024Q1,מצגת למשקיעים - דוח רבעון 1 2024,htm,42,,rhtm/1595001-1596000/H1595201.htm,,
1595201,harel,2024-05-29 08:31:13.847,presentation,2024Q1,מצגת למשקיעים - דוח רבעון 1 2024,pdf1,4022,39,rpdf/1595001-1596000/P1595201-00.pdf,data/sources/pdf/harel/2024Q1/1595201_presentation.pdf,396dc5d73e9bcb563ac8cc24bc1e1f484b4245ce2b93d53ef39b6bd10b2ead50
1595203,harel,2024-05-29 08:33:12.727,presentation,2024Q1,Financial Statements Q1 2024 Investor Presentation,htm,40,,rhtm/1595001-1596000/H1595203.htm,,
1595203,harel,2024-05-29 08:33:12.727,presentation,2024Q1,Financial Statements Q1 2024 Investor Presentation,pdf1,3986,40,rpdf/1595001-1596000/P1595203-00.pdf,data/sources/pdf/harel/2024Q1/1595203_presentation.pdf,4897d6b72e7a18fa9552bc6142acd4ec1731098f8aa7a8800f1ceec8f5beedd7
1595205,harel,2024-05-29 08:34:15.827,solvency,2023FY,דוח יחס כושר פירעון כלכלי של הראל ביטוח(בת) ליום 31.12.23,pdf1,592,24,rpdf/1595001-1596000/P1595205-00.pdf,data/sources/pdf/harel/2023FY/1595205_solvency.pdf,0f3a77ed592b874712b6b34be35534cbd5de69883811ade63a548acabee900ab
1595205,harel,2024-05-29 08:34:15.827,solvency,2023FY,דוח יחס כושר פירעון כלכלי של הראל ביטוח(בת) ליום 31.12.23,htm,42,,rhtm/1595001-1596000/H1595205.htm,,
1597554,harel,2024-06-09 18:15:11.56,quarterly,2024Q1,Interim Report for Q1 2024,pdf1,3424,132,rpdf/1597001-1598000/P1597554-00.pdf,data/sources/pdf/harel/2024Q1/1597554_quarterly.pdf,be38abdfe046d20161d1b6622fe1263e3b0a0b8888c9da87df2defadd4aaa1b7
1597554,harel,2024-06-09 18:15:11.56,quarterly,2024Q1,Interim Report for Q1 2024,htm,40,,rhtm/1597001-1598000/H1597554.htm,,
1614535,harel,2024-08-29 17:33:11.39,liabilities,2024Q2,"מצבת התחייבות החברה ליום 30.6.24, לפי מועדי פרעון",htm,224,,rhtm/1614001-1615000/H1614535.htm,,
1614539,harel,2024-08-29 17:34:15.65,quarterly,2024Q2,דוח רבעון 2/חצי שנתי לשנת 2024,xbrl,18,,xbrl/1614001-1615000/X1614539.xbrl,,
1614539,harel,2024-08-29 17:34:15.65,quarterly,2024Q2,דוח רבעון 2/חצי שנתי לשנת 2024,pdf1,3354,142,rpdf/1614001-1615000/P1614539-00.pdf,data/sources/pdf/harel/2024Q2/1614539_quarterly.pdf,517304d2acb69efd420f3cba9368d4865d43ba4cc132501cd1dcc58b97e8b3f9
1614539,harel,2024-08-29 17:34:15.65,quarterly,2024Q2,דוח רבעון 2/חצי שנתי לשנת 2024,htm,114,,rhtm/1614001-1615000/H1614539.htm,,
1614516,harel,2024-08-29 17:35:12.073,presentation,2024Q2,מצגת למשקיעים- דוח רבעון 2 2024,pdf1,2044,31,rpdf/1614001-1615000/P1614516-00.pdf,data/sources/pdf/harel/2024Q2/1614516_presentation.pdf,7ca2c84773fffd6718aa2093c743256f8074a6dbaaedb68730fee42d5efe0ebe
1614516,harel,2024-08-29 17:35:12.073,presentation,2024Q2,מצגת למשקיעים- דוח רבעון 2 2024,htm,42,,rhtm/1614001-1615000/H1614516.htm,,
1614518,harel,2024-08-29 17:36:13.197,presentation,2024Q2,Harel presentation Q2/2024,pdf1,2386,32,rpdf/1614001-1615000/P1614518-00.pdf,data/sources/pdf/harel/2024Q2/1614518_presentation.pdf,25d9fc587389f7de23dc3a9ab9c17580ce813abc6288ac7709c427b51cfde5bb
1614518,harel,2024-08-29 17:36:13.197,presentation,2024Q2,Harel presentation Q2/2024,htm,40,,rhtm/1614001-1615000/H1614518.htm,,
1617099,harel,2024-09-12 13:02:15.68,quarterly,2024Q2,Harel Insurance Investments & Financial Services Ltd. Interim Report for Q2 2024 - translated version,htm,40,,rhtm/1617001-1618000/H1617099.htm,,
1617099,harel,2024-09-12 13:02:15.68,quarterly,2024Q2,Harel Insurance Investments & Financial Services Ltd. Interim Report for Q2 2024 - translated version,pdf1,2959,160,rpdf/1617001-1618000/P1617099-00.pdf,data/sources/pdf/harel/2024Q2/1617099_quarterly.pdf,79d156f6b29be05f13fd721b45e68147f6c51d4aa52a81e1b3ecc2a30743436c
1630063,harel,2024-11-28 07:59:15.777,liabilities,2024Q3,"מצבת התחייבות החברה ליום 30.9.24, לפי מועדי פרעון",htm,224,,rhtm/1630001-1631000/H1630063.htm,,
1630067,harel,2024-11-28 08:00:15.063,quarterly,2024Q3,דוח רבעון 3 לשנת 2024,htm,114,,rhtm/1630001-1631000/H1630067.htm,,
1630067,harel,2024-11-28 08:00:15.063,quarterly,2024Q3,דוח רבעון 3 לשנת 2024,pdf1,3359,150,rpdf/1630001-1631000/P1630067-00.pdf,data/sources/pdf/harel/2024Q3/1630067_quarterly.pdf,fa9758acb891630fb57b11d4d543ed2f0b5fecda20e3222abc682a16a60f8b22
1630067,harel,2024-11-28 08:00:15.063,quarterly,2024Q3,דוח רבעון 3 לשנת 2024,xbrl,18,,xbrl/1630001-1631000/X1630067.xbrl,,
1630056,harel,2024-11-28 08:01:16.197,presentation,2024Q3,מצגת למשקיעים - דוח רבעון 3 2024,htm,42,,rhtm/1630001-1631000/H1630056.htm,,
1630056,harel,2024-11-28 08:01:16.197,presentation,2024Q3,מצגת למשקיעים - דוח רבעון 3 2024,pdf1,2253,35,rpdf/1630001-1631000/P1630056-00.pdf,data/sources/pdf/harel/2024Q3/1630056_presentation.pdf,7200798c9ceeaefcc295d2bf6df9e8b899f42cf79801cc17f105283c6527d3e6
1630057,harel,2024-11-28 08:02:11.74,presentation,2024Q3,Financial Statements Q3 2024 Investor Presentation,htm,40,,rhtm/1630001-1631000/H1630057.htm,,
1630057,harel,2024-11-28 08:02:11.74,presentation,2024Q3,Financial Statements Q3 2024 Investor Presentation,pdf1,2615,36,rpdf/1630001-1631000/P1630057-00.pdf,data/sources/pdf/harel/2024Q3/1630057_presentation.pdf,a187ffd2edb72967d368dcda836a24a3b7ad3d2bd29d57d06e135bc1e9c8a877
1630058,harel,2024-11-28 08:03:12.97,solvency,2024Q2,"דוח יחס כושר פירעון כלכלי של החברה הבת - הראל חברה לביטוח, ל-30.6.24",pdf1,480,22,rpdf/1630001-1631000/P1630058-00.pdf,data/sources/pdf/harel/2024Q2/1630058_solvency.pdf,7813eb1b65cbd5f0b7d3ccb04d898d00b6f0d057dd0a8d80f3129da0a33c681a
1630058,harel,2024-11-28 08:03:12.97,solvency,2024Q2,"דוח יחס כושר פירעון כלכלי של החברה הבת - הראל חברה לביטוח, ל-30.6.24",htm,42,,rhtm/1630001-1631000/H1630058.htm,,
1632569,harel,2024-12-10 08:55:15.393,presentation,2024Q3,מצגת למשקיעים - IFRS17  שינוי חשבונאי משמעותי,pdf1,1696,44,rpdf/1632001-1633000/P1632569-00.pdf,data/sources/pdf/harel/2024Q3/1632569_presentation.pdf,3210ea7d70b4294487e26d90cdac5a18b4d04a768d547c39517d37a1b87e2445
1632569,harel,2024-12-10 08:55:15.393,presentation,2024Q3,מצגת למשקיעים - IFRS17  שינוי חשבונאי משמעותי,htm,44,,rhtm/1632001-1633000/H1632569.htm,,
1632715,harel,2024-12-10 16:38:12.41,quarterly,2024Q3,Financial_Statments_Q3,pdf1,2945,169,rpdf/1632001-1633000/P1632715-00.pdf,data/sources/pdf/harel/2024Q3/1632715_quarterly.pdf,76314eb9a3934aaae27163fbd14a1bae13b0d6b742194a3dacd447e6a760a1dd
1632715,harel,2024-12-10 16:38:12.41,quarterly,2024Q3,Financial_Statments_Q3,htm,40,,rhtm/1632001-1633000/H1632715.htm,,
1633786,harel,2024-12-16 15:38:12.337,presentation,2024Q3,"""presentation - ""IFRS17 – significant accounting change",htm,41,,rhtm/1633001-1634000/H1633786.htm,,
1633786,harel,2024-12-16 15:38:12.337,presentation,2024Q3,"""presentation - ""IFRS17 – significant accounting change",pdf1,956,42,rpdf/1633001-1634000/P1633786-00.pdf,data/sources/pdf/harel/2024Q3/1633786_presentation.pdf,d5d9e7cab6dc9cc19c67218a463eec10f05cbd0ac6d4d270b76f9575925cd4c9
1653730,harel,2025-03-26 07:44:59.977,presentation,2024FY,מצגת למשקיעים - דוח שנתי 2024,pdf1,2719,33,rpdf/1653001-1654000/P1653730-00.pdf,data/sources/pdf/harel/2024FY/1653730_presentation.pdf,359ecafef3ad5e2f21f2079a7ffe71dbd509448d7ab95c87a0ecfdaaf0206945
1653730,harel,2025-03-26 07:44:59.977,presentation,2024FY,מצגת למשקיעים - דוח שנתי 2024,htm,42,,rhtm/1653001-1654000/H1653730.htm,,
1653731,harel,2025-03-26 07:47:01.327,presentation,2024FY,Financial Statements Q4 2024 Investor Presentation,pdf1,3052,34,rpdf/1653001-1654000/P1653731-00.pdf,data/sources/pdf/harel/2024FY/1653731_presentation.pdf,f817e05d82658699fc46dcf5b4bf1c52967277b3f181565b2b09f413156d3e24
1653731,harel,2025-03-26 07:47:01.327,presentation,2024FY,Financial Statements Q4 2024 Investor Presentation,htm,40,,rhtm/1653001-1654000/H1653731.htm,,
1653759,harel,2025-03-26 08:25:02.007,liabilities,2024FY,"מצבת התחייבות החברה ליום 31.12.24, לפי מועדי פרעון",htm,222,,rhtm/1653001-1654000/H1653759.htm,,
1653763,harel,2025-03-26 08:30:03.733,annual,2024FY,דוח תקופתי ושנתי לשנת 2024,xbrl,19,,xbrl/1653001-1654000/X1653763.xbrl,,
1653763,harel,2025-03-26 08:30:03.733,annual,2024FY,דוח תקופתי ושנתי לשנת 2024,pdf1,7257,541,rpdf/1653001-1654000/P1653763-00.pdf,data/sources/pdf/harel/2024FY/1653763_annual.pdf,c9c46a9f5715a4a11e4052a394b6683af5dc2f9f6dce78832ea85a9ad2526a3c
1653763,harel,2025-03-26 08:30:03.733,annual,2024FY,דוח תקופתי ושנתי לשנת 2024,htm,118,,rhtm/1653001-1654000/H1653763.htm,,
1663500,harel,2025-05-08 18:55:59.61,annual,2024FY,Harel Insurance Investments & Financial Services Ltd.- 2024 Periodic Report - translated version,pdf1,7311,603,rpdf/1663001-1664000/P1663500-00.pdf,data/sources/pdf/harel/2024FY/1663500_annual.pdf,b413a16d1ff95d06e4dfe7f0e4c847bf1da8f381b986db83742077a0c07fb1d4
1663500,harel,2025-05-08 18:55:59.61,annual,2024FY,Harel Insurance Investments & Financial Services Ltd.- 2024 Periodic Report - translated version,htm,40,,rhtm/1663001-1664000/H1663500.htm,,
1668084,harel,2025-05-29 08:25:01.253,liabilities,2025Q1,"מצבת התחייבות החברה ליום 31.3.25, לפי מועדי פרעון",htm,222,,rhtm/1668001-1669000/H1668084.htm,,
1668087,harel,2025-05-29 08:27:06.117,quarterly,2025Q1,דוח רבעון 1 לשנת 2025,pdf1,6488,161,rpdf/1668001-1669000/P1668087-00.pdf,data/sources/pdf/harel/2025Q1/1668087_quarterly.pdf,d1a83f9291a2ceacf3695e78e4c5d9bf1196b4435c52ccab50ecc227960c6a1d
1668087,harel,2025-05-29 08:27:06.117,quarterly,2025Q1,דוח רבעון 1 לשנת 2025,htm,118,,rhtm/1668001-1669000/H1668087.htm,,
1668087,harel,2025-05-29 08:27:06.117,quarterly,2025Q1,דוח רבעון 1 לשנת 2025,xbrl,19,,xbrl/1668001-1669000/X1668087.xbrl,,
1668065,harel,2025-05-29 08:29:02.997,presentation,2025Q1,מצגת למשקיעים - דוח רבעון 1 2025,htm,42,,rhtm/1668001-1669000/H1668065.htm,,
1668065,harel,2025-05-29 08:29:02.997,presentation,2025Q1,מצגת למשקיעים - דוח רבעון 1 2025,pdf1,2802,41,rpdf/1668001-1669000/P1668065-00.pdf,data/sources/pdf/harel/2025Q1/1668065_presentation.pdf,b27d46d4dd829f894db13d131af7bb1de003dfd2efe1846d58f9f52652b3d612
1668067,harel,2025-05-29 08:30:03.973,presentation,2025Q1,Financial Statements Q1 2025 Investor Presentation,htm,40,,rhtm/1668001-1669000/H1668067.htm,,
1668067,harel,2025-05-29 08:30:03.973,presentation,2025Q1,Financial Statements Q1 2025 Investor Presentation,pdf1,2948,41,rpdf/1668001-1669000/P1668067-00.pdf,data/sources/pdf/harel/2025Q1/1668067_presentation.pdf,b609b48fd9330fdac4ae7e0d0c6ef03c163c569ec21643ebc4f15996015226b4
1668070,harel,2025-05-29 08:31:03.387,solvency,2024FY,דוח יחס כושר פירעון כלכלי של חברת הבת הראל ביטוח ל-31.12.24,pdf1,1523,25,rpdf/1668001-1669000/P1668070-00.pdf,data/sources/pdf/harel/2024FY/1668070_solvency.pdf,ddcb2f9a5763893db36e4055acc5488ec301303005d5b9c6b1b94b85b62ea36d
1668070,harel,2025-05-29 08:31:03.387,solvency,2024FY,דוח יחס כושר פירעון כלכלי של חברת הבת הראל ביטוח ל-31.12.24,htm,42,,rhtm/1668001-1669000/H1668070.htm,,
1670457,harel,2025-06-10 16:41:23.88,quarterly,2025Q1,"Harel Insurance Investments & Financial Services Ltd. Interim Report for Q1 2025 - translated version
",pdf1,2016,179,rpdf/1670001-1671000/P1670457-00.pdf,data/sources/pdf/harel/2025Q1/1670457_quarterly.pdf,e2b3eaf02c951e4460af3a8446e83e37aeaf4e6a2bfbb3ffc58166ef355a148c
1670457,harel,2025-06-10 16:41:23.88,quarterly,2025Q1,"Harel Insurance Investments & Financial Services Ltd. Interim Report for Q1 2025 - translated version
",htm,40,,rhtm/1670001-1671000/H1670457.htm,,
1670840,harel,2025-06-11 18:17:03.203,quarterly,2025Q1,דוח רבעון 1 לשנת 2025 - תיקון דטעות קולמוס,xbrl,20,,xbrl/1670001-1671000/X1670840.xbrl,,
1670840,harel,2025-06-11 18:17:03.203,quarterly,2025Q1,דוח רבעון 1 לשנת 2025 - תיקון דטעות קולמוס,pdf1,6569,161,rpdf/1670001-1671000/P1670840-00.pdf,data/sources/pdf/harel/2025Q1/1670840_quarterly.pdf,bba678bdec29f7d6475fe2a90820ed658b3dfb474498f5b34cc1703fbdeb6e0b
1670840,harel,2025-06-11 18:17:03.203,quarterly,2025Q1,דוח רבעון 1 לשנת 2025 - תיקון דטעות קולמוס,htm,121,,rhtm/1670001-1671000/H1670840.htm,,
1670844,harel,2025-06-11 19:02:01.173,quarterly,2025Q1,Harel Insurance Investments & Financial Services Ltd. Interim Report for Q1 2025 - translated version-Typing Error,pdf1,6366,179,rpdf/1670001-1671000/P1670844-00.pdf,data/sources/pdf/harel/2025Q1/1670844_quarterly.pdf,5ef4e0c0e7d828da7c84a796414ef7f4ae672f7e8f076241123bea4052753b5e
1670844,harel,2025-06-11 19:02:01.173,quarterly,2025Q1,Harel Insurance Investments & Financial Services Ltd. Interim Report for Q1 2025 - translated version-Typing Error,htm,43,,rhtm/1670001-1671000/H1670844.htm,,
1688881,harel,2025-08-28 07:25:00.14,liabilities,2025Q2,"מצבת התחייבות החברה ליום 30.6.25, לפי מועדי פרעון",htm,222,,rhtm/1688001-1689000/H1688881.htm,,
1688884,harel,2025-08-28 07:28:03.923,quarterly,2025Q2,דוח רבעון 2/חצי שנתי לשנת 2025,pdf1,7214,208,rpdf/1688001-1689000/P1688884-00.pdf,data/sources/pdf/harel/2025Q2/1688884_quarterly.pdf,bc152049fbefcd4105f36e553347a6a4afe648c154a58ad5dadfc248204b13db
1688884,harel,2025-08-28 07:28:03.923,quarterly,2025Q2,דוח רבעון 2/חצי שנתי לשנת 2025,xbrl,19,,xbrl/1688001-1689000/X1688884.xbrl,,
1688884,harel,2025-08-28 07:28:03.923,quarterly,2025Q2,דוח רבעון 2/חצי שנתי לשנת 2025,htm,118,,rhtm/1688001-1689000/H1688884.htm,,
1688875,harel,2025-08-28 07:29:25.59,presentation,2025Q2,מצגת למשקיעים - דוח רבעון 2 2025,pdf1,2739,44,rpdf/1688001-1689000/P1688875-00.pdf,data/sources/pdf/harel/2025Q2/1688875_presentation.pdf,57e5c8d6af95cb298756179aba0356ee6ba9742ee9a5748f4540c348eaa8968c
1688875,harel,2025-08-28 07:29:25.59,presentation,2025Q2,מצגת למשקיעים - דוח רבעון 2 2025,htm,42,,rhtm/1688001-1689000/H1688875.htm,,
1688877,harel,2025-08-28 07:30:02.417,presentation,2025Q2,Investor Presentation-H1.2025,htm,40,,rhtm/1688001-1689000/H1688877.htm,,
1688877,harel,2025-08-28 07:30:02.417,presentation,2025Q2,Investor Presentation-H1.2025,pdf1,3106,44,rpdf/1688001-1689000/P1688877-00.pdf,data/sources/pdf/harel/2025Q2/1688877_presentation.pdf,2491b239ccf1cd74c11cc25369074b80297a2c0e90b67bcc44e5810f4eb7e4c9
1692125,harel,2025-09-11 09:54:02.283,quarterly,2025Q2,Report for Q2 2025 - translated version,htm,40,,rhtm/1692001-1693000/H1692125.htm,,
1692125,harel,2025-09-11 09:54:02.283,quarterly,2025Q2,Report for Q2 2025 - translated version,pdf1,3648,230,rpdf/1692001-1693000/P1692125-00.pdf,data/sources/pdf/harel/2025Q2/1692125_quarterly.pdf,dd3bdd96ce10ed218c1d6094c598345f2aca07ff652211fa21140c39811b1327
1704872,harel,2025-11-25 07:25:04.017,liabilities,2025Q3,"מצבת התחייבות החברה ליום 30.9.25, לפי מועדי פרעון",htm,222,,rhtm/1704001-1705000/H1704872.htm,,
1704873,harel,2025-11-25 07:28:06.383,quarterly,2025Q3,דוח רבעון 3 לשנת 2025,htm,117,,rhtm/1704001-1705000/H1704873.htm,,
1704873,harel,2025-11-25 07:28:06.383,quarterly,2025Q3,דוח רבעון 3 לשנת 2025,pdf1,4879,215,rpdf/1704001-1705000/P1704873-00.pdf,data/sources/pdf/harel/2025Q3/1704873_quarterly.pdf,2e828bf5ae43db5cfffaa6133e7a66aed4e4001a7279bf38f2a42a400624025c
1704873,harel,2025-11-25 07:28:06.383,quarterly,2025Q3,דוח רבעון 3 לשנת 2025,xbrl,19,,xbrl/1704001-1705000/X1704873.xbrl,,
1704867,harel,2025-11-25 07:29:02.637,presentation,2025Q3,מצגת למשקיעים - דוח רבעון 3 2025,htm,42,,rhtm/1704001-1705000/H1704867.htm,,
1704867,harel,2025-11-25 07:29:02.637,presentation,2025Q3,מצגת למשקיעים - דוח רבעון 3 2025,pdf1,2514,44,rpdf/1704001-1705000/P1704867-00.pdf,data/sources/pdf/harel/2025Q3/1704867_presentation.pdf,f7bc32f00d926051fbbecd52889663ff29976362765fc2d9bdf66670fca12781
1704868,harel,2025-11-25 07:30:04.393,presentation,2025Q3,Financial Statements Q3 2025 Investor Presentation,htm,40,,rhtm/1704001-1705000/H1704868.htm,,
1704868,harel,2025-11-25 07:30:04.393,presentation,2025Q3,Financial Statements Q3 2025 Investor Presentation,pdf1,3199,45,rpdf/1704001-1705000/P1704868-00.pdf,data/sources/pdf/harel/2025Q3/1704868_presentation.pdf,28a148f0de19be11e87d0f496809ccf865004dccac978b5231fab5b0422c79cd
1704869,harel,2025-11-25 07:31:05.66,solvency,2025Q2,דוח יחס כושר פירעון כלכלי 30.6.2025- הראל ביטוח,htm,42,,rhtm/1704001-1705000/H1704869.htm,,
1704869,harel,2025-11-25 07:31:05.66,solvency,2025Q2,דוח יחס כושר פירעון כלכלי 30.6.2025- הראל ביטוח,pdf1,582,25,rpdf/1704001-1705000/P1704869-00.pdf,data/sources/pdf/harel/2025Q2/1704869_solvency.pdf,9e3fa6a84228c84b9569193059b97372a674d0f86bee8ca9d948ea825e0b8750
1708104,harel,2025-12-07 12:00:07.533,solvency,2025Q2,"Economic Solvency Ratio Report of Harel Insurance Company Ltd As at June 30, 2025",htm,40,,rhtm/1708001-1709000/H1708104.htm,,
1708104,harel,2025-12-07 12:00:07.533,solvency,2025Q2,"Economic Solvency Ratio Report of Harel Insurance Company Ltd As at June 30, 2025",pdf1,713,28,rpdf/1708001-1709000/P1708104-00.pdf,data/sources/pdf/harel/2025Q2/1708104_solvency.pdf,50f6ebbd4333cf92314ac4128f6b4c88b3f7cc7a3946daff38a23be1cd64d4f1
1708305,harel,2025-12-08 09:21:03.407,quarterly,2025Q3,Report for Q3 2025 - translated version,htm,40,,rhtm/1708001-1709000/H1708305.htm,,
1708305,harel,2025-12-08 09:21:03.407,quarterly,2025Q3,Report for Q3 2025 - translated version,pdf1,4907,236,rpdf/1708001-1709000/P1708305-00.pdf,data/sources/pdf/harel/2025Q3/1708305_quarterly.pdf,f2cafd905f81449dc571831c9b10bac39fe7c2187a2a827ec7e32048d203224a
1731044,harel,2026-03-26 07:25:05.61,liabilities,2025FY,"מצבת התחייבות החברה ליום 31.12.25, לפי מועדי פרעון",htm,222,,rhtm/1731001-1732000/H1731044.htm,,
1731047,harel,2026-03-26 07:30:04.36,annual,2025FY,דוח תקופתי ושנתי לשנת 2025,xbrl,20,,xbrl/1731001-1732000/X1731047.xbrl,,
1731047,harel,2026-03-26 07:30:04.36,annual,2025FY,דוח תקופתי ושנתי לשנת 2025,pdf1,8834,605,rpdf/1731001-1732000/P1731047-00.pdf,data/sources/pdf/harel/2025FY/1731047_annual.pdf,5521cb0fc99b66bd5b221b0f30194364aedc7f3b7b3fccb8d74b84a096bb0eab
1731047,harel,2026-03-26 07:30:04.36,annual,2025FY,דוח תקופתי ושנתי לשנת 2025,htm,120,,rhtm/1731001-1732000/H1731047.htm,,
1731041,harel,2026-03-26 07:32:02.19,presentation,2025FY,מצגת למשקיעים - דוח  שנתי  2025,pdf1,3660,52,rpdf/1731001-1732000/P1731041-00.pdf,data/sources/pdf/harel/2025FY/1731041_presentation.pdf,0f3fc94fecb6a9056fc13895705550a2113c2b6cba469887858834e4f9a5008f
1731041,harel,2026-03-26 07:32:02.19,presentation,2025FY,מצגת למשקיעים - דוח  שנתי  2025,htm,42,,rhtm/1731001-1732000/H1731041.htm,,
1731087,harel,2026-03-26 08:30:04.913,presentation,2025FY,Investor presentation 2025,pdf1,3537,49,rpdf/1731001-1732000/P1731087-00.pdf,data/sources/pdf/harel/2025FY/1731087_presentation.pdf,19fd73ae74920b981e5e20e6cea2eb0eb74e2a94edb8c3977b45ab77d76afd7e
1731087,harel,2026-03-26 08:30:04.913,presentation,2025FY,Investor presentation 2025,htm,40,,rhtm/1731001-1732000/H1731087.htm,,
1738987,harel,2026-05-04 12:19:00.773,annual,2025FY,"Harel Insurance Investments & Financial Services Ltd.  Periodic Report for 2025 - translated version
",pdf1,10950,672,rpdf/1738001-1739000/P1738987-00.pdf,data/sources/pdf/harel/2025FY/1738987_annual.pdf,d634b8e1222c9a6ecfe429d9f0a0a8ab310115502072b480b873824d8e1962e9
1738987,harel,2026-05-04 12:19:00.773,annual,2025FY,"Harel Insurance Investments & Financial Services Ltd.  Periodic Report for 2025 - translated version
",htm,40,,rhtm/1738001-1739000/H1738987.htm,,
1743838,harel,2026-05-27 07:25:01.64,liabilities,2026Q1,"מצבת התחייבות החברה ליום 31.3.26, לפי מועדי פרעון",htm,222,,rhtm/1743001-1744000/H1743838.htm,,
1743840,harel,2026-05-27 07:26:04.733,quarterly,2026Q1,דוח רבעון 1 לשנת 2026,xbrl,19,,xbrl/1743001-1744000/X1743840.xbrl,,
1743840,harel,2026-05-27 07:26:04.733,quarterly,2026Q1,דוח רבעון 1 לשנת 2026,pdf1,3053,146,rpdf/1743001-1744000/P1743840-00.pdf,data/sources/pdf/harel/2026Q1/1743840_quarterly.pdf,deab9fc35d0835f26dd8325922cd67bf8b9eacac565ccafba2ab11bd2a11fe8a
1743840,harel,2026-05-27 07:26:04.733,quarterly,2026Q1,דוח רבעון 1 לשנת 2026,htm,119,,rhtm/1743001-1744000/H1743840.htm,,
1743826,harel,2026-05-27 07:27:00.73,presentation,2026Q1,מצגת למשקיעים - דוח  רבעון 1 2026,pdf1,1756,33,rpdf/1743001-1744000/P1743826-00.pdf,data/sources/pdf/harel/2026Q1/1743826_presentation.pdf,6d974a2e5f7aef6f6625a447a8abea7131aebc26f3bde78a96c239a29173b8fd
1743826,harel,2026-05-27 07:27:00.73,presentation,2026Q1,מצגת למשקיעים - דוח  רבעון 1 2026,htm,42,,rhtm/1743001-1744000/H1743826.htm,,
1743827,harel,2026-05-27 07:28:01.923,solvency,2025FY,דוח יחס כושר פירעון כלכלי 31.12.2025- הראל ביטוח,pdf1,714,32,rpdf/1743001-1744000/P1743827-00.pdf,data/sources/pdf/harel/2025FY/1743827_solvency.pdf,edbf425f064ac163042b18c066d498a547aee8a2523c5dc45e358cf69bc8603a
1743827,harel,2026-05-27 07:28:01.923,solvency,2025FY,דוח יחס כושר פירעון כלכלי 31.12.2025- הראל ביטוח,htm,42,,rhtm/1743001-1744000/H1743827.htm,,
1743864,harel,2026-05-27 08:30:02.903,presentation,2026Q1,Financial Statements Q1 2026 Investor Presentation,pdf1,2159,34,rpdf/1743001-1744000/P1743864-00.pdf,data/sources/pdf/harel/2026Q1/1743864_presentation.pdf,21173ac6566145b5adf6ba6dfadf20a76fd9beb3ed69253d4b8559541b2a1ad2
1743864,harel,2026-05-27 08:30:02.903,presentation,2026Q1,Financial Statements Q1 2026 Investor Presentation,htm,40,,rhtm/1743001-1744000/H1743864.htm,,
1748109,harel,2026-06-09 14:17:03.877,quarterly,2026Q1,Harel Insurance Investments & Financial Services Ltd.  Interim  Report for Q1  2026- translated version,htm,40,,rhtm/1748001-1749000/H1748109.htm,,
1748109,harel,2026-06-09 14:17:03.877,quarterly,2026Q1,Harel Insurance Investments & Financial Services Ltd.  Interim  Report for Q1  2026- translated version,pdf1,2013,160,rpdf/1748001-1749000/P1748109-00.pdf,data/sources/pdf/harel/2026Q1/1748109_quarterly.pdf,91e98efb065aff0255fca97a827422fc3c8b52ca3fbcd65342687e1c6fa6abb0
1766122,harel,2026-08-26 07:30:14.91,liabilities,2026Q2,"מצבת התחייבות החברה ליום 30.6.26, לפי מועדי פרעון",htm,222,,rhtm/1766001-1767000/H1766122.htm,,
1766123,harel,2026-08-26 07:31:02.45,quarterly,2026Q2,דוח רבעון 2/חצי שנתי לשנת 2026,xbrl,19,,xbrl/1766001-1767000/X1766123.xbrl,,
1766123,harel,2026-08-26 07:31:02.45,quarterly,2026Q2,דוח רבעון 2/חצי שנתי לשנת 2026,pdf1,3257,180,rpdf/1766001-1767000/P1766123-00.pdf,data/sources/pdf/harel/2026Q2/1766123_quarterly.pdf,d76feddc8a01bb2b36bd196b96b642806aa3e1ca5c1dc5768406c474f0476dcd
1766123,harel,2026-08-26 07:31:02.45,quarterly,2026Q2,דוח רבעון 2/חצי שנתי לשנת 2026,htm,119,,rhtm/1766001-1767000/H1766123.htm,,
1766118,harel,2026-08-26 07:32:03.793,presentation,2026Q2,מצגת למשקיעים - דוח רבעון 2 2026,htm,42,,rhtm/1766001-1767000/H1766118.htm,,
1766118,harel,2026-08-26 07:32:03.793,presentation,2026Q2,מצגת למשקיעים - דוח רבעון 2 2026,pdf1,1997,36,rpdf/1766001-1767000/P1766118-00.pdf,data/sources/pdf/harel/2026Q2/1766118_presentation.pdf,99f7f7ac7d3fdd194e767881d7af37e9d558a56be69ae73e7a1cbe2eaf959bfa
1766166,harel,2026-08-26 09:00:05.13,presentation,2026Q2,Financial Statements Q2 2026 Investor Presentation,htm,40,,rhtm/1766001-1767000/H1766166.htm,,
1766166,harel,2026-08-26 09:00:05.13,presentation,2026Q2,Financial Statements Q2 2026 Investor Presentation,pdf1,2429,37,rpdf/1766001-1767000/P1766166-00.pdf,data/sources/pdf/harel/2026Q2/1766166_presentation.pdf,b59d7070a51d7f550f473a91eb25587daae6f7bd91a8b82e0edb6ed706ff2652
1769654,harel,2026-09-09 10:54:01.957,quarterly,2026Q2,Interim Report for Q2 2026- translated version,htm,40,,rhtm/1769001-1770000/H1769654.htm,,
1769654,harel,2026-09-09 10:54:01.957,quarterly,2026Q2,Interim Report for Q2 2026- translated version,pdf1,3217,196,rpdf/1769001-1770000/P1769654-00.pdf,data/sources/pdf/harel/2026Q2/1769654_quarterly.pdf,296e197f154e510cdd7451fa9a63ed88793a71f0176b5ccfa82e3280c2a5a92d
1220470,ibi,2019-03-27 18:51:33.44,liabilities,2018FY,"מצבת התחייבות החברה ליום 31.12.18, לפי מועדי פרעון",htm,197,,rhtm/1220001-1221000/H1220470.htm,,
1220502,ibi,2019-03-27 20:57:34.9,annual,2018FY,דוח תקופתי ושנתי לשנת 2018,pdf1,19675,194,rpdf/1220001-1221000/P1220502-00.pdf,data/sources/pdf/ibi/2018FY/1220502_annual.pdf,6a174cc4533f334814c37c4cc39b68c0a54852ebfbd70f7b8bf1ad9b9405f9ae
1220502,ibi,2019-03-27 20:57:34.9,annual,2018FY,דוח תקופתי ושנתי לשנת 2018,xbrl,19,,xbrl/1220001-1221000/X1220502.xbrl,,
1232229,ibi,2019-05-29 17:56:18.597,quarterly,2019Q1,דוח רבעון 1 לשנת 2019,pdf1,2861,39,rpdf/1232001-1233000/P1232229-00.pdf,data/sources/pdf/ibi/2019Q1/1232229_quarterly.pdf,1ce4b520533256f38b309a48962848ca2dcc5e11206b1f4a5404db33f7a7f931
1232229,ibi,2019-05-29 17:56:18.597,quarterly,2019Q1,דוח רבעון 1 לשנת 2019,xbrl,18,,xbrl/1232001-1233000/X1232229.xbrl,,
1232233,ibi,2019-05-29 18:01:27.757,liabilities,2019Q1,"מצבת התחייבות החברה ליום 31.3.19, לפי מועדי פרעון",htm,197,,rhtm/1232001-1233000/H1232233.htm,,
1251195,ibi,2019-08-29 17:08:17.86,liabilities,2019Q2,"מצבת התחייבות החברה ליום 30.6.19, לפי מועדי פרעון",htm,197,,rhtm/1251001-1252000/H1251195.htm,,
1251203,ibi,2019-08-29 17:25:20.023,quarterly,2019Q2,דוח רבעון 2 לשנת 2019,htm,101,,rhtm/1251001-1252000/H1251203.htm,,
1251203,ibi,2019-08-29 17:25:20.023,quarterly,2019Q2,דוח רבעון 2 לשנת 2019,pdf1,3716,44,rpdf/1251001-1252000/P1251203-00.pdf,data/sources/pdf/ibi/2019Q2/1251203_quarterly.pdf,7f67854b3244fb354583562f5f791a1857c15b0df30425c63c0919ea094f066d
1251203,ibi,2019-08-29 17:25:20.023,quarterly,2019Q2,דוח רבעון 2 לשנת 2019,xbrl,18,,xbrl/1251001-1252000/X1251203.xbrl,,
1265395,ibi,2019-11-27 17:31:31.153,quarterly,2019Q3,דוח רבעון 3 לשנת 2019,htm,101,,rhtm/1265001-1266000/H1265395.htm,,
1265395,ibi,2019-11-27 17:31:31.153,quarterly,2019Q3,דוח רבעון 3 לשנת 2019,pdf1,3806,45,rpdf/1265001-1266000/P1265395-00.pdf,data/sources/pdf/ibi/2019Q3/1265395_quarterly.pdf,6b1a100b0cf2ce6ca3b3ccf49be3f8901329ff3ab147e3b1e1272c2a599fc0f9
1265395,ibi,2019-11-27 17:31:31.153,quarterly,2019Q3,דוח רבעון 3 לשנת 2019,xbrl,18,,xbrl/1265001-1266000/X1265395.xbrl,,
1265398,ibi,2019-11-27 17:32:27.373,liabilities,2019Q3,"מצבת התחייבות החברה ליום 30.9.19, לפי מועדי פרעון",htm,197,,rhtm/1265001-1266000/H1265398.htm,,
1288038,ibi,2020-03-31 21:21:24.49,annual,2019FY,דוח תקופתי ושנתי לשנת 2019,htm,106,,rhtm/1288001-1289000/H1288038.htm,,
1288038,ibi,2020-03-31 21:21:24.49,annual,2019FY,דוח תקופתי ושנתי לשנת 2019,pdf1,17557,204,rpdf/1288001-1289000/P1288038-00.pdf,data/sources/pdf/ibi/2019FY/1288038_annual.pdf,429e1963954985a7bcb3893ef0e39513b8b5e197e48dfdee7841d6b545208c63
1288038,ibi,2020-03-31 21:21:24.49,annual,2019FY,דוח תקופתי ושנתי לשנת 2019,xbrl,19,,xbrl/1288001-1289000/X1288038.xbrl,,
1288042,ibi,2020-03-31 21:24:31.863,liabilities,2019FY,"מצבת התחייבות החברה ליום 31.12.19, לפי מועדי פרעון",htm,200,,rhtm/1288001-1289000/H1288042.htm,,
1288467,ibi,2020-04-01 20:10:23.163,annual,2019FY,דוח תקופתי ושנתי לשנת 2019- תיקון-פתרון התקלה הטכנית,htm,109,,rhtm/1288001-1289000/H1288467.htm,,
1288467,ibi,2020-04-01 20:10:23.163,annual,2019FY,דוח תקופתי ושנתי לשנת 2019- תיקון-פתרון התקלה הטכנית,pdf1,3473,203,rpdf/1288001-1289000/P1288467-00.pdf,data/sources/pdf/ibi/2019FY/1288467_annual.pdf,8688e1b8b9b7f192088c6ffa7ba0f417096754636b6313316f15d75719f1ac5b
1288467,ibi,2020-04-01 20:10:23.163,annual,2019FY,דוח תקופתי ושנתי לשנת 2019- תיקון-פתרון התקלה הטכנית,xbrl,19,,xbrl/1288001-1289000/X1288467.xbrl,,
1288789,ibi,2020-04-02 21:38:25.747,annual,2019FY,דוח תקופתי ושנתי לשנת 2019 - תיקון-טעות סופר.,htm,109,,rhtm/1288001-1289000/H1288789.htm,,
1288789,ibi,2020-04-02 21:38:25.747,annual,2019FY,דוח תקופתי ושנתי לשנת 2019 - תיקון-טעות סופר.,pdf1,3427,203,rpdf/1288001-1289000/P1288789-00.pdf,data/sources/pdf/ibi/2019FY/1288789_annual.pdf,8a4eebd5b383ab7fc2bec00e20c8758cb11eb5f4e9dd3c4b0beb3cbd4a28fe69
1288789,ibi,2020-04-02 21:38:25.747,annual,2019FY,דוח תקופתי ושנתי לשנת 2019 - תיקון-טעות סופר.,xbrl,19,,xbrl/1288001-1289000/X1288789.xbrl,,
1304672,ibi,2020-06-28 17:20:28.88,liabilities,2020Q1,"מצבת התחייבות החברה ליום 31.3.20, לפי מועדי פרעון",htm,201,,rhtm/1304001-1305000/H1304672.htm,,
1304675,ibi,2020-06-28 17:26:32.957,quarterly,2020Q1,דוח רבעון 1 לשנת 2020,pdf1,1348,45,rpdf/1304001-1305000/P1304675-00.pdf,data/sources/pdf/ibi/2020Q1/1304675_quarterly.pdf,47b7e6756eddc3f9eca7865286cd0dc0d2fa17cc36e301f372ca95ab92e1bb79
1304675,ibi,2020-06-28 17:26:32.957,quarterly,2020Q1,דוח רבעון 1 לשנת 2020,xbrl,18,,xbrl/1304001-1305000/X1304675.xbrl,,
1304675,ibi,2020-06-28 17:26:32.957,quarterly,2020Q1,דוח רבעון 1 לשנת 2020,htm,105,,rhtm/1304001-1305000/H1304675.htm,,
1318529,ibi,2020-08-31 13:22:21.78,quarterly,2020Q2,דוח רבעון 2 לשנת 2020,htm,105,,rhtm/1318001-1319000/H1318529.htm,,
1318529,ibi,2020-08-31 13:22:21.78,quarterly,2020Q2,דוח רבעון 2 לשנת 2020,pdf1,1729,46,rpdf/1318001-1319000/P1318529-00.pdf,data/sources/pdf/ibi/2020Q2/1318529_quarterly.pdf,10860c2ddab1c4bc92a23dbf306452603884d3f83b368d70d2aa2d6c71ef08e5
1318529,ibi,2020-08-31 13:22:21.78,quarterly,2020Q2,דוח רבעון 2 לשנת 2020,xbrl,18,,xbrl/1318001-1319000/X1318529.xbrl,,
1318531,ibi,2020-08-31 13:24:18.027,liabilities,2020Q2,"מצבת התחייבות החברה ליום 30.6.20, לפי מועדי פרעון",htm,201,,rhtm/1318001-1319000/H1318531.htm,,
1336093,ibi,2020-11-30 15:34:23.847,quarterly,2020Q3,דוח רבעון 3 לשנת 2020,htm,99,,rhtm/1336001-1337000/H1336093.htm,,
1336093,ibi,2020-11-30 15:34:23.847,quarterly,2020Q3,דוח רבעון 3 לשנת 2020,pdf1,1548,46,rpdf/1336001-1337000/P1336093-00.pdf,data/sources/pdf/ibi/2020Q3/1336093_quarterly.pdf,f38eac435b6125ebaec0b3c1a47a0ed9cc7d93cd51ad58cc00ff142cbd7dd2d9
1336093,ibi,2020-11-30 15:34:23.847,quarterly,2020Q3,דוח רבעון 3 לשנת 2020,xbrl,18,,xbrl/1336001-1337000/X1336093.xbrl,,
1336097,ibi,2020-11-30 15:38:22.807,liabilities,2020Q3,"מצבת התחייבות החברה ליום 30.9.20, לפי מועדי פרעון",htm,199,,rhtm/1336001-1337000/H1336097.htm,,
1360517,ibi,2021-03-25 13:57:20.86,annual,2020FY,דוח תקופתי ושנתי לשנת 2020,htm,101,,rhtm/1360001-1361000/H1360517.htm,,
1360517,ibi,2021-03-25 13:57:20.86,annual,2020FY,דוח תקופתי ושנתי לשנת 2020,pdf1,7190,203,rpdf/1360001-1361000/P1360517-00.pdf,data/sources/pdf/ibi/2020FY/1360517_annual.pdf,bde992dd018cf924e94cfbd0b6c79a76fc6c561bbb3ca6e08ce99835e2e2b925
1360517,ibi,2021-03-25 13:57:20.86,annual,2020FY,דוח תקופתי ושנתי לשנת 2020,xbrl,19,,xbrl/1360001-1361000/X1360517.xbrl,,
1360520,ibi,2021-03-25 14:00:24.78,liabilities,2020FY,"מצבת התחייבות החברה ליום 31.12.20, לפי מועדי פרעון",htm,199,,rhtm/1360001-1361000/H1360520.htm,,
1371831,ibi,2021-05-25 13:08:18.76,quarterly,2021Q1,דוח רבעון 1 לשנת 2021,htm,100,,rhtm/1371001-1372000/H1371831.htm,,
1371831,ibi,2021-05-25 13:08:18.76,quarterly,2021Q1,דוח רבעון 1 לשנת 2021,pdf1,2128,43,rpdf/1371001-1372000/P1371831-00.pdf,data/sources/pdf/ibi/2021Q1/1371831_quarterly.pdf,d1341709103a03b2ca8ef0a15685d16d4421c3d4947a2927bdc7ccd04821ceb2
1371831,ibi,2021-05-25 13:08:18.76,quarterly,2021Q1,דוח רבעון 1 לשנת 2021,xbrl,18,,xbrl/1371001-1372000/X1371831.xbrl,,
1371832,ibi,2021-05-25 13:13:30.04,liabilities,2021Q1,"מצבת התחייבות החברה ליום 31.3.21, לפי מועדי פרעון",htm,198,,rhtm/1371001-1372000/H1371832.htm,,
1395194,ibi,2021-08-19 13:53:18.877,quarterly,2021Q2,דוח רבעון 2/חצי שנתי לשנת 2021,xbrl,18,,xbrl/1395001-1396000/X1395194.xbrl,,
1395194,ibi,2021-08-19 13:53:18.877,quarterly,2021Q2,דוח רבעון 2/חצי שנתי לשנת 2021,htm,100,,rhtm/1395001-1396000/H1395194.htm,,
1395194,ibi,2021-08-19 13:53:18.877,quarterly,2021Q2,דוח רבעון 2/חצי שנתי לשנת 2021,pdf1,2495,45,rpdf/1395001-1396000/P1395194-00.pdf,data/sources/pdf/ibi/2021Q2/1395194_quarterly.pdf,b54e5352aa0f802ef5231cca2b13402785ff821c84606c6930f60fc50e0f82d9
1395197,ibi,2021-08-19 13:55:26.88,liabilities,2021Q2,"מצבת התחייבות החברה ליום 30.6.21, לפי מועדי פרעון",htm,198,,rhtm/1395001-1396000/H1395197.htm,,
1414611,ibi,2021-11-29 13:03:18.377,quarterly,2021Q3,דוח רבעון 3 לשנת 2021,htm,100,,rhtm/1414001-1415000/H1414611.htm,,
1414611,ibi,2021-11-29 13:03:18.377,quarterly,2021Q3,דוח רבעון 3 לשנת 2021,pdf1,2322,44,rpdf/1414001-1415000/P1414611-00.pdf,data/sources/pdf/ibi/2021Q3/1414611_quarterly.pdf,95f6d348b6105a8f663ada234180ecd1ae1e890b14a92cd2db70f375eeea0190
1414611,ibi,2021-11-29 13:03:18.377,quarterly,2021Q3,דוח רבעון 3 לשנת 2021,xbrl,18,,xbrl/1414001-1415000/X1414611.xbrl,,
1414618,ibi,2021-11-29 13:20:31.81,liabilities,2021Q3,"מצבת התחייבות החברה ליום 30.9.21, לפי מועדי פרעון",htm,198,,rhtm/1414001-1415000/H1414618.htm,,
1437970,ibi,2022-03-22 13:16:26.393,annual,2021FY,דוח תקופתי ושנתי לשנת 2021,htm,101,,rhtm/1437001-1438000/H1437970.htm,,
1437970,ibi,2022-03-22 13:16:26.393,annual,2021FY,דוח תקופתי ושנתי לשנת 2021,pdf1,8285,207,rpdf/1437001-1438000/P1437970-00.pdf,data/sources/pdf/ibi/2021FY/1437970_annual.pdf,c6b87eff0ac4d8c2bc126d34c565d3f2973f74e5bc98053a82db19549321ead8
1437970,ibi,2022-03-22 13:16:26.393,annual,2021FY,דוח תקופתי ושנתי לשנת 2021,xbrl,19,,xbrl/1437001-1438000/X1437970.xbrl,,
1437974,ibi,2022-03-22 13:23:22.473,liabilities,2021FY,"מצבת התחייבות החברה ליום 31.12.21, לפי מועדי פרעון",htm,198,,rhtm/1437001-1438000/H1437974.htm,,
1451958,ibi,2022-05-25 16:34:21.06,quarterly,2022Q1,דוח רבעון 1 לשנת 2022,htm,100,,rhtm/1451001-1452000/H1451958.htm,,
1451958,ibi,2022-05-25 16:34:21.06,quarterly,2022Q1,דוח רבעון 1 לשנת 2022,pdf1,2054,40,rpdf/1451001-1452000/P1451958-00.pdf,data/sources/pdf/ibi/2022Q1/1451958_quarterly.pdf,61e28d236f44fd90b1ae54a7cc990f29173fbef2019d0c3ec042066e0774d71f
1451958,ibi,2022-05-25 16:34:21.06,quarterly,2022Q1,דוח רבעון 1 לשנת 2022,xbrl,18,,xbrl/1451001-1452000/X1451958.xbrl,,
1451964,ibi,2022-05-25 16:47:17.937,liabilities,2022Q1,"מצבת התחייבות החברה ליום 31.3.22, לפי מועדי פרעון",htm,198,,rhtm/1451001-1452000/H1451964.htm,,
1453187,ibi,2022-05-30 12:47:33.237,quarterly,2022Q1,דוח רבעון 1 לשנת 2022-תיקון טעות סופר,htm,103,,rhtm/1453001-1454000/H1453187.htm,,
1453187,ibi,2022-05-30 12:47:33.237,quarterly,2022Q1,דוח רבעון 1 לשנת 2022-תיקון טעות סופר,pdf1,2401,40,rpdf/1453001-1454000/P1453187-00.pdf,data/sources/pdf/ibi/2022Q1/1453187_quarterly.pdf,360227328906a512cd36dd303f1272a8ad680ef13dd79d1adf16cefecb39aea4
1453187,ibi,2022-05-30 12:47:33.237,quarterly,2022Q1,דוח רבעון 1 לשנת 2022-תיקון טעות סופר,xbrl,18,,xbrl/1453001-1454000/X1453187.xbrl,,
1470512,ibi,2022-08-15 14:27:21.567,quarterly,2022Q2,דוח רבעון 2/חצי שנתי לשנת 2022,htm,100,,rhtm/1470001-1471000/H1470512.htm,,
1470512,ibi,2022-08-15 14:27:21.567,quarterly,2022Q2,דוח רבעון 2/חצי שנתי לשנת 2022,pdf1,1922,36,rpdf/1470001-1471000/P1470512-00.pdf,data/sources/pdf/ibi/2022Q2/1470512_quarterly.pdf,bc940ce41e991c8448951db6a278c42c230bc6fbde6c5c8770cdb235c449dc77
1470512,ibi,2022-08-15 14:27:21.567,quarterly,2022Q2,דוח רבעון 2/חצי שנתי לשנת 2022,xbrl,18,,xbrl/1470001-1471000/X1470512.xbrl,,
1470515,ibi,2022-08-15 14:30:22.51,liabilities,2022Q2,"מצבת התחייבות החברה ליום 30.6.22, לפי מועדי פרעון",htm,198,,rhtm/1470001-1471000/H1470515.htm,,
1488973,ibi,2022-11-28 15:56:28.913,quarterly,2022Q3,דוח רבעון 3 לשנת 2022,htm,100,,rhtm/1488001-1489000/H1488973.htm,,
1488973,ibi,2022-11-28 15:56:28.913,quarterly,2022Q3,דוח רבעון 3 לשנת 2022,pdf1,1856,37,rpdf/1488001-1489000/P1488973-00.pdf,data/sources/pdf/ibi/2022Q3/1488973_quarterly.pdf,ddacb2333d74119c46d133245d732ae0ae1715676c62ff02c385cfe5ffb63c54
1488973,ibi,2022-11-28 15:56:28.913,quarterly,2022Q3,דוח רבעון 3 לשנת 2022,xbrl,18,,xbrl/1488001-1489000/X1488973.xbrl,,
1488975,ibi,2022-11-28 15:57:23.87,liabilities,2022Q3,"מצבת התחייבות החברה ליום 30.9.22, לפי מועדי פרעון",htm,198,,rhtm/1488001-1489000/H1488975.htm,,
1491180,ibi,2022-12-07 10:46:26.36,annual,2021FY,דוח תקופתי ושנתי לשנת 2021 - דוח iXBRL,htm,43,,rhtm/1491001-1492000/H1491180.htm,,
1491180,ibi,2022-12-07 10:46:26.36,annual,2021FY,דוח תקופתי ושנתי לשנת 2021 - דוח iXBRL,ixbrl,27406,,ixbrl/1491001-1492000/X1491180.htm,,
1511775,ibi,2023-03-20 17:44:21.667,annual,2022FY,דוח תקופתי ושנתי לשנת 2022,xbrl,19,,xbrl/1511001-1512000/X1511775.xbrl,,
1511775,ibi,2023-03-20 17:44:21.667,annual,2022FY,דוח תקופתי ושנתי לשנת 2022,pdf1,8283,205,rpdf/1511001-1512000/P1511775-00.pdf,data/sources/pdf/ibi/2022FY/1511775_annual.pdf,de8e00e0bf36be45e78de72ed2e3a8c40d55530ac2b36ad66b988671311ebcbf
1511775,ibi,2023-03-20 17:44:21.667,annual,2022FY,דוח תקופתי ושנתי לשנת 2022,htm,106,,rhtm/1511001-1512000/H1511775.htm,,
1511777,ibi,2023-03-20 17:46:28.91,liabilities,2022FY,"מצבת התחייבות החברה ליום 31.12.22, לפי מועדי פרעון",htm,224,,rhtm/1511001-1512000/H1511777.htm,,
1524000,ibi,2023-05-24 12:57:30.75,quarterly,2023Q1,דוח רבעון 1 לשנת 2023,xbrl,18,,xbrl/1523001-1524000/X1524000.xbrl,,
1524000,ibi,2023-05-24 12:57:30.75,quarterly,2023Q1,דוח רבעון 1 לשנת 2023,htm,106,,rhtm/1523001-1524000/H1524000.htm,,
1524000,ibi,2023-05-24 12:57:30.75,quarterly,2023Q1,דוח רבעון 1 לשנת 2023,pdf1,1491,36,rpdf/1523001-1524000/P1524000-00.pdf,data/sources/pdf/ibi/2023Q1/1524000_quarterly.pdf,549e424584a3307311739151a5cd5db9e6ac545884ba2a69eeb8d755259e5e2e
1524010,ibi,2023-05-24 13:04:27.7,liabilities,2023Q1,"מצבת התחייבות החברה ליום 31.3.23, לפי מועדי פרעון",htm,224,,rhtm/1524001-1525000/H1524010.htm,,
1531968,ibi,2023-07-02 13:44:27.077,quarterly,2023Q2,המועד הצפוי לפרסום דוח רבעון 2 2023 יום 29.8.23,htm,42,,rhtm/1531001-1532000/H1531968.htm,,
1540563,ibi,2023-08-13 10:39:16.973,quarterly,2022Q1,דוח רבעון 1 לשנת 2022 - דוח iXBRL,ixbrl,4394,,ixbrl/1540001-1541000/X1540563.htm,,
1540563,ibi,2023-08-13 10:39:16.973,quarterly,2022Q1,דוח רבעון 1 לשנת 2022 - דוח iXBRL,htm,43,,rhtm/1540001-1541000/H1540563.htm,,
1540570,ibi,2023-08-13 11:05:31.13,quarterly,2022Q2,דוח רבעון 2 לשנת 2022 - דוח iXBRL,ixbrl,4295,,ixbrl/1540001-1541000/X1540570.htm,,
1540570,ibi,2023-08-13 11:05:31.13,quarterly,2022Q2,דוח רבעון 2 לשנת 2022 - דוח iXBRL,htm,43,,rhtm/1540001-1541000/H1540570.htm,,
1541832,ibi,2023-08-17 15:58:31.347,quarterly,2022Q3,דוח רבעון 3 לשנת 2022 - דוח iXBRL,ixbrl,4295,,ixbrl/1541001-1542000/X1541832.htm,,
1541832,ibi,2023-08-17 15:58:31.347,quarterly,2022Q3,דוח רבעון 3 לשנת 2022 - דוח iXBRL,htm,43,,rhtm/1541001-1542000/H1541832.htm,,
1541841,ibi,2023-08-17 16:06:31.967,annual,2022FY,דוח תקופתי ושנתי לשנת - 2022 - דוח iXBRL,ixbrl,20374,,ixbrl/1541001-1542000/X1541841.htm,,
1541841,ibi,2023-08-17 16:06:31.967,annual,2022FY,דוח תקופתי ושנתי לשנת - 2022 - דוח iXBRL,htm,43,,rhtm/1541001-1542000/H1541841.htm,,
1541844,ibi,2023-08-17 16:14:27.737,quarterly,2023Q1,דוח רבעון 1 לשנת 2023 - דוח iXBRL,htm,43,,rhtm/1541001-1542000/H1541844.htm,,
1541844,ibi,2023-08-17 16:14:27.737,quarterly,2023Q1,דוח רבעון 1 לשנת 2023 - דוח iXBRL,ixbrl,4423,,ixbrl/1541001-1542000/X1541844.htm,,
1542136,ibi,2023-08-20 14:52:17.703,quarterly,2022Q3,דוח רבעון 3 לשנת 2022 - דוח iXBRL - תיקון דוח-צירוף קובץ נכון,htm,46,,rhtm/1542001-1543000/H1542136.htm,,
1542136,ibi,2023-08-20 14:52:17.703,quarterly,2022Q3,דוח רבעון 3 לשנת 2022 - דוח iXBRL - תיקון דוח-צירוף קובץ נכון,ixbrl,4606,,ixbrl/1542001-1543000/X1542136.htm,,
1544204,ibi,2023-08-29 15:21:31.293,quarterly,2023Q2,דוח רבעון 2/חצי שנתי לשנת 2023,htm,106,,rhtm/1544001-1545000/H1544204.htm,,
1544204,ibi,2023-08-29 15:21:31.293,quarterly,2023Q2,דוח רבעון 2/חצי שנתי לשנת 2023,pdf1,1999,38,rpdf/1544001-1545000/P1544204-00.pdf,data/sources/pdf/ibi/2023Q2/1544204_quarterly.pdf,18b81a67fc39692ac3c704ff2da4f67435eaff43dee47a2eb2b46a85a9185064
1544204,ibi,2023-08-29 15:21:31.293,quarterly,2023Q2,דוח רבעון 2/חצי שנתי לשנת 2023,xbrl,18,,xbrl/1544001-1545000/X1544204.xbrl,,
1544208,ibi,2023-08-29 15:26:27.173,liabilities,2023Q2,"מצבת התחייבות החברה ליום 30.6.23, לפי מועדי פרעון",htm,224,,rhtm/1544001-1545000/H1544208.htm,,
1547260,ibi,2023-09-12 16:15:20.15,quarterly,2023Q2,דוח רבעון 2 לשנת 2023 - דוח iXBRL,htm,43,,rhtm/1547001-1548000/H1547260.htm,,
1547260,ibi,2023-09-12 16:15:20.15,quarterly,2023Q2,דוח רבעון 2 לשנת 2023 - דוח iXBRL,ixbrl,5692,,ixbrl/1547001-1548000/X1547260.htm,,
1560310,ibi,2023-11-28 14:13:15.507,quarterly,2023Q3,דוח רבעון 3 לשנת 2023,xbrl,18,,xbrl/1560001-1561000/X1560310.xbrl,,
1560310,ibi,2023-11-28 14:13:15.507,quarterly,2023Q3,דוח רבעון 3 לשנת 2023,pdf1,2365,41,rpdf/1560001-1561000/P1560310-00.pdf,data/sources/pdf/ibi/2023Q3/1560310_quarterly.pdf,26c2aeeac2357235c48bae1600776b6a50d22bcf7c4c5d3b37a6088f7cdb30fe
1560310,ibi,2023-11-28 14:13:15.507,quarterly,2023Q3,דוח רבעון 3 לשנת 2023,htm,106,,rhtm/1560001-1561000/H1560310.htm,,
1560318,ibi,2023-11-28 14:20:16.1,liabilities,2023Q3,"מצבת התחייבות החברה ליום 30.9.23, לפי מועדי פרעון",htm,224,,rhtm/1560001-1561000/H1560318.htm,,
1560361,ibi,2023-11-28 16:49:17.94,presentation,2023Q3,מצגת לשוק ההון,pdf1,5851,20,rpdf/1560001-1561000/P1560361-00.pdf,data/sources/pdf/ibi/2023Q3/1560361_presentation.pdf,3ab68864c31ab9f94797ef6043e07c6f8272ea68e94b9e9be0e17f94a05d26bd
1560361,ibi,2023-11-28 16:49:17.94,presentation,2023Q3,מצגת לשוק ההון,htm,42,,rhtm/1560001-1561000/H1560361.htm,,
1561791,ibi,2023-12-04 16:24:13.28,quarterly,2023Q3,דוח רבעון 3 לשנת 2023 - דוח iXBRL,ixbrl,7863,,ixbrl/1561001-1562000/X1561791.htm,,
1561791,ibi,2023-12-04 16:24:13.28,quarterly,2023Q3,דוח רבעון 3 לשנת 2023 - דוח iXBRL,htm,43,,rhtm/1561001-1562000/H1561791.htm,,
1581182,ibi,2024-03-21 13:22:15.803,annual,2023FY,דוח תקופתי ושנתי לשנת 2023,pdf1,11623,229,rpdf/1581001-1582000/P1581182-00.pdf,data/sources/pdf/ibi/2023FY/1581182_annual.pdf,9656efb65c19b8a6b8fa1a9b8ce55b7979d4d814be0bd1da573dcd24e8cdd2d8
1581182,ibi,2024-03-21 13:22:15.803,annual,2023FY,דוח תקופתי ושנתי לשנת 2023,xbrl,19,,xbrl/1581001-1582000/X1581182.xbrl,,
1581182,ibi,2024-03-21 13:22:15.803,annual,2023FY,דוח תקופתי ושנתי לשנת 2023,htm,107,,rhtm/1581001-1582000/H1581182.htm,,
1581181,ibi,2024-03-21 13:39:19.147,presentation,2023FY,מצגת לשוק ההון לסיכום שנת 2023,htm,42,,rhtm/1581001-1582000/H1581181.htm,,
1581181,ibi,2024-03-21 13:39:19.147,presentation,2023FY,מצגת לשוק ההון לסיכום שנת 2023,pdf1,888,25,rpdf/1581001-1582000/P1581181-00.pdf,data/sources/pdf/ibi/2023FY/1581181_presentation.pdf,25db0233fd04ab5128b1084b8fc4102357090bf854dad253a1f54f8b12c42d46
1581189,ibi,2024-03-21 13:47:12.163,liabilities,2023FY,"מצבת התחייבות החברה ליום 31.12.23, לפי מועדי פרעון",htm,224,,rhtm/1581001-1582000/H1581189.htm,,
1585445,ibi,2024-04-04 15:39:14.447,annual,2023FY,דוח תקופתי ושנתי לשנת - 2023 - דוח iXBRL,htm,43,,rhtm/1585001-1586000/H1585445.htm,,
1585445,ibi,2024-04-04 15:39:14.447,annual,2023FY,דוח תקופתי ושנתי לשנת - 2023 - דוח iXBRL,ixbrl,20352,,ixbrl/1585001-1586000/X1585445.htm,,
1594680,ibi,2024-05-27 17:39:15.587,quarterly,2024Q1,דוח רבעון 1 לשנת 2024,htm,106,,rhtm/1594001-1595000/H1594680.htm,,
1594680,ibi,2024-05-27 17:39:15.587,quarterly,2024Q1,דוח רבעון 1 לשנת 2024,pdf1,1934,39,rpdf/1594001-1595000/P1594680-00.pdf,data/sources/pdf/ibi/2024Q1/1594680_quarterly.pdf,e441ad14ab1cfef2afc8369979b34230ff36a6e05baf73c08dd769bc380f23f4
1594680,ibi,2024-05-27 17:39:15.587,quarterly,2024Q1,דוח רבעון 1 לשנת 2024,xbrl,18,,xbrl/1594001-1595000/X1594680.xbrl,,
1594689,ibi,2024-05-27 17:47:13.737,liabilities,2024Q1,"מצבת התחייבות החברה ליום 31.3.24, לפי מועדי פרעון",htm,224,,rhtm/1594001-1595000/H1594689.htm,,
1594687,ibi,2024-05-27 18:03:12.513,presentation,2024Q1,מצגת לשוק ההון לסיכום הרבעון הראשון לשנת 2024,htm,42,,rhtm/1594001-1595000/H1594687.htm,,
1594687,ibi,2024-05-27 18:03:12.513,presentation,2024Q1,מצגת לשוק ההון לסיכום הרבעון הראשון לשנת 2024,pdf1,1838,24,rpdf/1594001-1595000/P1594687-00.pdf,data/sources/pdf/ibi/2024Q1/1594687_presentation.pdf,a40907570638830931b56c86cf2ad28dbf35f529eb4b5e575fc6e36552dc3857
1595906,ibi,2024-05-30 15:03:13.493,quarterly,2024Q1,דוח רבעון 1 לשנת 2024 - דוח iXBRL,ixbrl,5560,,ixbrl/1595001-1596000/X1595906.htm,,
1595906,ibi,2024-05-30 15:03:13.493,quarterly,2024Q1,דוח רבעון 1 לשנת 2024 - דוח iXBRL,htm,43,,rhtm/1595001-1596000/H1595906.htm,,
1611966,ibi,2024-08-20 13:07:15.71,quarterly,2024Q2,דוח רבעון 2/חצי שנתי לשנת 2024,htm,113,,rhtm/1611001-1612000/H1611966.htm,,
1611966,ibi,2024-08-20 13:07:15.71,quarterly,2024Q2,דוח רבעון 2/חצי שנתי לשנת 2024,pdf1,2182,41,rpdf/1611001-1612000/P1611966-00.pdf,data/sources/pdf/ibi/2024Q2/1611966_quarterly.pdf,b31eb19027651d61925d73e4324af3c45cf956835e1903331bbe2f887b25b8e2
1611966,ibi,2024-08-20 13:07:15.71,quarterly,2024Q2,דוח רבעון 2/חצי שנתי לשנת 2024,xbrl,18,,xbrl/1611001-1612000/X1611966.xbrl,,
1611969,ibi,2024-08-20 13:29:11.743,liabilities,2024Q2,"מצבת התחייבות החברה ליום 30.6.24, לפי מועדי פרעון",htm,224,,rhtm/1611001-1612000/H1611969.htm,,
1611967,ibi,2024-08-20 13:31:13.24,presentation,2024Q2,מצגת לשוק ההון לסיכום הרבעון השני לשנת 2024,htm,42,,rhtm/1611001-1612000/H1611967.htm,,
1611967,ibi,2024-08-20 13:31:13.24,presentation,2024Q2,מצגת לשוק ההון לסיכום הרבעון השני לשנת 2024,pdf1,1831,25,rpdf/1611001-1612000/P1611967-00.pdf,data/sources/pdf/ibi/2024Q2/1611967_presentation.pdf,bed2d734ce12acf14919013ea254da64732f59ae2ad21918364f0a066788cc62
1613711,ibi,2024-08-27 16:17:21.24,quarterly,2024Q2,דוח רבעון 2 לשנת 2024 - דוח iXBRL,htm,43,,rhtm/1613001-1614000/H1613711.htm,,
1613711,ibi,2024-08-27 16:17:21.24,quarterly,2024Q2,דוח רבעון 2 לשנת 2024 - דוח iXBRL,ixbrl,6082,,ixbrl/1613001-1614000/X1613711.htm,,
1630062,ibi,2024-11-28 07:59:14.853,quarterly,2024Q3,דוח רבעון 3 לשנת 2024,htm,113,,rhtm/1630001-1631000/H1630062.htm,,
1630062,ibi,2024-11-28 07:59:14.853,quarterly,2024Q3,דוח רבעון 3 לשנת 2024,pdf1,2110,43,rpdf/1630001-1631000/P1630062-00.pdf,data/sources/pdf/ibi/2024Q3/1630062_quarterly.pdf,2dd0dc2cc89fa9c89b766646720cce0a0897c51868df551198249e5ffc498191
1630062,ibi,2024-11-28 07:59:14.853,quarterly,2024Q3,דוח רבעון 3 לשנת 2024,xbrl,18,,xbrl/1630001-1631000/X1630062.xbrl,,
1630069,ibi,2024-11-28 08:02:12.33,liabilities,2024Q3,"מצבת התחייבות החברה ליום 30.9.24, לפי מועדי פרעון",htm,224,,rhtm/1630001-1631000/H1630069.htm,,
1630059,ibi,2024-11-28 08:04:14.07,presentation,2024Q3,מצגת לשוק ההון לסיכום הרבעון השלישי לשנת 2024,htm,42,,rhtm/1630001-1631000/H1630059.htm,,
1630059,ibi,2024-11-28 08:04:14.07,presentation,2024Q3,מצגת לשוק ההון לסיכום הרבעון השלישי לשנת 2024,pdf1,564,28,rpdf/1630001-1631000/P1630059-00.pdf,data/sources/pdf/ibi/2024Q3/1630059_presentation.pdf,b36ad578f8f4ea599c01c315e6e8aaa54b765f7076f8ed52fb21676c179b4b80
1631381,ibi,2024-12-03 16:44:12.973,quarterly,2024Q3,דוח רבעון 3 לשנת 2024 - דוח iXBRL,htm,43,,rhtm/1631001-1632000/H1631381.htm,,
1631381,ibi,2024-12-03 16:44:12.973,quarterly,2024Q3,דוח רבעון 3 לשנת 2024 - דוח iXBRL,ixbrl,6417,,ixbrl/1631001-1632000/X1631381.htm,,
1653260,ibi,2025-03-24 13:44:02.25,annual,2024FY,דוח תקופתי ושנתי לשנת 2024,pdf1,12121,230,rpdf/1653001-1654000/P1653260-00.pdf,data/sources/pdf/ibi/2024FY/1653260_annual.pdf,787125be0008f05e986045c8dc32f3fd7fa039ccdb44fceac7a774a7259f7237
1653260,ibi,2025-03-24 13:44:02.25,annual,2024FY,דוח תקופתי ושנתי לשנת 2024,xbrl,19,,xbrl/1653001-1654000/X1653260.xbrl,,
1653260,ibi,2025-03-24 13:44:02.25,annual,2024FY,דוח תקופתי ושנתי לשנת 2024,htm,119,,rhtm/1653001-1654000/H1653260.htm,,
1653261,ibi,2025-03-24 13:47:03.56,liabilities,2024FY,"מצבת התחייבות החברה ליום 31.12.24, לפי מועדי פרעון",htm,222,,rhtm/1653001-1654000/H1653261.htm,,
1653409,ibi,2025-03-25 08:30:09.28,presentation,2024FY,מצגת לשוק ההון לסיכום שנת 2024,htm,42,,rhtm/1653001-1654000/H1653409.htm,,
1653409,ibi,2025-03-25 08:30:09.28,presentation,2024FY,מצגת לשוק ההון לסיכום שנת 2024,pdf1,920,32,rpdf/1653001-1654000/P1653409-00.pdf,data/sources/pdf/ibi/2024FY/1653409_presentation.pdf,01308865cfe6508b19bbf548f4c85013798b93b526703c7acfc3d375c2e897ca
1658978,ibi,2025-04-21 12:02:04.18,annual,2024FY,דוח תקופתי ושנתי לשנת - 2024 - דוח iXBRL,htm,43,,rhtm/1658001-1659000/H1658978.htm,,
1658978,ibi,2025-04-21 12:02:04.18,annual,2024FY,דוח תקופתי ושנתי לשנת - 2024 - דוח iXBRL,ixbrl,17325,,ixbrl/1658001-1659000/X1658978.htm,,
1668092,ibi,2025-05-29 08:30:07.2,quarterly,2025Q1,דוח רבעון 1 לשנת 2025,htm,116,,rhtm/1668001-1669000/H1668092.htm,,
1668092,ibi,2025-05-29 08:30:07.2,quarterly,2025Q1,דוח רבעון 1 לשנת 2025,pdf1,1802,38,rpdf/1668001-1669000/P1668092-00.pdf,data/sources/pdf/ibi/2025Q1/1668092_quarterly.pdf,51559e0a1d21dce6bff36103f7d6e709dc03196b62c0c3165803829280279ac1
1668092,ibi,2025-05-29 08:30:07.2,quarterly,2025Q1,דוח רבעון 1 לשנת 2025,xbrl,18,,xbrl/1668001-1669000/X1668092.xbrl,,
1668094,ibi,2025-05-29 08:31:03.787,liabilities,2025Q1,"מצבת התחייבות החברה ליום 31.3.25, לפי מועדי פרעון",htm,222,,rhtm/1668001-1669000/H1668094.htm,,
1668074,ibi,2025-05-29 08:35:01.703,presentation,2025Q1,מצגת לשוק ההון לסיכום הרבעון הראשון לשנת 2025,htm,42,,rhtm/1668001-1669000/H1668074.htm,,
1668074,ibi,2025-05-29 08:35:01.703,presentation,2025Q1,מצגת לשוק ההון לסיכום הרבעון הראשון לשנת 2025,pdf1,606,27,rpdf/1668001-1669000/P1668074-00.pdf,data/sources/pdf/ibi/2025Q1/1668074_presentation.pdf,2b9a7ac20c25a8c11b9f3e671160e52ff25ae853b0427e5b5009de9b3d5ae0e6
1669047,ibi,2025-06-03 16:45:25.697,quarterly,2025Q1,דוח רבעון 1 לשנת 2025 - דוח iXBRL,ixbrl,7029,,ixbrl/1669001-1670000/X1669047.htm,,
1669047,ibi,2025-06-03 16:45:25.697,quarterly,2025Q1,דוח רבעון 1 לשנת 2025 - דוח iXBRL,htm,43,,rhtm/1669001-1670000/H1669047.htm,,
1686893,ibi,2025-08-20 15:03:04.193,quarterly,2025Q2,דוח רבעון 2/חצי שנתי לשנת 2025,xbrl,18,,xbrl/1686001-1687000/X1686893.xbrl,,
1686893,ibi,2025-08-20 15:03:04.193,quarterly,2025Q2,דוח רבעון 2/חצי שנתי לשנת 2025,pdf1,2030,43,rpdf/1686001-1687000/P1686893-00.pdf,data/sources/pdf/ibi/2025Q2/1686893_quarterly.pdf,f493616b19ff85048e449880f75b73219d49c0f1c03d91fac546a497afa96dd3
1686893,ibi,2025-08-20 15:03:04.193,quarterly,2025Q2,דוח רבעון 2/חצי שנתי לשנת 2025,htm,116,,rhtm/1686001-1687000/H1686893.htm,,
1686894,ibi,2025-08-20 15:22:04.94,presentation,2025Q2,מצגת לשוק ההון לסיכום הרבעון השני לשנת 2025,htm,42,,rhtm/1686001-1687000/H1686894.htm,,
1686894,ibi,2025-08-20 15:22:04.94,presentation,2025Q2,מצגת לשוק ההון לסיכום הרבעון השני לשנת 2025,pdf1,1073,29,rpdf/1686001-1687000/P1686894-00.pdf,data/sources/pdf/ibi/2025Q2/1686894_presentation.pdf,596651cded62d998acd7402a52d53c21fb41678b01c3da9ab5c41736123bffd3
1686906,ibi,2025-08-20 15:28:00.617,liabilities,2025Q2,"מצבת התחייבות החברה ליום 30.6.25, לפי מועדי פרעון",htm,222,,rhtm/1686001-1687000/H1686906.htm,,
1687555,ibi,2025-08-24 14:42:04.16,quarterly,2025Q2,דוח רבעון 2 לשנת 2025 - דוח iXBRL,htm,43,,rhtm/1687001-1688000/H1687555.htm,,
1687555,ibi,2025-08-24 14:42:04.16,quarterly,2025Q2,דוח רבעון 2 לשנת 2025 - דוח iXBRL,ixbrl,5514,,ixbrl/1687001-1688000/X1687555.htm,,
1705600,ibi,2025-11-26 14:39:15.58,quarterly,2025Q3,דוח רבעון 3 לשנת 2025,htm,116,,rhtm/1705001-1706000/H1705600.htm,,
1705600,ibi,2025-11-26 14:39:15.58,quarterly,2025Q3,דוח רבעון 3 לשנת 2025,pdf1,1188,41,rpdf/1705001-1706000/P1705600-00.pdf,data/sources/pdf/ibi/2025Q3/1705600_quarterly.pdf,6b96b7cdb4359876324aa5f2159452e4c891a5af811fac7c7e750af0c31be6ff
1705600,ibi,2025-11-26 14:39:15.58,quarterly,2025Q3,דוח רבעון 3 לשנת 2025,xbrl,18,,xbrl/1705001-1706000/X1705600.xbrl,,
1705607,ibi,2025-11-26 14:46:11.98,liabilities,2025Q3,"מצבת התחייבות החברה ליום 30.9.25, לפי מועדי פרעון",htm,222,,rhtm/1705001-1706000/H1705607.htm,,
1705605,ibi,2025-11-26 15:03:10.32,presentation,2025Q3,מצגת לשוק ההון לסיכום הרבעון השלישי לשנת 2025,htm,42,,rhtm/1705001-1706000/H1705605.htm,,
1705605,ibi,2025-11-26 15:03:10.32,presentation,2025Q3,מצגת לשוק ההון לסיכום הרבעון השלישי לשנת 2025,pdf1,1062,27,rpdf/1705001-1706000/P1705605-00.pdf,data/sources/pdf/ibi/2025Q3/1705605_presentation.pdf,49ddc9d5e4450de03c93538176dc2ac85a156b604efce3354da3474414474f64
1707315,ibi,2025-12-02 13:47:08.993,quarterly,2025Q3,דוח רבעון 3 לשנת 2025 - דוח iXBRL,htm,44,,rhtm/1707001-1708000/H1707315.htm,,
1707315,ibi,2025-12-02 13:47:08.993,quarterly,2025Q3,דוח רבעון 3 לשנת 2025 - דוח iXBRL,ixbrl,5695,,ixbrl/1707001-1708000/X1707315.htm,,
1729786,ibi,2026-03-23 08:00:06.06,annual,2025FY,דוח תקופתי ושנתי לשנת 2025,xbrl,19,,xbrl/1729001-1730000/X1729786.xbrl,,
1729786,ibi,2026-03-23 08:00:06.06,annual,2025FY,דוח תקופתי ושנתי לשנת 2025,pdf1,8495,296,rpdf/1729001-1730000/P1729786-00.pdf,data/sources/pdf/ibi/2025FY/1729786_annual.pdf,65729c63ab12852e7f97770f5149d8f316407318bcfe5abf860dc4eb9a65a478
1729786,ibi,2026-03-23 08:00:06.06,annual,2025FY,דוח תקופתי ושנתי לשנת 2025,htm,120,,rhtm/1729001-1730000/H1729786.htm,,
1729778,ibi,2026-03-23 08:05:06.133,presentation,2025FY,מצגת לשוק ההון לסיכום שנת 2025,pdf1,2098,30,rpdf/1729001-1730000/P1729778-00.pdf,data/sources/pdf/ibi/2025FY/1729778_presentation.pdf,eea912bbca035ae80e9b362a0e0cb34c396c2bdc873fcf8f0009a882c52eae87
1729778,ibi,2026-03-23 08:05:06.133,presentation,2025FY,מצגת לשוק ההון לסיכום שנת 2025,htm,42,,rhtm/1729001-1730000/H1729778.htm,,
1729802,ibi,2026-03-23 08:20:03.847,liabilities,2025FY,"מצבת התחייבות החברה ליום 31.12.25, לפי מועדי פרעון",htm,222,,rhtm/1729001-1730000/H1729802.htm,,
1740427,ibi,2026-05-11 10:53:12.447,annual,2025FY,דוח תקופתי ושנתי לשנת - 2025 - דוח iXBRL,htm,44,,rhtm/1740001-1741000/H1740427.htm,,
1740427,ibi,2026-05-11 10:53:12.447,annual,2025FY,דוח תקופתי ושנתי לשנת - 2025 - דוח iXBRL,ixbrl,28292,,ixbrl/1740001-1741000/X1740427.htm,,
1744455,ibi,2026-05-28 08:00:05.93,quarterly,2026Q1,דוח רבעון 1 לשנת 2026,htm,117,,rhtm/1744001-1745000/H1744455.htm,,
1744455,ibi,2026-05-28 08:00:05.93,quarterly,2026Q1,דוח רבעון 1 לשנת 2026,pdf1,3442,38,rpdf/1744001-1745000/P1744455-00.pdf,data/sources/pdf/ibi/2026Q1/1744455_quarterly.pdf,b5a5217d5de27baa90a33b0db315807ea9ae460492a10516da6cf0a5cd958673
1744455,ibi,2026-05-28 08:00:05.93,quarterly,2026Q1,דוח רבעון 1 לשנת 2026,xbrl,18,,xbrl/1744001-1745000/X1744455.xbrl,,
1744440,ibi,2026-05-28 08:05:04.883,presentation,2026Q1,מצגת משקיעים רבעון 1 לשנת 2026,htm,43,,rhtm/1744001-1745000/H1744440.htm,,
1744440,ibi,2026-05-28 08:05:04.883,presentation,2026Q1,מצגת משקיעים רבעון 1 לשנת 2026,pdf1,1929,30,rpdf/1744001-1745000/P1744440-00.pdf,data/sources/pdf/ibi/2026Q1/1744440_presentation.pdf,5a43897cfdcc14b5bb42762ad61717b5cdfbb2836ff90ebd790620426696d652
1744468,ibi,2026-05-28 08:10:04.13,liabilities,2026Q1,"מצבת התחייבות החברה ליום 31.3.26, לפי מועדי פרעון",htm,222,,rhtm/1744001-1745000/H1744468.htm,,
1745903,ibi,2026-06-01 12:04:13.223,quarterly,2026Q1,דוח רבעון 1 לשנת 2026 - דוח iXBRL,htm,44,,rhtm/1745001-1746000/H1745903.htm,,
1745903,ibi,2026-06-01 12:04:13.223,quarterly,2026Q1,דוח רבעון 1 לשנת 2026 - דוח iXBRL,ixbrl,28292,,ixbrl/1745001-1746000/X1745903.htm,,
1751086,ibi,2026-06-23 14:57:04.727,quarterly,2026Q1,דוח רבעון 1 לשנת 2026 - דוח iXBRL - תיקון דוח,ixbrl,9516,,ixbrl/1751001-1752000/X1751086.htm,,
1751086,ibi,2026-06-23 14:57:04.727,quarterly,2026Q1,דוח רבעון 1 לשנת 2026 - דוח iXBRL - תיקון דוח,htm,47,,rhtm/1751001-1752000/H1751086.htm,,
1764704,ibi,2026-08-20 08:04:04.963,quarterly,2026Q2,דוח רבעון 2/חצי שנתי לשנת 2026,htm,117,,rhtm/1764001-1765000/H1764704.htm,,
1764704,ibi,2026-08-20 08:04:04.963,quarterly,2026Q2,דוח רבעון 2/חצי שנתי לשנת 2026,pdf1,1055,45,rpdf/1764001-1765000/P1764704-00.pdf,data/sources/pdf/ibi/2026Q2/1764704_quarterly.pdf,d53448f2a49923fca0b6157db528c59b5bec0f151a78e178af3a472b0917a5c6
1764704,ibi,2026-08-20 08:04:04.963,quarterly,2026Q2,דוח רבעון 2/חצי שנתי לשנת 2026,xbrl,18,,xbrl/1764001-1765000/X1764704.xbrl,,
1764708,ibi,2026-08-20 08:26:02.497,presentation,2026Q2,מצגת לשוק ההון לסיכום הרבעון השני לשנת 2026,htm,43,,rhtm/1764001-1765000/H1764708.htm,,
1764708,ibi,2026-08-20 08:26:02.497,presentation,2026Q2,מצגת לשוק ההון לסיכום הרבעון השני לשנת 2026,pdf1,2370,28,rpdf/1764001-1765000/P1764708-00.pdf,data/sources/pdf/ibi/2026Q2/1764708_presentation.pdf,ff3253d069374a9c035a4ceabd120a4eaf46de1fc24991712aac2345c8daaa2e
1764725,ibi,2026-08-20 08:26:03.303,liabilities,2026Q2,"מצבת התחייבות החברה ליום 30.6.26, לפי מועדי פרעון",htm,222,,rhtm/1764001-1765000/H1764725.htm,,
1766592,ibi,2026-08-27 10:25:05.993,quarterly,2026Q2,דוח רבעון 2 לשנת 2026 - דוח iXBRL,htm,44,,rhtm/1766001-1767000/H1766592.htm,,
1766592,ibi,2026-08-27 10:25:05.993,quarterly,2026Q2,דוח רבעון 2 לשנת 2026 - דוח iXBRL,ixbrl,5772,,ixbrl/1766001-1767000/X1766592.htm,,
1219773,idi,2019-03-25 17:29:16.64,liabilities,2018FY,"מצבת התחייבות החברה ליום 31.12.18, לפי מועדי פרעון",htm,197,,rhtm/1219001-1220000/H1219773.htm,,
1219778,idi,2019-03-25 17:53:27.987,annual,2018FY,דוח תקופתי ושנתי לשנת 2018,pdf1,3568,,rpdf/1219001-1220000/P1219778-00.pdf,,
1219778,idi,2019-03-25 17:53:27.987,annual,2018FY,דוח תקופתי ושנתי לשנת 2018,xbrl,19,,xbrl/1219001-1220000/X1219778.xbrl,,
1230319,idi,2019-05-21 13:41:22.887,liabilities,2019Q1,"מצבת התחייבות החברה ליום 31.3.19, לפי מועדי פרעון",htm,197,,rhtm/1230001-1231000/H1230319.htm,,
1230345,idi,2019-05-21 14:19:23.447,quarterly,2019Q1,דוח רבעון 1 לשנת 2019,pdf1,784,,rpdf/1230001-1231000/P1230345-00.pdf,,
1230345,idi,2019-05-21 14:19:23.447,quarterly,2019Q1,דוח רבעון 1 לשנת 2019,xbrl,18,,xbrl/1230001-1231000/X1230345.xbrl,,
1235690,idi,2019-06-18 09:50:19.6,presentation,2019Q1,מצגת מימון ישיר,htm,40,,rhtm/1235001-1236000/H1235690.htm,,
1235690,idi,2019-06-18 09:50:19.6,presentation,2019Q1,מצגת מימון ישיר,pdf1,3001,,rpdf/1235001-1236000/P1235690-00.pdf,,
1249646,idi,2019-08-25 09:12:14.17,subsidiary,2019Q2,דוח חב בת/מוחזקת-איי.די.איי - ל- 30.6.19,edit,103,,reports/1249001-1250000/E1249646.pdf,,
1249693,idi,2019-08-25 13:03:18.163,liabilities,2019Q2,"מצבת התחייבות החברה ליום 30.6.19, לפי מועדי פרעון",htm,197,,rhtm/1249001-1250000/H1249693.htm,,
1249701,idi,2019-08-25 13:29:19.137,quarterly,2019Q2,דוח רבעון 2 לשנת 2019,htm,101,,rhtm/1249001-1250000/H1249701.htm,,
1249701,idi,2019-08-25 13:29:19.137,quarterly,2019Q2,דוח רבעון 2 לשנת 2019,pdf1,864,,rpdf/1249001-1250000/P1249701-00.pdf,,
1249701,idi,2019-08-25 13:29:19.137,quarterly,2019Q2,דוח רבעון 2 לשנת 2019,xbrl,18,,xbrl/1249001-1250000/X1249701.xbrl,,
1265756,idi,2019-11-28 12:22:23.427,liabilities,2019Q3,"מצבת התחייבות החברה ליום 30.9.19, לפי מועדי פרעון",htm,197,,rhtm/1265001-1266000/H1265756.htm,,
1265773,idi,2019-11-28 13:07:28.43,quarterly,2019Q3,דוח רבעון 3 לשנת 2019,htm,101,,rhtm/1265001-1266000/H1265773.htm,,
1265773,idi,2019-11-28 13:07:28.43,quarterly,2019Q3,דוח רבעון 3 לשנת 2019,pdf1,941,,rpdf/1265001-1266000/P1265773-00.pdf,,
1265773,idi,2019-11-28 13:07:28.43,quarterly,2019Q3,דוח רבעון 3 לשנת 2019,xbrl,18,,xbrl/1265001-1266000/X1265773.xbrl,,
1220579,meitav,2019-03-28 08:47:19.587,liabilities,2018FY,"מצבת התחייבות החברה ליום 31.12.18, לפי מועדי פרעון",htm,198,,rhtm/1220001-1221000/H1220579.htm,,
1220588,meitav,2019-03-28 08:59:30.57,annual,2018FY,דוח תקופתי ושנתי לשנת 2018,xbrl,19,,xbrl/1220001-1221000/X1220588.xbrl,,
1220588,meitav,2019-03-28 08:59:30.57,annual,2018FY,דוח תקופתי ושנתי לשנת 2018,pdf1,16991,,rpdf/1220001-1221000/P1220588-00.pdf,,
1220838,meitav,2019-03-28 16:07:28.747,presentation,2018FY,מצגת משקיעים 2018,pdf1,3325,,rpdf/1220001-1221000/P1220838-00.pdf,,
1220838,meitav,2019-03-28 16:07:28.747,presentation,2018FY,מצגת משקיעים 2018,htm,40,,rhtm/1220001-1221000/H1220838.htm,,
1231574,meitav,2019-05-28 08:44:23.05,liabilities,2019Q1,"מצבת התחייבות החברה ליום 31.3.19, לפי מועדי פרעון",htm,198,,rhtm/1231001-1232000/H1231574.htm,,
1231575,meitav,2019-05-28 08:47:24.807,quarterly,2019Q1,דוח רבעון 1 לשנת 2019,pdf1,1433,,rpdf/1231001-1232000/P1231575-00.pdf,,
1231575,meitav,2019-05-28 08:47:24.807,quarterly,2019Q1,דוח רבעון 1 לשנת 2019,xbrl,18,,xbrl/1231001-1232000/X1231575.xbrl,,
1232103,meitav,2019-05-29 14:01:27.94,presentation,2019Q1,מצגת-  רבעון 1 לשנת 2019,pdf1,3163,,rpdf/1232001-1233000/P1232103-00.pdf,,
1232103,meitav,2019-05-29 14:01:27.94,presentation,2019Q1,מצגת-  רבעון 1 לשנת 2019,htm,40,,rhtm/1232001-1233000/H1232103.htm,,
1247814,meitav,2019-08-14 15:44:32.51,liabilities,2019Q2,"מצבת התחייבות החברה ליום 30.6.19, לפי מועדי פרעון",htm,198,,rhtm/1247001-1248000/H1247814.htm,,
1247823,meitav,2019-08-14 15:51:18.96,quarterly,2019Q2,דוח רבעון 2 לשנת 2019,xbrl,18,,xbrl/1247001-1248000/X1247823.xbrl,,
1247823,meitav,2019-08-14 15:51:18.96,quarterly,2019Q2,דוח רבעון 2 לשנת 2019,pdf1,2392,,rpdf/1247001-1248000/P1247823-00.pdf,,
1247823,meitav,2019-08-14 15:51:18.96,quarterly,2019Q2,דוח רבעון 2 לשנת 2019,htm,101,,rhtm/1247001-1248000/H1247823.htm,,
1247895,meitav,2019-08-14 18:42:24.853,presentation,2019Q2,"מצגת למשקיעים, רבעון 2 2019",pdf1,3076,,rpdf/1247001-1248000/P1247895-00.pdf,,
1247895,meitav,2019-08-14 18:42:24.853,presentation,2019Q2,"מצגת למשקיעים, רבעון 2 2019",htm,40,,rhtm/1247001-1248000/H1247895.htm,,
1259596,meitav,2019-10-27 08:34:31.38,quarterly,2019Q3,המועד הצפוי לפרסום דוח רבעון 3 לשנת 2019 ביום 17.11.19,htm,40,,rhtm/1259001-1260000/H1259596.htm,,
1263279,meitav,2019-11-18 09:03:17.497,liabilities,2019Q3,"מצבת התחייבות החברה ליום 30.9.19, לפי מועדי פרעון",htm,198,,rhtm/1263001-1264000/H1263279.htm,,
1263281,meitav,2019-11-18 09:09:23.04,quarterly,2019Q3,דוח רבעון 3 לשנת 2019,htm,102,,rhtm/1263001-1264000/H1263281.htm,,
1263281,meitav,2019-11-18 09:09:23.04,quarterly,2019Q3,דוח רבעון 3 לשנת 2019,pdf2,1242,,rpdf/1263001-1264000/P1263281-01.pdf,,
1263281,meitav,2019-11-18 09:09:23.04,quarterly,2019Q3,דוח רבעון 3 לשנת 2019,pdf1,4346,,rpdf/1263001-1264000/P1263281-00.pdf,,
1263281,meitav,2019-11-18 09:09:23.04,quarterly,2019Q3,דוח רבעון 3 לשנת 2019,xbrl,18,,xbrl/1263001-1264000/X1263281.xbrl,,
1263613,meitav,2019-11-19 15:39:30.617,presentation,2019Q3,מצגת משקיעים,htm,41,,rhtm/1263001-1264000/H1263613.htm,,
1263613,meitav,2019-11-19 15:39:30.617,presentation,2019Q3,מצגת משקיעים,pdf1,3128,,rpdf/1263001-1264000/P1263613-00.pdf,,
1284396,meitav,2020-03-19 08:25:26.353,liabilities,2019FY,"מצבת התחייבות החברה ליום 31.12.19, לפי מועדי פרעון",htm,200,,rhtm/1284001-1285000/H1284396.htm,,
1284426,meitav,2020-03-19 08:59:24.117,annual,2019FY,דוח תקופתי ושנתי לשנת 2019,htm,105,,rhtm/1284001-1285000/H1284426.htm,,
1284426,meitav,2020-03-19 08:59:24.117,annual,2019FY,דוח תקופתי ושנתי לשנת 2019,xbrl,19,,xbrl/1284001-1285000/X1284426.xbrl,,
1284426,meitav,2020-03-19 08:59:24.117,annual,2019FY,דוח תקופתי ושנתי לשנת 2019,pdf1,7818,,rpdf/1284001-1285000/P1284426-00.pdf,,
1284927,meitav,2020-03-22 14:43:19.72,presentation,2019FY,מצגת למשקיעים- 2019,pdf1,2792,,rpdf/1284001-1285000/P1284927-00.pdf,,
1284927,meitav,2020-03-22 14:43:19.72,presentation,2019FY,מצגת למשקיעים- 2019,htm,43,,rhtm/1284001-1285000/H1284927.htm,,
1298775,meitav,2020-05-31 19:32:17.33,liabilities,2020Q1,"מצבת התחייבות החברה ליום 31.3.20, לפי מועדי פרעון",htm,202,,rhtm/1298001-1299000/H1298775.htm,,
1298776,meitav,2020-05-31 19:41:23.447,quarterly,2020Q1,דוח רבעון 1 לשנת 2020,xbrl,18,,xbrl/1298001-1299000/X1298776.xbrl,,
1298776,meitav,2020-05-31 19:41:23.447,quarterly,2020Q1,דוח רבעון 1 לשנת 2020,pdf2,1210,,rpdf/1298001-1299000/P1298776-01.pdf,,
1298776,meitav,2020-05-31 19:41:23.447,quarterly,2020Q1,דוח רבעון 1 לשנת 2020,pdf1,4432,,rpdf/1298001-1299000/P1298776-00.pdf,,
1298776,meitav,2020-05-31 19:41:23.447,quarterly,2020Q1,דוח רבעון 1 לשנת 2020,htm,105,,rhtm/1298001-1299000/H1298776.htm,,
1298785,meitav,2020-05-31 20:17:35.95,presentation,2020Q1,מצגת משקיעים - רבעון 1 2020,pdf1,2034,,rpdf/1298001-1299000/P1298785-00.pdf,,
1298785,meitav,2020-05-31 20:17:35.95,presentation,2020Q1,מצגת משקיעים - רבעון 1 2020,htm,44,,rhtm/1298001-1299000/H1298785.htm,,
1299112,meitav,2020-06-01 18:10:16.383,presentation,2020Q1,השלמה למצגת מיום 31.5.20 -הוספת נתונים לגבי ליקווידיטי,pdf1,2136,,rpdf/1299001-1300000/P1299112-00.pdf,,
1299112,meitav,2020-06-01 18:10:16.383,presentation,2020Q1,השלמה למצגת מיום 31.5.20 -הוספת נתונים לגבי ליקווידיטי,htm,46,,rhtm/1299001-1300000/H1299112.htm,,
1315226,meitav,2020-08-17 08:56:20.06,liabilities,2020Q2,"מצבת התחייבות החברה ליום 30.6.20, לפי מועדי פרעון",htm,202,,rhtm/1315001-1316000/H1315226.htm,,
1315231,meitav,2020-08-17 09:03:17.057,quarterly,2020Q2,דוח רבעון 2 לשנת 2020,htm,104,,rhtm/1315001-1316000/H1315231.htm,,
1315231,meitav,2020-08-17 09:03:17.057,quarterly,2020Q2,דוח רבעון 2 לשנת 2020,pdf1,3704,,rpdf/1315001-1316000/P1315231-00.pdf,,
1315231,meitav,2020-08-17 09:03:17.057,quarterly,2020Q2,דוח רבעון 2 לשנת 2020,xbrl,18,,xbrl/1315001-1316000/X1315231.xbrl,,
1315375,meitav,2020-08-17 16:45:28.137,presentation,2020Q2,מצגת משקיעים-רבעון 2 2020,htm,43,,rhtm/1315001-1316000/H1315375.htm,,
1315375,meitav,2020-08-17 16:45:28.137,presentation,2020Q2,מצגת משקיעים-רבעון 2 2020,pdf1,2918,,rpdf/1315001-1316000/P1315375-00.pdf,,
1333839,meitav,2020-11-23 08:39:20.7,liabilities,2020Q3,"מצבת התחייבות החברה ליום 30.9.20, לפי מועדי פרעון",htm,199,,rhtm/1333001-1334000/H1333839.htm,,
1333859,meitav,2020-11-23 08:58:28.83,quarterly,2020Q3,דוח רבעון 3 לשנת 2020,htm,98,,rhtm/1333001-1334000/H1333859.htm,,
1333859,meitav,2020-11-23 08:58:28.83,quarterly,2020Q3,דוח רבעון 3 לשנת 2020,pdf1,3878,,rpdf/1333001-1334000/P1333859-00.pdf,,
1333859,meitav,2020-11-23 08:58:28.83,quarterly,2020Q3,דוח רבעון 3 לשנת 2020,xbrl,18,,xbrl/1333001-1334000/X1333859.xbrl,,
1334474,meitav,2020-11-25 08:38:20.787,presentation,2020Q3,מצגת משקיעים - רבעון 3 2020,pdf1,2942,,rpdf/1334001-1335000/P1334474-00.pdf,,
1334474,meitav,2020-11-25 08:38:20.787,presentation,2020Q3,מצגת משקיעים - רבעון 3 2020,htm,41,,rhtm/1334001-1335000/H1334474.htm,,
1358310,meitav,2021-03-17 12:10:32.477,annual,2020FY,דוח תקופתי ושנתי לשנת 2020,xbrl,19,,xbrl/1358001-1359000/X1358310.xbrl,,
1358310,meitav,2021-03-17 12:10:32.477,annual,2020FY,דוח תקופתי ושנתי לשנת 2020,htm,100,,rhtm/1358001-1359000/H1358310.htm,,
1358310,meitav,2021-03-17 12:10:32.477,annual,2020FY,דוח תקופתי ושנתי לשנת 2020,pdf1,9630,,rpdf/1358001-1359000/P1358310-00.pdf,,
1358312,meitav,2021-03-17 12:14:28.94,liabilities,2020FY,"מצבת התחייבות החברה ליום 31.12.20, לפי מועדי פרעון",htm,199,,rhtm/1358001-1359000/H1358312.htm,,
1359098,meitav,2021-03-21 16:59:18.64,presentation,2020FY,מצגת משקיעים 2020-מרץ 2021,htm,41,,rhtm/1359001-1360000/H1359098.htm,,
1359098,meitav,2021-03-21 16:59:18.64,presentation,2020FY,מצגת משקיעים 2020-מרץ 2021,pdf1,2600,,rpdf/1359001-1360000/P1359098-00.pdf,,
1372334,meitav,2021-05-26 15:59:21.327,quarterly,2021Q1,דוח רבעון 1 לשנת 2021,htm,99,,rhtm/1372001-1373000/H1372334.htm,,
1372334,meitav,2021-05-26 15:59:21.327,quarterly,2021Q1,דוח רבעון 1 לשנת 2021,pdf1,4142,,rpdf/1372001-1373000/P1372334-00.pdf,,
1372334,meitav,2021-05-26 15:59:21.327,quarterly,2021Q1,דוח רבעון 1 לשנת 2021,xbrl,18,,xbrl/1372001-1373000/X1372334.xbrl,,
1372348,meitav,2021-05-26 16:06:18.97,liabilities,2021Q1,"מצבת התחייבות החברה ליום 31.3.21, לפי מועדי פרעון",htm,198,,rhtm/1372001-1373000/H1372348.htm,,
1372416,meitav,2021-05-26 19:14:23.803,presentation,2021Q1,"מצגת משקיעים-רבעון 1, 2021",htm,41,,rhtm/1372001-1373000/H1372416.htm,,
1372416,meitav,2021-05-26 19:14:23.803,presentation,2021Q1,"מצגת משקיעים-רבעון 1, 2021",pdf1,2546,,rpdf/1372001-1373000/P1372416-00.pdf,,
1394687,meitav,2021-08-18 08:46:27.99,quarterly,2021Q2,דוח רבעון 2/חצי שנתי לשנת 2021,htm,99,,rhtm/1394001-1395000/H1394687.htm,,
1394687,meitav,2021-08-18 08:46:27.99,quarterly,2021Q2,דוח רבעון 2/חצי שנתי לשנת 2021,pdf1,2556,,rpdf/1394001-1395000/P1394687-00.pdf,,
1394687,meitav,2021-08-18 08:46:27.99,quarterly,2021Q2,דוח רבעון 2/חצי שנתי לשנת 2021,xbrl,18,,xbrl/1394001-1395000/X1394687.xbrl,,
1394693,meitav,2021-08-18 08:50:24.757,liabilities,2021Q2,"מצבת התחייבות החברה ליום 30.6.21, לפי מועדי פרעון",htm,198,,rhtm/1394001-1395000/H1394693.htm,,
1396274,meitav,2021-08-24 11:56:25.49,presentation,2021Q2,מצגת למשקיעים,htm,41,,rhtm/1396001-1397000/H1396274.htm,,
1396274,meitav,2021-08-24 11:56:25.49,presentation,2021Q2,מצגת למשקיעים,pdf1,1477,,rpdf/1396001-1397000/P1396274-00.pdf,,
1415253,meitav,2021-11-30 16:04:32.33,quarterly,2021Q3,דוח רבעון 3 לשנת 2021,htm,99,,rhtm/1415001-1416000/H1415253.htm,,
1415253,meitav,2021-11-30 16:04:32.33,quarterly,2021Q3,דוח רבעון 3 לשנת 2021,pdf1,5408,,rpdf/1415001-1416000/P1415253-00.pdf,,
1415253,meitav,2021-11-30 16:04:32.33,quarterly,2021Q3,דוח רבעון 3 לשנת 2021,xbrl,18,,xbrl/1415001-1416000/X1415253.xbrl,,
1415255,meitav,2021-11-30 16:06:21.29,liabilities,2021Q3,"מצבת התחייבות החברה ליום 30.9.21, לפי מועדי פרעון",htm,198,,rhtm/1415001-1416000/H1415255.htm,,
1416151,meitav,2021-12-05 14:09:18.723,presentation,2021Q3,"מצגת משקיעים ,רבעון 3 לשנת 2021",htm,41,,rhtm/1416001-1417000/H1416151.htm,,
1416151,meitav,2021-12-05 14:09:18.723,presentation,2021Q3,"מצגת משקיעים ,רבעון 3 לשנת 2021",pdf1,1302,,rpdf/1416001-1417000/P1416151-00.pdf,,
1437163,meitav,2022-03-16 18:28:21.78,annual,2021FY,דוח תקופתי ושנתי לשנת 2021,xbrl,19,,xbrl/1437001-1438000/X1437163.xbrl,,
1437163,meitav,2022-03-16 18:28:21.78,annual,2021FY,דוח תקופתי ושנתי לשנת 2021,pdf1,7858,,rpdf/1437001-1438000/P1437163-00.pdf,,
1437163,meitav,2022-03-16 18:28:21.78,annual,2021FY,דוח תקופתי ושנתי לשנת 2021,htm,100,,rhtm/1437001-1438000/H1437163.htm,,
1437164,meitav,2022-03-16 18:29:16.21,liabilities,2021FY,"מצבת התחייבות החברה ליום 31.12.21, לפי מועדי פרעון",htm,198,,rhtm/1437001-1438000/H1437164.htm,,
1439703,meitav,2022-03-28 14:28:29.8,presentation,2021FY,מצגת משקיעים שנת 2021-מרץ 2022,pdf1,2466,,rpdf/1439001-1440000/P1439703-00.pdf,,
1439703,meitav,2022-03-28 14:28:29.8,presentation,2021FY,מצגת משקיעים שנת 2021-מרץ 2022,htm,41,,rhtm/1439001-1440000/H1439703.htm,,
1450380,meitav,2022-05-19 08:44:31.383,quarterly,2022Q1,דוח רבעון 1 לשנת 2022,xbrl,18,,xbrl/1450001-1451000/X1450380.xbrl,,
1450380,meitav,2022-05-19 08:44:31.383,quarterly,2022Q1,דוח רבעון 1 לשנת 2022,pdf1,2237,,rpdf/1450001-1451000/P1450380-00.pdf,,
1450380,meitav,2022-05-19 08:44:31.383,quarterly,2022Q1,דוח רבעון 1 לשנת 2022,htm,99,,rhtm/1450001-1451000/H1450380.htm,,
1450381,meitav,2022-05-19 08:46:20.77,liabilities,2022Q1,"מצבת התחייבות החברה ליום 31.3.22, לפי מועדי פרעון",htm,198,,rhtm/1450001-1451000/H1450381.htm,,
1455322,meitav,2022-06-08 14:41:22.217,presentation,2022Q1,מצגת משקיעים-רבעון 1 2022,pdf1,2129,,rpdf/1455001-1456000/P1455322-00.pdf,,
1455322,meitav,2022-06-08 14:41:22.217,presentation,2022Q1,מצגת משקיעים-רבעון 1 2022,htm,41,,rhtm/1455001-1456000/H1455322.htm,,
1470378,meitav,2022-08-15 08:38:22.277,quarterly,2022Q2,דוח רבעון 2/חצי שנתי לשנת 2022,htm,99,,rhtm/1470001-1471000/H1470378.htm,,
1470378,meitav,2022-08-15 08:38:22.277,quarterly,2022Q2,דוח רבעון 2/חצי שנתי לשנת 2022,pdf1,2269,,rpdf/1470001-1471000/P1470378-00.pdf,,
1470378,meitav,2022-08-15 08:38:22.277,quarterly,2022Q2,דוח רבעון 2/חצי שנתי לשנת 2022,xbrl,18,,xbrl/1470001-1471000/X1470378.xbrl,,
1470380,meitav,2022-08-15 08:39:17.257,liabilities,2022Q2,"מצבת התחייבות החברה ליום 30.6.22, לפי מועדי פרעון",htm,198,,rhtm/1470001-1471000/H1470380.htm,,
1470383,meitav,2022-08-15 09:01:21.763,presentation,2022Q2,מצגת משקיעים-רבעון 2 לשנת 2022,htm,41,,rhtm/1470001-1471000/H1470383.htm,,
1470383,meitav,2022-08-15 09:01:21.763,presentation,2022Q2,מצגת משקיעים-רבעון 2 לשנת 2022,pdf1,2131,,rpdf/1470001-1471000/P1470383-00.pdf,,
1486574,meitav,2022-11-16 15:23:30.49,quarterly,2022Q3,דוח רבעון 3 לשנת 2022,htm,99,,rhtm/1486001-1487000/H1486574.htm,,
1486574,meitav,2022-11-16 15:23:30.49,quarterly,2022Q3,דוח רבעון 3 לשנת 2022,pdf1,1942,,rpdf/1486001-1487000/P1486574-00.pdf,,
1486574,meitav,2022-11-16 15:23:30.49,quarterly,2022Q3,דוח רבעון 3 לשנת 2022,xbrl,18,,xbrl/1486001-1487000/X1486574.xbrl,,
1486575,meitav,2022-11-16 15:24:25.063,liabilities,2022Q3,"מצבת התחייבות החברה ליום 30.9.22, לפי מועדי פרעון",htm,198,,rhtm/1486001-1487000/H1486575.htm,,
1486658,meitav,2022-11-17 09:01:19.54,presentation,2022Q3,"מצגת משקיעים-רבעון 3 ,2022",htm,41,,rhtm/1486001-1487000/H1486658.htm,,
1486658,meitav,2022-11-17 09:01:19.54,presentation,2022Q3,"מצגת משקיעים-רבעון 3 ,2022",pdf1,1881,,rpdf/1486001-1487000/P1486658-00.pdf,,
1510919,meitav,2023-03-15 16:49:31.16,annual,2022FY,דוח תקופתי ושנתי לשנת 2022,pdf1,14903,,rpdf/1510001-1511000/P1510919-00.pdf,,
1510919,meitav,2023-03-15 16:49:31.16,annual,2022FY,דוח תקופתי ושנתי לשנת 2022,htm,105,,rhtm/1510001-1511000/H1510919.htm,,
1510919,meitav,2023-03-15 16:49:31.16,annual,2022FY,דוח תקופתי ושנתי לשנת 2022,xbrl,19,,xbrl/1510001-1511000/X1510919.xbrl,,
1510920,meitav,2023-03-15 16:51:21.3,liabilities,2022FY,"מצבת התחייבות החברה ליום 31.12.22, לפי מועדי פרעון",htm,224,,rhtm/1510001-1511000/H1510920.htm,,
1510944,meitav,2023-03-15 18:19:26.703,presentation,2022FY,מצגת משקיעים שנת 2022,htm,41,,rhtm/1510001-1511000/H1510944.htm,,
1510944,meitav,2023-03-15 18:19:26.703,presentation,2022FY,מצגת משקיעים שנת 2022,pdf1,1787,,rpdf/1510001-1511000/P1510944-00.pdf,,
1520881,meitav,2023-05-08 08:52:23.14,quarterly,2023Q1,צפויה לפרסם דוח רבעון 1 לשנת 2023 ביום 29.5.23,htm,41,,rhtm/1520001-1521000/H1520881.htm,,
1524949,meitav,2023-05-30 08:42:21.067,quarterly,2023Q1,דוח רבעון 1 לשנת 2023,htm,105,,rhtm/1524001-1525000/H1524949.htm,,
1524949,meitav,2023-05-30 08:42:21.067,quarterly,2023Q1,דוח רבעון 1 לשנת 2023,pdf1,1222,,rpdf/1524001-1525000/P1524949-00.pdf,,
1524949,meitav,2023-05-30 08:42:21.067,quarterly,2023Q1,דוח רבעון 1 לשנת 2023,xbrl,18,,xbrl/1524001-1525000/X1524949.xbrl,,
1524950,meitav,2023-05-30 08:46:19.743,liabilities,2023Q1,"מצבת התחייבות החברה ליום 31.3.23, לפי מועדי פרעון",htm,224,,rhtm/1524001-1525000/H1524950.htm,,
1524954,meitav,2023-05-30 09:05:20.473,presentation,2023Q1,"מצגת משקיעים-רבעון 1, 2023",pdf1,3467,,rpdf/1524001-1525000/P1524954-00.pdf,,
1524954,meitav,2023-05-30 09:05:20.473,presentation,2023Q1,"מצגת משקיעים-רבעון 1, 2023",htm,41,,rhtm/1524001-1525000/H1524954.htm,,
1541551,meitav,2023-08-16 16:17:14.847,quarterly,2023Q2,דוח רבעון 2/חצי שנתי לשנת 2023,xbrl,18,,xbrl/1541001-1542000/X1541551.xbrl,,
1541551,meitav,2023-08-16 16:17:14.847,quarterly,2023Q2,דוח רבעון 2/חצי שנתי לשנת 2023,htm,105,,rhtm/1541001-1542000/H1541551.htm,,
1541551,meitav,2023-08-16 16:17:14.847,quarterly,2023Q2,דוח רבעון 2/חצי שנתי לשנת 2023,pdf1,1722,,rpdf/1541001-1542000/P1541551-00.pdf,,
1541552,meitav,2023-08-16 16:18:27.687,liabilities,2023Q2,"מצבת התחייבות החברה ליום 30.6.23, לפי מועדי פרעון",htm,224,,rhtm/1541001-1542000/H1541552.htm,,
1541583,meitav,2023-08-16 17:56:23.777,presentation,2023Q2,"מצגת משקיעים -רבעון 2, 2023",htm,41,,rhtm/1541001-1542000/H1541583.htm,,
1541583,meitav,2023-08-16 17:56:23.777,presentation,2023Q2,"מצגת משקיעים -רבעון 2, 2023",pdf1,2414,,rpdf/1541001-1542000/P1541583-00.pdf,,
1559082,meitav,2023-11-22 13:09:12.27,quarterly,2023Q3,דוח רבעון 3 לשנת 2023,htm,105,,rhtm/1559001-1560000/H1559082.htm,,
1559082,meitav,2023-11-22 13:09:12.27,quarterly,2023Q3,דוח רבעון 3 לשנת 2023,pdf1,6497,,rpdf/1559001-1560000/P1559082-00.pdf,,
1559082,meitav,2023-11-22 13:09:12.27,quarterly,2023Q3,דוח רבעון 3 לשנת 2023,xbrl,18,,xbrl/1559001-1560000/X1559082.xbrl,,
1559083,meitav,2023-11-22 13:10:12.893,liabilities,2023Q3,"מצבת התחייבות החברה ליום 30.9.23, לפי מועדי פרעון",htm,224,,rhtm/1559001-1560000/H1559083.htm,,
1559087,meitav,2023-11-22 13:38:17.253,presentation,2023Q3,"מצגת משקיעים - רבעון 3, 2023",pdf1,2529,,rpdf/1559001-1560000/P1559087-00.pdf,,
1559087,meitav,2023-11-22 13:38:17.253,presentation,2023Q3,"מצגת משקיעים - רבעון 3, 2023",htm,42,,rhtm/1559001-1560000/H1559087.htm,,
1579467,meitav,2024-03-14 08:37:12.653,annual,2023FY,דוח תקופתי ושנתי לשנת 2023,xbrl,19,,xbrl/1579001-1580000/X1579467.xbrl,,
1579467,meitav,2024-03-14 08:37:12.653,annual,2023FY,דוח תקופתי ושנתי לשנת 2023,htm,106,,rhtm/1579001-1580000/H1579467.htm,,
1579467,meitav,2024-03-14 08:37:12.653,annual,2023FY,דוח תקופתי ושנתי לשנת 2023,pdf1,11216,359,rpdf/1579001-1580000/P1579467-00.pdf,data/sources/pdf/meitav/2023FY/1579467_annual.pdf,1c172747e5f4ea46f24f152866fa71a1557f3a36146db77c08eab410080d6d39
1579468,meitav,2024-03-14 08:38:13.587,liabilities,2023FY,"מצבת התחייבות החברה ליום 31.12.23, לפי מועדי פרעון",htm,224,,rhtm/1579001-1580000/H1579468.htm,,
1579475,meitav,2024-03-14 09:05:12.67,presentation,2023FY,מצגת משקיעים - שנת 2023,htm,42,,rhtm/1579001-1580000/H1579475.htm,,
1579475,meitav,2024-03-14 09:05:12.67,presentation,2023FY,מצגת משקיעים - שנת 2023,pdf1,1666,19,rpdf/1579001-1580000/P1579475-00.pdf,data/sources/pdf/meitav/2023FY/1579475_presentation.pdf,84e05b9da34df9e1fa6ed6848217df77e7e78adc77696ff964aa55abe8f0388f
1594454,meitav,2024-05-27 08:25:15.39,quarterly,2024Q1,דוח רבעון 1 לשנת 2024,htm,105,,rhtm/1594001-1595000/H1594454.htm,,
1594454,meitav,2024-05-27 08:25:15.39,quarterly,2024Q1,דוח רבעון 1 לשנת 2024,pdf1,1366,59,rpdf/1594001-1595000/P1594454-00.pdf,data/sources/pdf/meitav/2024Q1/1594454_quarterly.pdf,a55555ba347174a1678228daef919a5a9714771a51f9b1a9de891296fcfe7b63
1594454,meitav,2024-05-27 08:25:15.39,quarterly,2024Q1,דוח רבעון 1 לשנת 2024,xbrl,18,,xbrl/1594001-1595000/X1594454.xbrl,,
1594456,meitav,2024-05-27 08:26:16.15,liabilities,2024Q1,"מצבת התחייבות החברה ליום 31.3.24, לפי מועדי פרעון",htm,224,,rhtm/1594001-1595000/H1594456.htm,,
1594467,meitav,2024-05-27 08:57:16.177,presentation,2024Q1,"מצגת משקיעים - רבעון 1, 2024",pdf1,1477,19,rpdf/1594001-1595000/P1594467-00.pdf,data/sources/pdf/meitav/2024Q1/1594467_presentation.pdf,a5975bbb2c2298dd701765d256e212812b92076929a0057af7a61417201b9a9f
1594467,meitav,2024-05-27 08:57:16.177,presentation,2024Q1,"מצגת משקיעים - רבעון 1, 2024",htm,42,,rhtm/1594001-1595000/H1594467.htm,,
1611584,meitav,2024-08-19 08:32:13.27,quarterly,2024Q2,דוח רבעון 2/חצי שנתי לשנת 2024,pdf1,1449,69,rpdf/1611001-1612000/P1611584-00.pdf,data/sources/pdf/meitav/2024Q2/1611584_quarterly.pdf,6761641c669ccacad91df14a4bdacd6fcb611a26beba079cc2438429813f198a
1611584,meitav,2024-08-19 08:32:13.27,quarterly,2024Q2,דוח רבעון 2/חצי שנתי לשנת 2024,xbrl,18,,xbrl/1611001-1612000/X1611584.xbrl,,
1611584,meitav,2024-08-19 08:32:13.27,quarterly,2024Q2,דוח רבעון 2/חצי שנתי לשנת 2024,htm,112,,rhtm/1611001-1612000/H1611584.htm,,
1611585,meitav,2024-08-19 08:32:13.66,liabilities,2024Q2,"מצבת התחייבות החברה ליום 30.6.24, לפי מועדי פרעון",htm,224,,rhtm/1611001-1612000/H1611585.htm,,
1611592,meitav,2024-08-19 08:56:15.97,presentation,2024Q2,מצגת משקיעים -רבעון 2 לשנת 2024,htm,42,,rhtm/1611001-1612000/H1611592.htm,,
1611592,meitav,2024-08-19 08:56:15.97,presentation,2024Q2,מצגת משקיעים -רבעון 2 לשנת 2024,pdf1,1485,19,rpdf/1611001-1612000/P1611592-00.pdf,data/sources/pdf/meitav/2024Q2/1611592_presentation.pdf,6e00276827701204570fe65b3d97c898ca26c8359eb68ac5bac22b66f3624250
1613415,meitav,2024-08-26 17:42:12.17,presentation,2024Q2,Investor presentation Q2 2024,htm,39,,rhtm/1613001-1614000/H1613415.htm,,
1613415,meitav,2024-08-26 17:42:12.17,presentation,2024Q2,Investor presentation Q2 2024,pdf1,1517,19,rpdf/1613001-1614000/P1613415-00.pdf,data/sources/pdf/meitav/2024Q2/1613415_presentation.pdf,ce5869d5c24001edb2dc0561a4154a54ed68d665ef3ed772ec9ddabfc495b85c
1628786,meitav,2024-11-25 08:46:13.373,quarterly,2024Q3,דוח רבעון 3 לשנת 2024,htm,112,,rhtm/1628001-1629000/H1628786.htm,,
1628786,meitav,2024-11-25 08:46:13.373,quarterly,2024Q3,דוח רבעון 3 לשנת 2024,pdf1,2802,167,rpdf/1628001-1629000/P1628786-00.pdf,data/sources/pdf/meitav/2024Q3/1628786_quarterly.pdf,738b10f35fb4889335ed9cd8e917d2d4cf333754d34d4e53b293ec9d1807308d
1628786,meitav,2024-11-25 08:46:13.373,quarterly,2024Q3,דוח רבעון 3 לשנת 2024,xbrl,18,,xbrl/1628001-1629000/X1628786.xbrl,,
1628788,meitav,2024-11-25 08:47:15.547,liabilities,2024Q3,"מצבת התחייבות החברה ליום 30.9.24, לפי מועדי פרעון",htm,224,,rhtm/1628001-1629000/H1628788.htm,,
1628794,meitav,2024-11-25 09:10:12.597,presentation,2024Q3,מצגת משקיעים - רבעון 3 2024,pdf1,2077,24,rpdf/1628001-1629000/P1628794-00.pdf,data/sources/pdf/meitav/2024Q3/1628794_presentation.pdf,39ea6aaedc1d0c4059faeabee8e6226a58c5fe549d634d2a890460a6f0cac7d3
1628794,meitav,2024-11-25 09:10:12.597,presentation,2024Q3,מצגת משקיעים - רבעון 3 2024,htm,42,,rhtm/1628001-1629000/H1628794.htm,,
1632914,meitav,2024-12-11 14:48:13.483,presentation,2024Q3,Investor presentation Q3 2024,pdf1,2367,24,rpdf/1632001-1633000/P1632914-00.pdf,data/sources/pdf/meitav/2024Q3/1632914_presentation.pdf,883c31c271b263eababdfa3d544c42fa0d590162730e547b5c17ed94de4c52d8
1632914,meitav,2024-12-11 14:48:13.483,presentation,2024Q3,Investor presentation Q3 2024,htm,39,,rhtm/1632001-1633000/H1632914.htm,,
1651752,meitav,2025-03-18 09:20:05.883,annual,2024FY,דוח תקופתי ושנתי לשנת 2024,xbrl,19,,xbrl/1651001-1652000/X1651752.xbrl,,
1651752,meitav,2025-03-18 09:20:05.883,annual,2024FY,דוח תקופתי ושנתי לשנת 2024,htm,116,,rhtm/1651001-1652000/H1651752.htm,,
1651752,meitav,2025-03-18 09:20:05.883,annual,2024FY,דוח תקופתי ושנתי לשנת 2024,pdf1,5745,370,rpdf/1651001-1652000/P1651752-00.pdf,data/sources/pdf/meitav/2024FY/1651752_annual.pdf,65826ab9d682468e5cafb0b8cab008566f2b761944c4a173c7a3a71d0aee06ec
1651754,meitav,2025-03-18 09:22:02.587,liabilities,2024FY,"מצבת התחייבות החברה ליום 31.12.24, לפי מועדי פרעון",htm,222,,rhtm/1651001-1652000/H1651754.htm,,
1651760,meitav,2025-03-18 09:44:01.26,presentation,2024FY,"מצגת משקיעים-רבעון 4, 2024",htm,42,,rhtm/1651001-1652000/H1651760.htm,,
1651760,meitav,2025-03-18 09:44:01.26,presentation,2024FY,"מצגת משקיעים-רבעון 4, 2024",pdf1,1946,25,rpdf/1651001-1652000/P1651760-00.pdf,data/sources/pdf/meitav/2024FY/1651760_presentation.pdf,ca6baa36234dd0328b67ac698f19f7f22957716ceeb7e2b3a232a0bb2297ac76
1656377,meitav,2025-04-03 08:20:06.21,presentation,2024FY,Investor presentation Q4 2024,htm,40,,rhtm/1656001-1657000/H1656377.htm,,
1656377,meitav,2025-04-03 08:20:06.21,presentation,2024FY,Investor presentation Q4 2024,pdf1,1463,25,rpdf/1656001-1657000/P1656377-00.pdf,data/sources/pdf/meitav/2024FY/1656377_presentation.pdf,ba79690cc1d3f9e5821a51a4307ac42a26cd84aed9d5b657d0aaea878f7fd5ee
1667177,meitav,2025-05-27 08:39:01.347,quarterly,2025Q1,דוח רבעון 1 לשנת 2025,pdf1,5508,59,rpdf/1667001-1668000/P1667177-00.pdf,data/sources/pdf/meitav/2025Q1/1667177_quarterly.pdf,ec5474f799a8e9e9f03d5dc93e6e22550cd643faeab3fd4ff7439be6cb382abd
1667177,meitav,2025-05-27 08:39:01.347,quarterly,2025Q1,דוח רבעון 1 לשנת 2025,htm,115,,rhtm/1667001-1668000/H1667177.htm,,
1667177,meitav,2025-05-27 08:39:01.347,quarterly,2025Q1,דוח רבעון 1 לשנת 2025,xbrl,18,,xbrl/1667001-1668000/X1667177.xbrl,,
1667180,meitav,2025-05-27 08:41:03.217,liabilities,2025Q1,"מצבת התחייבות החברה ליום 31.3.25, לפי מועדי פרעון",htm,222,,rhtm/1667001-1668000/H1667180.htm,,
1667190,meitav,2025-05-27 09:07:03.947,presentation,2025Q1,מצגת משקיעים - רבעון 1 2025,pdf1,1702,24,rpdf/1667001-1668000/P1667190-00.pdf,data/sources/pdf/meitav/2025Q1/1667190_presentation.pdf,e0ad3367cb4360e7e722531bb5bfb56d5b18e8be48fa96b8c9bbd4124b516cc8
1667190,meitav,2025-05-27 09:07:03.947,presentation,2025Q1,מצגת משקיעים - רבעון 1 2025,htm,42,,rhtm/1667001-1668000/H1667190.htm,,
1671994,meitav,2025-06-18 09:59:04.06,presentation,2025Q1,Investor presentation Q1 2025,pdf1,2086,24,rpdf/1671001-1672000/P1671994-00.pdf,data/sources/pdf/meitav/2025Q1/1671994_presentation.pdf,611c4785ef75545b9f2a84d35da7d9dcd9ca7be23fb98f7352e6e988480380fe
1671994,meitav,2025-06-18 09:59:04.06,presentation,2025Q1,Investor presentation Q1 2025,htm,39,,rhtm/1671001-1672000/H1671994.htm,,
1685944,meitav,2025-08-17 08:36:03.23,quarterly,2025Q2,דוח רבעון 2/חצי שנתי לשנת 2025,htm,115,,rhtm/1685001-1686000/H1685944.htm,,
1685944,meitav,2025-08-17 08:36:03.23,quarterly,2025Q2,דוח רבעון 2/חצי שנתי לשנת 2025,xbrl,18,,xbrl/1685001-1686000/X1685944.xbrl,,
1685944,meitav,2025-08-17 08:36:03.23,quarterly,2025Q2,דוח רבעון 2/חצי שנתי לשנת 2025,pdf1,3532,71,rpdf/1685001-1686000/P1685944-00.pdf,data/sources/pdf/meitav/2025Q2/1685944_quarterly.pdf,4faaaf4da68a6ce9148d425fb10d00997c978a7e04f5eee26a80b4e010f7bf6a
1685948,meitav,2025-08-17 08:38:59.907,liabilities,2025Q2,"מצבת התחייבות החברה ליום 30.6.25, לפי מועדי פרעון",htm,222,,rhtm/1685001-1686000/H1685948.htm,,
1685954,meitav,2025-08-17 09:03:03.587,presentation,2025Q2,"מצגת משקיעים-רבעון 2, 2025",htm,42,,rhtm/1685001-1686000/H1685954.htm,,
1685954,meitav,2025-08-17 09:03:03.587,presentation,2025Q2,"מצגת משקיעים-רבעון 2, 2025",pdf1,1370,25,rpdf/1685001-1686000/P1685954-00.pdf,data/sources/pdf/meitav/2025Q2/1685954_presentation.pdf,8aa0afcd0b678705d86622d3d9278482ba218967c20355f639d3a5dbd7c450c0
1686940,meitav,2025-08-20 18:04:03.433,presentation,2025Q2,Investor presentation Q2 2025,htm,39,,rhtm/1686001-1687000/H1686940.htm,,
1686940,meitav,2025-08-20 18:04:03.433,presentation,2025Q2,Investor presentation Q2 2025,pdf1,1731,25,rpdf/1686001-1687000/P1686940-00.pdf,data/sources/pdf/meitav/2025Q2/1686940_presentation.pdf,6ff976fbe3b6870e824bc4b072ae9cc3ba18ac0337ed787ad2b590197c69605d
1688563,meitav,2025-08-27 12:23:03.23,presentation,2025Q2,Investor presentation Q2 2025-typing error,htm,42,,rhtm/1688001-1689000/H1688563.htm,,
1688563,meitav,2025-08-27 12:23:03.23,presentation,2025Q2,Investor presentation Q2 2025-typing error,pdf1,1731,25,rpdf/1688001-1689000/P1688563-00.pdf,data/sources/pdf/meitav/2025Q2/1688563_presentation.pdf,783f25c8b1680b60e8e97f9a2b05b3397b118c01bfff72c8751dabcfc8ab96a1
1697358,meitav,2025-10-16 18:51:00.33,presentation,2025Q3,מצגת משקיעים - אוקטובר 2025,pdf1,1634,24,rpdf/1697001-1698000/P1697358-00.pdf,data/sources/pdf/meitav/2025Q3/1697358_presentation.pdf,98b59d3f992e58130ab7d21960c0aa9ea2adce2c83457280807ee1f16dfa3bb9
1697358,meitav,2025-10-16 18:51:00.33,presentation,2025Q3,מצגת משקיעים - אוקטובר 2025,htm,42,,rhtm/1697001-1698000/H1697358.htm,,
1697361,meitav,2025-10-16 19:22:05.8,presentation,2025Q3,Investors Presentation October 2025,htm,39,,rhtm/1697001-1698000/H1697361.htm,,
1697361,meitav,2025-10-16 19:22:05.8,presentation,2025Q3,Investors Presentation October 2025,pdf1,1076,24,rpdf/1697001-1698000/P1697361-00.pdf,data/sources/pdf/meitav/2025Q3/1697361_presentation.pdf,2079273fb697418da1510ba744f0eb7d7aa0953875c3a73c62d2c4b99701c889
1703441,meitav,2025-11-18 18:42:23.457,quarterly,2025Q3,דוח רבעון 3 לשנת 2025,xbrl,18,,xbrl/1703001-1704000/X1703441.xbrl,,
1703441,meitav,2025-11-18 18:42:23.457,quarterly,2025Q3,דוח רבעון 3 לשנת 2025,pdf1,3378,168,rpdf/1703001-1704000/P1703441-00.pdf,data/sources/pdf/meitav/2025Q3/1703441_quarterly.pdf,12ce7b9cc399eada93558e00854817b912caffe6180284c194158dc8e2fbdbc5
1703441,meitav,2025-11-18 18:42:23.457,quarterly,2025Q3,דוח רבעון 3 לשנת 2025,htm,115,,rhtm/1703001-1704000/H1703441.htm,,
1703443,meitav,2025-11-18 18:44:20.47,liabilities,2025Q3,"מצבת התחייבות החברה ליום 30.9.25, לפי מועדי פרעון",htm,222,,rhtm/1703001-1704000/H1703443.htm,,
1703446,meitav,2025-11-18 19:12:24.133,presentation,2025Q3,"מצגת משקיעים-רבעון 3, 2025",pdf1,1315,23,rpdf/1703001-1704000/P1703446-00.pdf,data/sources/pdf/meitav/2025Q3/1703446_presentation.pdf,df4da5c6a65ec420fde08d16303071348dc2736cb9b11835ef93fd7399893810
1703446,meitav,2025-11-18 19:12:24.133,presentation,2025Q3,"מצגת משקיעים-רבעון 3, 2025",htm,42,,rhtm/1703001-1704000/H1703446.htm,,
1703450,meitav,2025-11-18 19:19:23.57,presentation,2025Q3,Investors Presentation-November 2025,pdf1,876,23,rpdf/1703001-1704000/P1703450-00.pdf,data/sources/pdf/meitav/2025Q3/1703450_presentation.pdf,fd941ddddd99c4af216050e90902b259283541beb5397438dbb289a59212d28b
1703450,meitav,2025-11-18 19:19:23.57,presentation,2025Q3,Investors Presentation-November 2025,htm,39,,rhtm/1703001-1704000/H1703450.htm,,
1703464,meitav,2025-11-18 20:24:24.76,quarterly,2025Q3,דוח רבעון 3 לשנת 2025 - תיקון תונים בדוח דירקטוריון בטבלת תוצאות כספיות של מגזר אשראי חוץ בנקאי,xbrl,19,,xbrl/1703001-1704000/X1703464.xbrl,,
1703464,meitav,2025-11-18 20:24:24.76,quarterly,2025Q3,דוח רבעון 3 לשנת 2025 - תיקון תונים בדוח דירקטוריון בטבלת תוצאות כספיות של מגזר אשראי חוץ בנקאי,pdf1,3328,168,rpdf/1703001-1704000/P1703464-00.pdf,data/sources/pdf/meitav/2025Q3/1703464_quarterly.pdf,cae3943fd2da0b909022ebc7dbc323e69e49ff29bc20b314adfb725904c7b1f1
1703464,meitav,2025-11-18 20:24:24.76,quarterly,2025Q3,דוח רבעון 3 לשנת 2025 - תיקון תונים בדוח דירקטוריון בטבלת תוצאות כספיות של מגזר אשראי חוץ בנקאי,htm,118,,rhtm/1703001-1704000/H1703464.htm,,
1707132,meitav,2025-12-01 18:43:04.18,presentation,2025Q3,מצגת משקיעים דצמבר 2025,htm,42,,rhtm/1707001-1708000/H1707132.htm,,
1707132,meitav,2025-12-01 18:43:04.18,presentation,2025Q3,מצגת משקיעים דצמבר 2025,pdf1,1402,25,rpdf/1707001-1708000/P1707132-00.pdf,data/sources/pdf/meitav/2025Q3/1707132_presentation.pdf,ade3a640bf520619e57229912efa7c458a41d924c28822ce44417cfa0163a3fc
1707136,meitav,2025-12-01 18:51:03.777,presentation,2025Q3,Investors Presentation December 2025,htm,39,,rhtm/1707001-1708000/H1707136.htm,,
1707136,meitav,2025-12-01 18:51:03.777,presentation,2025Q3,Investors Presentation December 2025,pdf1,1008,25,rpdf/1707001-1708000/P1707136-00.pdf,data/sources/pdf/meitav/2025Q3/1707136_presentation.pdf,16a1efbf863d0c4ba5ba02a160132d34db32c66292d6b8adf561c5013912a1bf
1729368,meitav,2026-03-19 18:17:05.363,annual,2025FY,דוח תקופתי ושנתי לשנת 2025,pdf1,10446,385,rpdf/1729001-1730000/P1729368-00.pdf,data/sources/pdf/meitav/2025FY/1729368_annual.pdf,c2bba7b7d5a345d11e36409180ca3034359b1b454e37d5f089b4af0a2db17391
1729368,meitav,2026-03-19 18:17:05.363,annual,2025FY,דוח תקופתי ושנתי לשנת 2025,htm,117,,rhtm/1729001-1730000/H1729368.htm,,
1729368,meitav,2026-03-19 18:17:05.363,annual,2025FY,דוח תקופתי ושנתי לשנת 2025,xbrl,19,,xbrl/1729001-1730000/X1729368.xbrl,,
1729370,meitav,2026-03-19 18:19:02.707,liabilities,2025FY,"מצבת התחייבות החברה ליום 31.12.25, לפי מועדי פרעון",htm,222,,rhtm/1729001-1730000/H1729370.htm,,
1729375,meitav,2026-03-19 18:48:02.57,presentation,2025FY,מצגת משקיעים לשנת 2025,pdf1,2009,27,rpdf/1729001-1730000/P1729375-00.pdf,data/sources/pdf/meitav/2025FY/1729375_presentation.pdf,7ca138900a682750c12705c3cf7aa284f4aca8bd7487fb822a2478fd08b64d25
1729375,meitav,2026-03-19 18:48:02.57,presentation,2025FY,מצגת משקיעים לשנת 2025,htm,42,,rhtm/1729001-1730000/H1729375.htm,,
1729378,meitav,2026-03-19 18:53:05.47,presentation,2025FY,Investor Presentation,pdf1,1144,27,rpdf/1729001-1730000/P1729378-00.pdf,data/sources/pdf/meitav/2025FY/1729378_presentation.pdf,cb32f09dffc0995ab2155d7e461b0a9d10bd24fc21d605ae4e038426ac65bf5e
1729378,meitav,2026-03-19 18:53:05.47,presentation,2025FY,Investor Presentation,htm,39,,rhtm/1729001-1730000/H1729378.htm,,
1729404,meitav,2026-03-19 20:20:25.02,presentation,2025FY,Investor Presentation,pdf1,941,27,rpdf/1729001-1730000/P1729404-00.pdf,data/sources/pdf/meitav/2025FY/1729404_presentation.pdf,a9c6773c343b47734f2092f137fc86b52cd1df5803f3d65a2acf92172a9314d6
1729404,meitav,2026-03-19 20:20:25.02,presentation,2025FY,Investor Presentation,htm,42,,rhtm/1729001-1730000/H1729404.htm,,
1743468,meitav,2026-05-26 08:30:07.363,quarterly,2026Q1,דוח רבעון 1 לשנת 2026,xbrl,18,,xbrl/1743001-1744000/X1743468.xbrl,,
1743468,meitav,2026-05-26 08:30:07.363,quarterly,2026Q1,דוח רבעון 1 לשנת 2026,pdf1,1829,59,rpdf/1743001-1744000/P1743468-00.pdf,data/sources/pdf/meitav/2026Q1/1743468_quarterly.pdf,1af8c0d32873a187af54595b13e33101bea67b22bf1853b54417a14bf352aa41
1743468,meitav,2026-05-26 08:30:07.363,quarterly,2026Q1,דוח רבעון 1 לשנת 2026,htm,116,,rhtm/1743001-1744000/H1743468.htm,,
1743471,meitav,2026-05-26 08:31:03.29,liabilities,2026Q1,"מצבת התחייבות החברה ליום 31.3.26, לפי מועדי פרעון",htm,222,,rhtm/1743001-1744000/H1743471.htm,,
1743460,meitav,2026-05-26 08:40:04.85,presentation,2026Q1,מצגת משקיעים לרבעון 1 בשנת 2026,htm,42,,rhtm/1743001-1744000/H1743460.htm,,
1743460,meitav,2026-05-26 08:40:04.85,presentation,2026Q1,מצגת משקיעים לרבעון 1 בשנת 2026,pdf1,2874,24,rpdf/1743001-1744000/P1743460-00.pdf,data/sources/pdf/meitav/2026Q1/1743460_presentation.pdf,6c36d7c74eed1632a36a7d067e566d4a82781b301e64f796c67def104334338d
1763757,meitav,2026-08-17 09:30:12.283,quarterly,2026Q2,דוח רבעון 2/חצי שנתי לשנת 2026,xbrl,18,,xbrl/1763001-1764000/X1763757.xbrl,,
1763757,meitav,2026-08-17 09:30:12.283,quarterly,2026Q2,דוח רבעון 2/חצי שנתי לשנת 2026,pdf1,2001,67,rpdf/1763001-1764000/P1763757-00.pdf,data/sources/pdf/meitav/2026Q2/1763757_quarterly.pdf,3643d0351eac2989c5c5ea43d189d813c8f5191ca646ba71368bd6fe0173e79c
1763757,meitav,2026-08-17 09:30:12.283,quarterly,2026Q2,דוח רבעון 2/חצי שנתי לשנת 2026,htm,116,,rhtm/1763001-1764000/H1763757.htm,,
1763758,meitav,2026-08-17 09:31:03.963,liabilities,2026Q2,"מצבת התחייבות החברה ליום 30.6.26, לפי מועדי פרעון",htm,222,,rhtm/1763001-1764000/H1763758.htm,,
1763748,meitav,2026-08-17 09:37:02.99,presentation,2026Q2,מצגת משקיעים לרבעון 2 בשנת 2026,pdf1,1167,26,rpdf/1763001-1764000/P1763748-00.pdf,data/sources/pdf/meitav/2026Q2/1763748_presentation.pdf,593b012cc792061749b22cc4631f8c0d6df916fb62db531806251b60ddca1ec4
1763748,meitav,2026-08-17 09:37:02.99,presentation,2026Q2,מצגת משקיעים לרבעון 2 בשנת 2026,htm,42,,rhtm/1763001-1764000/H1763748.htm,,
1763751,meitav,2026-08-17 09:39:03.997,presentation,2026Q2,"Investor Presentation Q2, 2026",htm,40,,rhtm/1763001-1764000/H1763751.htm,,
1763751,meitav,2026-08-17 09:39:03.997,presentation,2026Q2,"Investor Presentation Q2, 2026",pdf1,837,26,rpdf/1763001-1764000/P1763751-00.pdf,data/sources/pdf/meitav/2026Q2/1763751_presentation.pdf,3b46ba6bc22959cf231994e82c4118f1579fc9da36031d49ec568ad02f0f917e
1219851,menora,2019-03-26 08:46:19.797,annual,2018FY,דוח תקופתי ושנתי לשנת 2018,xbrl,20,,xbrl/1219001-1220000/X1219851.xbrl,,
1219851,menora,2019-03-26 08:46:19.797,annual,2018FY,דוח תקופתי ושנתי לשנת 2018,pdf1,9081,499,rpdf/1219001-1220000/P1219851-00.pdf,data/sources/pdf/menora/2018FY/1219851_annual.pdf,36351663b87200260d003aae1915a153ab4aa72d5601d1e7c8f4b09b0e13b428
1219853,menora,2019-03-26 08:52:21.38,liabilities,2018FY,"מצבת התחייבות החברה ליום 31.12.18, לפי מועדי פרעון",htm,197,,rhtm/1219001-1220000/H1219853.htm,,
1219920,menora,2019-03-26 11:54:32.19,presentation,2018FY,מצגת למשקיעים -דוחות כספיים לתק' שהסתיימה ב-31.12.18,pdf1,2894,21,rpdf/1219001-1220000/P1219920-00.pdf,data/sources/pdf/menora/2018FY/1219920_presentation.pdf,9a1c4dc1d38da2229cf1188fa4046ead2a099e14d336237aa7876a1b7dfb778c
1219920,menora,2019-03-26 11:54:32.19,presentation,2018FY,מצגת למשקיעים -דוחות כספיים לתק' שהסתיימה ב-31.12.18,htm,40,,rhtm/1219001-1220000/H1219920.htm,,
1231386,menora,2019-05-27 13:18:23.32,quarterly,2019Q1,דוח רבעון 1 לשנת 2019,xbrl,18,,xbrl/1231001-1232000/X1231386.xbrl,,
1231386,menora,2019-05-27 13:18:23.32,quarterly,2019Q1,דוח רבעון 1 לשנת 2019,pdf1,1317,126,rpdf/1231001-1232000/P1231386-00.pdf,data/sources/pdf/menora/2019Q1/1231386_quarterly.pdf,9812bef549eabc23849648f15e030c73c855dbfddc1b21ac87c3091d682f78c8
1231409,menora,2019-05-27 14:07:23.743,liabilities,2019Q1,"מצבת התחייבות החברה ליום 31.3.19, לפי מועדי פרעון",htm,197,,rhtm/1231001-1232000/H1231409.htm,,
1231434,menora,2019-05-27 15:31:13.997,presentation,2019Q1,מצגת משקיעים- רבעון ראשון 2019,htm,40,,rhtm/1231001-1232000/H1231434.htm,,
1231434,menora,2019-05-27 15:31:13.997,presentation,2019Q1,מצגת משקיעים- רבעון ראשון 2019,pdf1,1932,17,rpdf/1231001-1232000/P1231434-00.pdf,data/sources/pdf/menora/2019Q1/1231434_presentation.pdf,b457251e0797ab795937ae59cdbc08fbb45cb352c02b6c3e6dc935c5c94bf446
1241166,menora,2019-07-11 15:35:28.637,solvency,2018FY,דוח יחס כושר פרעון כלכלי של חב הבנות מנורה מבטחים ושומרה חברה לביטוח ליום 31.12.18,pdf1,1664,35,rpdf/1241001-1242000/P1241166-00.pdf,data/sources/pdf/menora/2018FY/1241166_solvency.pdf,ea0a2eac99342169ecd3c4ef920bdbb57d3f1c6286512dc785a983d49e933659
1241166,menora,2019-07-11 15:35:28.637,solvency,2018FY,דוח יחס כושר פרעון כלכלי של חב הבנות מנורה מבטחים ושומרה חברה לביטוח ליום 31.12.18,htm,40,,rhtm/1241001-1242000/H1241166.htm,,
1241258,menora,2019-07-11 19:45:21.31,solvency,2018FY,דוח יחס כושר פרעון כלכלי של חב הבנות מנורה מבטחים ושומרה חברה לביטוח ליום 31.12.18-תיקון טעות סופר,pdf1,1674,35,rpdf/1241001-1242000/P1241258-00.pdf,data/sources/pdf/menora/2018FY/1241258_solvency.pdf,c6013d215babd495d7bace8b0d50e7a45c2f7d77a09a203e2fe6e9513b4ed6ea
1241258,menora,2019-07-11 19:45:21.31,solvency,2018FY,דוח יחס כושר פרעון כלכלי של חב הבנות מנורה מבטחים ושומרה חברה לביטוח ליום 31.12.18-תיקון טעות סופר,htm,43,,rhtm/1241001-1242000/H1241258.htm,,
1249921,menora,2019-08-26 13:13:31.383,quarterly,2019Q2,דוח רבעון 2 לשנת 2019,htm,101,,rhtm/1249001-1250000/H1249921.htm,,
1249921,menora,2019-08-26 13:13:31.383,quarterly,2019Q2,דוח רבעון 2 לשנת 2019,pdf1,2135,148,rpdf/1249001-1250000/P1249921-00.pdf,data/sources/pdf/menora/2019Q2/1249921_quarterly.pdf,10cb0e581d9a50b01a74b1db788f835232f32cd093961b7339a553a27350ef44
1249921,menora,2019-08-26 13:13:31.383,quarterly,2019Q2,דוח רבעון 2 לשנת 2019,xbrl,18,,xbrl/1249001-1250000/X1249921.xbrl,,
1249922,menora,2019-08-26 13:16:15.94,liabilities,2019Q2,"מצבת התחייבות החברה ליום 30.6.19, לפי מועדי פרעון",htm,197,,rhtm/1249001-1250000/H1249922.htm,,
1249962,menora,2019-08-26 15:18:16.657,presentation,2019Q2,"מצגת למשקיעים, דוחות 30.6.19",htm,40,,rhtm/1249001-1250000/H1249962.htm,,
1249962,menora,2019-08-26 15:18:16.657,presentation,2019Q2,"מצגת למשקיעים, דוחות 30.6.19",pdf1,1166,19,rpdf/1249001-1250000/P1249962-00.pdf,data/sources/pdf/menora/2019Q2/1249962_presentation.pdf,6cd8611acfe861f7ffd59eaa8a5de99b4c4f7fcbdd21d140d875a7c3a26ad1f9
1264780,menora,2019-11-26 08:41:18.17,quarterly,2019Q3,דוח רבעון 3 לשנת 2019,pdf1,2149,151,rpdf/1264001-1265000/P1264780-00.pdf,data/sources/pdf/menora/2019Q3/1264780_quarterly.pdf,8b611753408243524e05a9a771b0ebc3cddf9ca03eb45d7529c79a1a19f83ed0
1264780,menora,2019-11-26 08:41:18.17,quarterly,2019Q3,דוח רבעון 3 לשנת 2019,xbrl,18,,xbrl/1264001-1265000/X1264780.xbrl,,
1264780,menora,2019-11-26 08:41:18.17,quarterly,2019Q3,דוח רבעון 3 לשנת 2019,htm,101,,rhtm/1264001-1265000/H1264780.htm,,
1264783,menora,2019-11-26 08:47:29.353,liabilities,2019Q3,"מצבת התחייבות החברה ליום 30.9.19, לפי מועדי פרעון",htm,197,,rhtm/1264001-1265000/H1264783.htm,,
1264845,menora,2019-11-26 10:55:27.58,presentation,2019Q3,מצגת משקיעים -דוחות כספיים ליום 30.9.19,pdf1,1011,23,rpdf/1264001-1265000/P1264845-00.pdf,data/sources/pdf/menora/2019Q3/1264845_presentation.pdf,ef8c3497f5cd03d4a1ec14b5f673be9900b7834988d8ad4983d300936861adbe
1264845,menora,2019-11-26 10:55:27.58,presentation,2019Q3,מצגת משקיעים -דוחות כספיים ליום 30.9.19,htm,41,,rhtm/1264001-1265000/H1264845.htm,,
1270564,menora,2019-12-26 16:13:25.663,solvency,2019Q3,"דוח יחס כושר פרעון כלכלי של החברה הבת מנורה מבטחים ביטוח בע""מ  לתאריך 30 ביוני 2019",pdf1,187,4,rpdf/1270001-1271000/P1270564-00.pdf,data/sources/pdf/menora/2019Q3/1270564_solvency.pdf,4cc37be8f8bbf83a8eb224f678c46145e8ed610ce55209eb960673299f0d3bc3
1270564,menora,2019-12-26 16:13:25.663,solvency,2019Q3,"דוח יחס כושר פרעון כלכלי של החברה הבת מנורה מבטחים ביטוח בע""מ  לתאריך 30 ביוני 2019",htm,41,,rhtm/1270001-1271000/H1270564.htm,,
1287339,menora,2020-03-30 14:52:21.167,annual,2019FY,דוח תקופתי ושנתי לשנת 2019,pdf1,7209,515,rpdf/1287001-1288000/P1287339-00.pdf,data/sources/pdf/menora/2019FY/1287339_annual.pdf,31dcb5155cf91f1b7b69cc37252762059161ad4663f948f7fb2fb9212f277a3e
1287339,menora,2020-03-30 14:52:21.167,annual,2019FY,דוח תקופתי ושנתי לשנת 2019,xbrl,20,,xbrl/1287001-1288000/X1287339.xbrl,,
1287339,menora,2020-03-30 14:52:21.167,annual,2019FY,דוח תקופתי ושנתי לשנת 2019,htm,107,,rhtm/1287001-1288000/H1287339.htm,,
1287350,menora,2020-03-30 15:03:26.407,liabilities,2019FY,"מצבת התחייבות החברה ליום 31.12.19, לפי מועדי פרעון",htm,199,,rhtm/1287001-1288000/H1287350.htm,,
1287412,menora,2020-03-30 16:38:17.587,presentation,2019FY,מצגת למשקיעים-דוחות כספיים לתקופה שהסתיימה ב-31.12.19,htm,43,,rhtm/1287001-1288000/H1287412.htm,,
1287412,menora,2020-03-30 16:38:17.587,presentation,2019FY,מצגת למשקיעים-דוחות כספיים לתקופה שהסתיימה ב-31.12.19,pdf1,5684,23,rpdf/1287001-1288000/P1287412-00.pdf,data/sources/pdf/menora/2019FY/1287412_presentation.pdf,19cddfc141b920c2f2e9bf8d3398a6d53e02f6c85d5bafd70f23ffc6abf272a9
1301258,menora,2020-06-11 18:11:15.08,quarterly,2020Q1,דוח רבעון 1 לשנת 2020,pdf1,1814,137,rpdf/1301001-1302000/P1301258-00.pdf,data/sources/pdf/menora/2020Q1/1301258_quarterly.pdf,802a6d87252457df3d13749354753035ea8c64ce9980ddde5a573e6a65330de7
1301258,menora,2020-06-11 18:11:15.08,quarterly,2020Q1,דוח רבעון 1 לשנת 2020,xbrl,18,,xbrl/1301001-1302000/X1301258.xbrl,,
1301258,menora,2020-06-11 18:11:15.08,quarterly,2020Q1,דוח רבעון 1 לשנת 2020,htm,104,,rhtm/1301001-1302000/H1301258.htm,,
1301260,menora,2020-06-11 18:14:20.24,liabilities,2020Q1,"מצבת התחייבות החברה ליום 31.3.20, לפי מועדי פרעון",htm,201,,rhtm/1301001-1302000/H1301260.htm,,
1301265,menora,2020-06-11 18:36:27.24,presentation,2020Q1,מצגת למשקיעים דוחות כספיים לתקופה 31.3.20,pdf1,1336,21,rpdf/1301001-1302000/P1301265-00.pdf,data/sources/pdf/menora/2020Q1/1301265_presentation.pdf,27d465c0c6d2484cf72c772b3644a373d9cd15430a0a9517300b5d1bae3ac099
1301265,menora,2020-06-11 18:36:27.24,presentation,2020Q1,מצגת למשקיעים דוחות כספיים לתקופה 31.3.20,htm,43,,rhtm/1301001-1302000/H1301265.htm,,
1316743,menora,2020-08-24 13:06:23.533,quarterly,2020Q2,דוח רבעון 2 לשנת 2020,htm,98,,rhtm/1316001-1317000/H1316743.htm,,
1316743,menora,2020-08-24 13:06:23.533,quarterly,2020Q2,דוח רבעון 2 לשנת 2020,xbrl,18,,xbrl/1316001-1317000/X1316743.xbrl,,
1316743,menora,2020-08-24 13:06:23.533,quarterly,2020Q2,דוח רבעון 2 לשנת 2020,pdf1,6284,196,rpdf/1316001-1317000/P1316743-00.pdf,data/sources/pdf/menora/2020Q2/1316743_quarterly.pdf,05df2f1c76937b198d02990d32786977ca8e2bafa3d306790512f86326f255fb
1316745,menora,2020-08-24 13:09:25.87,liabilities,2020Q2,"מצבת התחייבות החברה ליום 30.6.20, לפי מועדי פרעון",htm,198,,rhtm/1316001-1317000/H1316745.htm,,
1316770,menora,2020-08-24 14:17:22.03,presentation,2020Q2,מצגת  למשקיעים 30.6.2020,htm,41,,rhtm/1316001-1317000/H1316770.htm,,
1316770,menora,2020-08-24 14:17:22.03,presentation,2020Q2,מצגת  למשקיעים 30.6.2020,pdf1,7649,36,rpdf/1316001-1317000/P1316770-00.pdf,data/sources/pdf/menora/2020Q2/1316770_presentation.pdf,30897f03e04a93ea9c7ec00347df4ec8af7f4947507f186891abdf23c9bd7614
1335991,menora,2020-11-30 13:20:27.647,quarterly,2020Q3,דוח רבעון 3 לשנת 2020,xbrl,18,,xbrl/1335001-1336000/X1335991.xbrl,,
1335991,menora,2020-11-30 13:20:27.647,quarterly,2020Q3,דוח רבעון 3 לשנת 2020,pdf1,2317,164,rpdf/1335001-1336000/P1335991-00.pdf,data/sources/pdf/menora/2020Q3/1335991_quarterly.pdf,4b77f42721faeb5b1574540926330ec2d83912759bd7673f6965c041e6a86cef
1335991,menora,2020-11-30 13:20:27.647,quarterly,2020Q3,דוח רבעון 3 לשנת 2020,htm,98,,rhtm/1335001-1336000/H1335991.htm,,
1335997,menora,2020-11-30 13:24:24.483,liabilities,2020Q3,"מצבת התחייבות החברה ליום 30.9.20, לפי מועדי פרעון",htm,198,,rhtm/1335001-1336000/H1335997.htm,,
1336052,menora,2020-11-30 14:49:27.51,presentation,2020Q3,מצגת למשקיעים 30.9.20,pdf1,4629,38,rpdf/1336001-1337000/P1336052-00.pdf,data/sources/pdf/menora/2020Q3/1336052_presentation.pdf,92ef8d4cb6084b02cda2b8244d7f36c3043177a89dc3c29f0f00912d9c41befd
1336052,menora,2020-11-30 14:49:27.51,presentation,2020Q3,מצגת למשקיעים 30.9.20,htm,41,,rhtm/1336001-1337000/H1336052.htm,,
1360538,menora,2021-03-25 14:17:21.56,annual,2020FY,דוח תקופתי ושנתי לשנת 2020,xbrl,20,,xbrl/1360001-1361000/X1360538.xbrl,,
1360538,menora,2021-03-25 14:17:21.56,annual,2020FY,דוח תקופתי ושנתי לשנת 2020,pdf1,9271,542,rpdf/1360001-1361000/P1360538-00.pdf,data/sources/pdf/menora/2020FY/1360538_annual.pdf,c1e8fd3737362517052b1f3bcda327dba471ec55122e4f4d40489f958426c86d
1360538,menora,2021-03-25 14:17:21.56,annual,2020FY,דוח תקופתי ושנתי לשנת 2020,htm,101,,rhtm/1360001-1361000/H1360538.htm,,
1360539,menora,2021-03-25 14:18:16.41,liabilities,2020FY,"מצבת התחייבות החברה ליום 31.12.20, לפי מועדי פרעון",htm,198,,rhtm/1360001-1361000/H1360539.htm,,
1360698,menora,2021-03-25 17:15:16.74,presentation,2020FY,מצגת  למשקיעים- דוחות כספיים לתק' שהסתיימה ב-31.12.20,pdf1,13513,36,rpdf/1360001-1361000/P1360698-00.pdf,data/sources/pdf/menora/2020FY/1360698_presentation.pdf,1f2f5c66dd83df6e529cbb4830bcb2b6fb3a7532a98e3e49c295939a173907d9
1360698,menora,2021-03-25 17:15:16.74,presentation,2020FY,מצגת  למשקיעים- דוחות כספיים לתק' שהסתיימה ב-31.12.20,htm,41,,rhtm/1360001-1361000/H1360698.htm,,
1372995,menora,2021-05-30 08:01:24.19,quarterly,2021Q1,דוח רבעון 1 לשנת 2021,htm,99,,rhtm/1372001-1373000/H1372995.htm,,
1372995,menora,2021-05-30 08:01:24.19,quarterly,2021Q1,דוח רבעון 1 לשנת 2021,pdf1,4121,174,rpdf/1372001-1373000/P1372995-00.pdf,data/sources/pdf/menora/2021Q1/1372995_quarterly.pdf,39b36bb74c05268039ff355e5c623f434cc1afbc3fce3d6a91c3e7db2b97bd25
1372995,menora,2021-05-30 08:01:24.19,quarterly,2021Q1,דוח רבעון 1 לשנת 2021,xbrl,18,,xbrl/1372001-1373000/X1372995.xbrl,,
1372999,menora,2021-05-30 08:04:31.39,liabilities,2021Q1,"מצבת התחייבות החברה ליום 31.3.21, לפי מועדי פרעון",htm,197,,rhtm/1372001-1373000/H1372999.htm,,
1373017,menora,2021-05-30 08:45:16.077,presentation,2021Q1,מצגת למשקיעים-דוחות כספיים לתק' שהסתיימה ב-31.3.2021,pdf1,3286,33,rpdf/1373001-1374000/P1373017-00.pdf,data/sources/pdf/menora/2021Q1/1373017_presentation.pdf,ae758b6d98d64380887bc8f500c664dba0aae01bc1fdb905289850ae54e062a4
1373017,menora,2021-05-30 08:45:16.077,presentation,2021Q1,מצגת למשקיעים-דוחות כספיים לתק' שהסתיימה ב-31.3.2021,htm,41,,rhtm/1373001-1374000/H1373017.htm,,
1398194,menora,2021-08-30 13:30:27.383,quarterly,2021Q2,דוח רבעון 2/חצי שנתי לשנת 2021,xbrl,18,,xbrl/1398001-1399000/X1398194.xbrl,,
1398194,menora,2021-08-30 13:30:27.383,quarterly,2021Q2,דוח רבעון 2/חצי שנתי לשנת 2021,pdf1,3924,169,rpdf/1398001-1399000/P1398194-00.pdf,data/sources/pdf/menora/2021Q2/1398194_quarterly.pdf,aca783883c40c962bc955022fcdb8a2d4967bb3ee8df9cd0bb280078ba854170
1398194,menora,2021-08-30 13:30:27.383,quarterly,2021Q2,דוח רבעון 2/חצי שנתי לשנת 2021,htm,99,,rhtm/1398001-1399000/H1398194.htm,,
1398196,menora,2021-08-30 13:31:22.47,liabilities,2021Q2,"מצבת התחייבות החברה ליום 30.6.21, לפי מועדי פרעון",htm,197,,rhtm/1398001-1399000/H1398196.htm,,
1398419,menora,2021-08-30 18:43:14.32,presentation,2021Q2,"מצגת ,דוחות ליום 30.6.21",pdf1,3290,28,rpdf/1398001-1399000/P1398419-00.pdf,data/sources/pdf/menora/2021Q2/1398419_presentation.pdf,1cc464944f43da2ca484ca7357d5c84690ace63f46987882520e28a409434fd2
1398419,menora,2021-08-30 18:43:14.32,presentation,2021Q2,"מצגת ,דוחות ליום 30.6.21",htm,41,,rhtm/1398001-1399000/H1398419.htm,,
1398743,menora,2021-08-31 13:14:27.01,presentation,2021Q2,"ממהח-פורסם תשקיף חלוקת דיב' בעין של מניות טראלייט,תיצור קיטון של 250מ'שח בה.עצמי של מנורה, מצגת, מועדים,ופרטים נוספים",htm,45,,rhtm/1398001-1399000/H1398743.htm,,
1398743,menora,2021-08-31 13:14:27.01,presentation,2021Q2,"ממהח-פורסם תשקיף חלוקת דיב' בעין של מניות טראלייט,תיצור קיטון של 250מ'שח בה.עצמי של מנורה, מצגת, מועדים,ופרטים נוספים",pdf1,437,9,rpdf/1398001-1399000/P1398743-00.pdf,data/sources/pdf/menora/2021Q2/1398743_presentation.pdf,eb6ec7d3e3c1e3c9d2d6cddeb6e800df5e2e898408b098d1b3c003b43119177c
1414664,menora,2021-11-29 14:46:30.95,quarterly,2021Q3,דוח רבעון 3 לשנת 2021,pdf1,4892,172,rpdf/1414001-1415000/P1414664-00.pdf,data/sources/pdf/menora/2021Q3/1414664_quarterly.pdf,b8f1abbd3fb66dd978d60dbb859e5dc71b1a588bc9572a470ece5c5d3df0d2ca
1414664,menora,2021-11-29 14:46:30.95,quarterly,2021Q3,דוח רבעון 3 לשנת 2021,xbrl,18,,xbrl/1414001-1415000/X1414664.xbrl,,
1414664,menora,2021-11-29 14:46:30.95,quarterly,2021Q3,דוח רבעון 3 לשנת 2021,htm,99,,rhtm/1414001-1415000/H1414664.htm,,
1414665,menora,2021-11-29 14:49:14.437,liabilities,2021Q3,"מצבת התחייבות החברה ליום 30.9.21, לפי מועדי פרעון",htm,197,,rhtm/1414001-1415000/H1414665.htm,,
1414773,menora,2021-11-29 17:13:17.127,presentation,2021Q3,מצגת משקיעים 30.9.21,pdf1,3116,26,rpdf/1414001-1415000/P1414773-00.pdf,data/sources/pdf/menora/2021Q3/1414773_presentation.pdf,5f20fd775e9fd2b179325e35b3e8ebb0777f1512f5bb1d230e515f55260cefd9
1414773,menora,2021-11-29 17:13:17.127,presentation,2021Q3,מצגת משקיעים 30.9.21,htm,41,,rhtm/1414001-1415000/H1414773.htm,,
1439702,menora,2022-03-28 14:09:30.27,annual,2021FY,דוח תקופתי ושנתי לשנת 2021,htm,101,,rhtm/1439001-1440000/H1439702.htm,,
1439702,menora,2022-03-28 14:09:30.27,annual,2021FY,דוח תקופתי ושנתי לשנת 2021,pdf1,19696,539,rpdf/1439001-1440000/P1439702-00.pdf,data/sources/pdf/menora/2021FY/1439702_annual.pdf,73f66363fcb71aa64232c0c9c26e28d8a09af34d2f5348cb895e7e9a4c03134d
1439702,menora,2022-03-28 14:09:30.27,annual,2021FY,דוח תקופתי ושנתי לשנת 2021,xbrl,20,,xbrl/1439001-1440000/X1439702.xbrl,,
1439704,menora,2022-03-28 14:13:25.77,liabilities,2021FY,"מצבת התחייבות החברה ליום 31.12.21, לפי מועדי פרעון",htm,197,,rhtm/1439001-1440000/H1439704.htm,,
1439727,menora,2022-03-28 15:11:24.79,presentation,2021FY,מצגת דוחות כספיים לתקופה שהסתיימה ביום 31.12.21,htm,41,,rhtm/1439001-1440000/H1439727.htm,,
1439727,menora,2022-03-28 15:11:24.79,presentation,2021FY,מצגת דוחות כספיים לתקופה שהסתיימה ביום 31.12.21,pdf1,4413,32,rpdf/1439001-1440000/P1439727-00.pdf,data/sources/pdf/menora/2021FY/1439727_presentation.pdf,c4372799faf2032d88d9a3c1119dd5677e12cc765918a26689d1caa7a6902f88
1453415,menora,2022-05-30 16:45:20.28,quarterly,2022Q1,דוח רבעון 1 לשנת 2022,htm,99,,rhtm/1453001-1454000/H1453415.htm,,
1453415,menora,2022-05-30 16:45:20.28,quarterly,2022Q1,דוח רבעון 1 לשנת 2022,pdf1,5193,188,rpdf/1453001-1454000/P1453415-00.pdf,data/sources/pdf/menora/2022Q1/1453415_quarterly.pdf,b94d7bce55da3b59b890c5b12290c141e1822a5e8dd8dab95b5cd1f198505d32
1453415,menora,2022-05-30 16:45:20.28,quarterly,2022Q1,דוח רבעון 1 לשנת 2022,xbrl,18,,xbrl/1453001-1454000/X1453415.xbrl,,
1453418,menora,2022-05-30 16:49:15.42,liabilities,2022Q1,"מצבת התחייבות החברה ליום 31.3.22, לפי מועדי פרעון",htm,197,,rhtm/1453001-1454000/H1453418.htm,,
1453436,menora,2022-05-30 17:42:23.803,presentation,2022Q1,מצגת- דוח רבעון 1 לשנת 2022,htm,41,,rhtm/1453001-1454000/H1453436.htm,,
1453436,menora,2022-05-30 17:42:23.803,presentation,2022Q1,מצגת- דוח רבעון 1 לשנת 2022,pdf1,6545,32,rpdf/1453001-1454000/P1453436-00.pdf,data/sources/pdf/menora/2022Q1/1453436_presentation.pdf,f858ef72d6aef02c2cc87cc4d724226e1cd5187a79bc70ce8aacba4c6aad6e8e
1473659,menora,2022-08-29 15:14:14.98,quarterly,2022Q2,דוח רבעון 2/חצי שנתי לשנת 2022,pdf1,3010,168,rpdf/1473001-1474000/P1473659-00.pdf,data/sources/pdf/menora/2022Q2/1473659_quarterly.pdf,47f8cda58978644cf9f2507312c5d99079ec150e75c32fcf225096adc2d29b4f
1473659,menora,2022-08-29 15:14:14.98,quarterly,2022Q2,דוח רבעון 2/חצי שנתי לשנת 2022,htm,99,,rhtm/1473001-1474000/H1473659.htm,,
1473659,menora,2022-08-29 15:14:14.98,quarterly,2022Q2,דוח רבעון 2/חצי שנתי לשנת 2022,xbrl,18,,xbrl/1473001-1474000/X1473659.xbrl,,
1473673,menora,2022-08-29 15:22:25.69,liabilities,2022Q2,"מצבת התחייבות החברה ליום 30.6.22, לפי מועדי פרעון",htm,197,,rhtm/1473001-1474000/H1473673.htm,,
1473707,menora,2022-08-29 16:35:27.897,presentation,2022Q2,מצגת משקיעים רבעון שני 2022,htm,41,,rhtm/1473001-1474000/H1473707.htm,,
1473707,menora,2022-08-29 16:35:27.897,presentation,2022Q2,מצגת משקיעים רבעון שני 2022,pdf1,5576,32,rpdf/1473001-1474000/P1473707-00.pdf,data/sources/pdf/menora/2022Q2/1473707_presentation.pdf,2a59693967eb5220de38cb2b118072134c199f049ce3a2f0b9b0e17c41270deb
1488899,menora,2022-11-28 13:53:28.7,quarterly,2022Q3,דוח רבעון 3 לשנת 2022,pdf1,4141,213,rpdf/1488001-1489000/P1488899-00.pdf,data/sources/pdf/menora/2022Q3/1488899_quarterly.pdf,0384118e5bd2fa4cb737c8588148b4478764c333ad80c449684cce9e6b7e969c
1488899,menora,2022-11-28 13:53:28.7,quarterly,2022Q3,דוח רבעון 3 לשנת 2022,xbrl,18,,xbrl/1488001-1489000/X1488899.xbrl,,
1488899,menora,2022-11-28 13:53:28.7,quarterly,2022Q3,דוח רבעון 3 לשנת 2022,htm,99,,rhtm/1488001-1489000/H1488899.htm,,
1488916,menora,2022-11-28 14:12:16.54,liabilities,2022Q3,"מצבת התחייבות החברה ליום 30.9.22, לפי מועדי פרעון",htm,197,,rhtm/1488001-1489000/H1488916.htm,,
1488906,menora,2022-11-28 14:18:19.66,presentation,2022Q3,מצגת דוחות כספיים ליום 30.9.22,pdf1,6819,33,rpdf/1488001-1489000/P1488906-00.pdf,data/sources/pdf/menora/2022Q3/1488906_presentation.pdf,66cf4377b9379e1c533445cf2d27b3c13b85d4c5e4b3ff3e2460315d408ffb19
1488906,menora,2022-11-28 14:18:19.66,presentation,2022Q3,מצגת דוחות כספיים ליום 30.9.22,htm,41,,rhtm/1488001-1489000/H1488906.htm,,
1511251,menora,2023-03-17 00:04:30.233,presentation,2022FY,תגובה למצגת עדכון הצעת הרכש שפרסמה מנורה לרכישת מניות ישראכרט,pdf1,202,1,rpdf/1511001-1512000/P1511251-00.pdf,data/sources/pdf/menora/2022FY/1511251_presentation.pdf,d6e320647553b28dea66cab87cfca8432b0b495e34627e1b4d14d1a24d99864b
1511251,menora,2023-03-17 00:04:30.233,presentation,2022FY,תגובה למצגת עדכון הצעת הרכש שפרסמה מנורה לרכישת מניות ישראכרט,htm,43,,rhtm/1511001-1512000/H1511251.htm,,
1514397,menora,2023-03-29 14:05:28.067,annual,2022FY,דוח תקופתי ושנתי לשנת 2022,xbrl,20,,xbrl/1514001-1515000/X1514397.xbrl,,
1514397,menora,2023-03-29 14:05:28.067,annual,2022FY,דוח תקופתי ושנתי לשנת 2022,pdf1,9989,543,rpdf/1514001-1515000/P1514397-00.pdf,data/sources/pdf/menora/2022FY/1514397_annual.pdf,ff41eb3fb657eefed483da5fdf5c601e9f1d76962dd436a5ae7c55ab28d95fac
1514397,menora,2023-03-29 14:05:28.067,annual,2022FY,דוח תקופתי ושנתי לשנת 2022,htm,106,,rhtm/1514001-1515000/H1514397.htm,,
1514404,menora,2023-03-29 14:13:22.17,liabilities,2022FY,"מצבת התחייבות החברה ליום 31.12.22, לפי מועדי פרעון",htm,223,,rhtm/1514001-1515000/H1514404.htm,,
1514401,menora,2023-03-29 14:27:23.647,presentation,2022FY,מצגת משקיעים,pdf1,3606,32,rpdf/1514001-1515000/P1514401-00.pdf,data/sources/pdf/menora/2022FY/1514401_presentation.pdf,c4aa9bfe9a5672e1911d370d0583811c46d546136f7d060c692bbbec2c2e8db6
1514401,menora,2023-03-29 14:27:23.647,presentation,2022FY,מצגת משקיעים,htm,41,,rhtm/1514001-1515000/H1514401.htm,,
1515030,menora,2023-03-30 14:56:25.977,annual,2022FY,דוח תקופתי ושנתי לשנת 2022 - תיקון טעות סופר,xbrl,20,,xbrl/1515001-1516000/X1515030.xbrl,,
1515030,menora,2023-03-30 14:56:25.977,annual,2022FY,דוח תקופתי ושנתי לשנת 2022 - תיקון טעות סופר,pdf1,10099,543,rpdf/1515001-1516000/P1515030-00.pdf,data/sources/pdf/menora/2022FY/1515030_annual.pdf,e5b69c2daa58ba3994e3e9fe5a88e3a0bf3ff535a7af92331a99b22c97698aec
1515030,menora,2023-03-30 14:56:25.977,annual,2022FY,דוח תקופתי ושנתי לשנת 2022 - תיקון טעות סופר,htm,109,,rhtm/1515001-1516000/H1515030.htm,,
1525147,menora,2023-05-30 14:49:25.04,quarterly,2023Q1,דוח רבעון 1 לשנת 2023,xbrl,18,,xbrl/1525001-1526000/X1525147.xbrl,,
1525147,menora,2023-05-30 14:49:25.04,quarterly,2023Q1,דוח רבעון 1 לשנת 2023,pdf1,3173,190,rpdf/1525001-1526000/P1525147-00.pdf,data/sources/pdf/menora/2023Q1/1525147_quarterly.pdf,e22581992964ea9f4a8e4acc8396feea1e0ada6fc2b746ecdf71bb59d4a71a50
1525147,menora,2023-05-30 14:49:25.04,quarterly,2023Q1,דוח רבעון 1 לשנת 2023,htm,105,,rhtm/1525001-1526000/H1525147.htm,,
1525158,menora,2023-05-30 15:18:23.803,presentation,2023Q1,מצגת משקיעים - דוחות כספיים רבעון 1 לשנת 2023,pdf1,3876,37,rpdf/1525001-1526000/P1525158-00.pdf,data/sources/pdf/menora/2023Q1/1525158_presentation.pdf,5b2a1fc0bc74ed6ebbdb919c1f5bb06965efc0bfc35420b3fec19beac0d66e90
1525158,menora,2023-05-30 15:18:23.803,presentation,2023Q1,מצגת משקיעים - דוחות כספיים רבעון 1 לשנת 2023,htm,41,,rhtm/1525001-1526000/H1525158.htm,,
1525175,menora,2023-05-30 15:27:15.863,liabilities,2023Q1,"מצבת התחייבות החברה ליום 31.3.23, לפי מועדי פרעון",htm,223,,rhtm/1525001-1526000/H1525175.htm,,
1544152,menora,2023-08-29 14:13:25.02,quarterly,2023Q2,דוח רבעון 2/חצי שנתי לשנת 2023,htm,105,,rhtm/1544001-1545000/H1544152.htm,,
1544152,menora,2023-08-29 14:13:25.02,quarterly,2023Q2,דוח רבעון 2/חצי שנתי לשנת 2023,pdf1,3121,168,rpdf/1544001-1545000/P1544152-00.pdf,data/sources/pdf/menora/2023Q2/1544152_quarterly.pdf,f52df6f335c322c39d2354a125b896297b5e39411bd7c25c23d61e79198aa524
1544152,menora,2023-08-29 14:13:25.02,quarterly,2023Q2,דוח רבעון 2/חצי שנתי לשנת 2023,xbrl,18,,xbrl/1544001-1545000/X1544152.xbrl,,
1544156,menora,2023-08-29 14:21:16.413,liabilities,2023Q2,"מצבת התחייבות החברה ליום 30.6.23, לפי מועדי פרעון",htm,223,,rhtm/1544001-1545000/H1544156.htm,,
1544159,menora,2023-08-29 14:47:14.78,presentation,2023Q2,מצגת משקיעים לתקופה שהסתיימה ביום 30.6.23,pdf1,1418,25,rpdf/1544001-1545000/P1544159-00.pdf,data/sources/pdf/menora/2023Q2/1544159_presentation.pdf,df7bb9e001617c5516d1a972fa7a26195066d388ea42819703522df3d045da69
1544159,menora,2023-08-29 14:47:14.78,presentation,2023Q2,מצגת משקיעים לתקופה שהסתיימה ביום 30.6.23,htm,41,,rhtm/1544001-1545000/H1544159.htm,,
1560856,menora,2023-11-30 07:44:17.18,quarterly,2023Q3,דוח רבעון 3 לשנת 2023,xbrl,18,,xbrl/1560001-1561000/X1560856.xbrl,,
1560856,menora,2023-11-30 07:44:17.18,quarterly,2023Q3,דוח רבעון 3 לשנת 2023,pdf1,3472,220,rpdf/1560001-1561000/P1560856-00.pdf,data/sources/pdf/menora/2023Q3/1560856_quarterly.pdf,cadc2587104b667a71839b2fef01acc4e24f692ebe8b20d76de4da247967a4cb
1560856,menora,2023-11-30 07:44:17.18,quarterly,2023Q3,דוח רבעון 3 לשנת 2023,htm,105,,rhtm/1560001-1561000/H1560856.htm,,
1560860,menora,2023-11-30 08:11:15.17,presentation,2023Q3,מצגת משקיעים לתקופה שהסתיימה ביום 30.9.23,pdf1,1566,29,rpdf/1560001-1561000/P1560860-00.pdf,data/sources/pdf/menora/2023Q3/1560860_presentation.pdf,9cc10b641d6f4024caffcd140f0653893170da210a9b89e450a4dd73ea553776
1560860,menora,2023-11-30 08:11:15.17,presentation,2023Q3,מצגת משקיעים לתקופה שהסתיימה ביום 30.9.23,htm,42,,rhtm/1560001-1561000/H1560860.htm,,
1560880,menora,2023-11-30 08:14:14.813,liabilities,2023Q3,"מצבת התחייבות החברה ליום 30.9.23, לפי מועדי פרעון",htm,223,,rhtm/1560001-1561000/H1560880.htm,,
1560913,menora,2023-11-30 09:06:12.5,presentation,2023Q3,Financial Statements Q3.2023 Investor Presentation,htm,40,,rhtm/1560001-1561000/H1560913.htm,,
1560913,menora,2023-11-30 09:06:12.5,presentation,2023Q3,Financial Statements Q3.2023 Investor Presentation,pdf1,1731,29,rpdf/1560001-1561000/P1560913-00.pdf,data/sources/pdf/menora/2023Q3/1560913_presentation.pdf,ba5b44f6a3a93b9782f017e28085da5929103027943e08804bf62ca6a6d63aaf
1564356,menora,2023-12-19 16:09:12.573,quarterly,2023Q3,The Menora Mivtachim Ltd. 2023 Q3 Financial Report - translated version,pdf1,3896,270,rpdf/1564001-1565000/P1564356-00.pdf,data/sources/pdf/menora/2023Q3/1564356_quarterly.pdf,a8846fb21004e5c85423a297b142321e838b16e9e86252deb915c971f60268dc
1564356,menora,2023-12-19 16:09:12.573,quarterly,2023Q3,The Menora Mivtachim Ltd. 2023 Q3 Financial Report - translated version,htm,40,,rhtm/1564001-1565000/H1564356.htm,,
1583623,menora,2024-03-31 08:23:13.433,annual,2023FY,דוח תקופתי ושנתי לשנת 2023,htm,107,,rhtm/1583001-1584000/H1583623.htm,,
1583623,menora,2024-03-31 08:23:13.433,annual,2023FY,דוח תקופתי ושנתי לשנת 2023,pdf1,32624,551,rpdf/1583001-1584000/P1583623-00.pdf,data/sources/pdf/menora/2023FY/1583623_annual.pdf,bf9562b1bad0e1f1a45ea36caaf109d0ab91b2a47cb7d4498b4783a566ca17f9
1583623,menora,2024-03-31 08:23:13.433,annual,2023FY,דוח תקופתי ושנתי לשנת 2023,xbrl,20,,xbrl/1583001-1584000/X1583623.xbrl,,
1583642,menora,2024-03-31 08:37:16.153,liabilities,2023FY,"מצבת התחייבות החברה ליום 31.12.23, לפי מועדי פרעון",htm,223,,rhtm/1583001-1584000/H1583642.htm,,
1583625,menora,2024-03-31 08:43:15.683,presentation,2023FY,מצגת משקיעים-31 לדצמבר 2023,htm,42,,rhtm/1583001-1584000/H1583625.htm,,
1583625,menora,2024-03-31 08:43:15.683,presentation,2023FY,מצגת משקיעים-31 לדצמבר 2023,pdf1,2961,32,rpdf/1583001-1584000/P1583625-00.pdf,data/sources/pdf/menora/2023FY/1583625_presentation.pdf,23f638a08ef3b5d07dc2981d9ff57193a025286c54cf3b60cc71a7339d2347d5
1583741,menora,2024-03-31 09:47:13.583,presentation,2023FY,Financial Statements 2023 Investor Presentation,htm,40,,rhtm/1583001-1584000/H1583741.htm,,
1583741,menora,2024-03-31 09:47:13.583,presentation,2023FY,Financial Statements 2023 Investor Presentation,pdf1,3849,32,rpdf/1583001-1584000/P1583741-00.pdf,data/sources/pdf/menora/2023FY/1583741_presentation.pdf,d1c80d9d22a4ad90b3efa0fe01186e5eb6d46b6da1438c6b0c838437935b2a0d
1585016,menora,2024-04-02 21:56:14.953,annual,2023FY,דוח תקופתי ושנתי לשנת 2023 - תיקון-החלפת קובץ  (ללא שינויים בתוכן),htm,110,,rhtm/1585001-1586000/H1585016.htm,,
1585016,menora,2024-04-02 21:56:14.953,annual,2023FY,דוח תקופתי ושנתי לשנת 2023 - תיקון-החלפת קובץ  (ללא שינויים בתוכן),pdf1,24473,551,rpdf/1585001-1586000/P1585016-00.pdf,data/sources/pdf/menora/2023FY/1585016_annual.pdf,582f6c0e584eac59ef9132cfe651b7d8d133d548c11fe82579f9d6b0f52b1b22
1585016,menora,2024-04-02 21:56:14.953,annual,2023FY,דוח תקופתי ושנתי לשנת 2023 - תיקון-החלפת קובץ  (ללא שינויים בתוכן),xbrl,20,,xbrl/1585001-1586000/X1585016.xbrl,,
1592217,menora,2024-05-15 19:09:13.47,annual,2023FY,Periodic Report for 2023-translated version,htm,40,,rhtm/1592001-1593000/H1592217.htm,,
1592217,menora,2024-05-15 19:09:13.47,annual,2023FY,Periodic Report for 2023-translated version,pdf1,6927,568,rpdf/1592001-1593000/P1592217-00.pdf,data/sources/pdf/menora/2023FY/1592217_annual.pdf,e248ba249c946188a83d054c129dca6684740783fad2c0fc0759d6d6f3a3aa7c
1595682,menora,2024-05-30 08:24:14.42,quarterly,2024Q1,דוח רבעון 1 לשנת 2024,pdf1,4306,193,rpdf/1595001-1596000/P1595682-00.pdf,data/sources/pdf/menora/2024Q1/1595682_quarterly.pdf,3660eb2a50d158c07c1b678b1d4f08f4b27c8d5fb3f41326f974eb88bf637826
1595682,menora,2024-05-30 08:24:14.42,quarterly,2024Q1,דוח רבעון 1 לשנת 2024,xbrl,18,,xbrl/1595001-1596000/X1595682.xbrl,,
1595682,menora,2024-05-30 08:24:14.42,quarterly,2024Q1,דוח רבעון 1 לשנת 2024,htm,105,,rhtm/1595001-1596000/H1595682.htm,,
1595699,menora,2024-05-30 08:41:15.55,liabilities,2024Q1,"מצבת התחייבות החברה ליום 31.3.24, לפי מועדי פרעון",htm,223,,rhtm/1595001-1596000/H1595699.htm,,
1595693,menora,2024-05-30 08:49:13.16,presentation,2024Q1,מצגת משקיעים רבעון ראשון 2024,htm,42,,rhtm/1595001-1596000/H1595693.htm,,
1595693,menora,2024-05-30 08:49:13.16,presentation,2024Q1,מצגת משקיעים רבעון ראשון 2024,pdf1,2682,37,rpdf/1595001-1596000/P1595693-00.pdf,data/sources/pdf/menora/2024Q1/1595693_presentation.pdf,2d831b3e732bd2d78f3b412b5b33ac61beb25c6660ac5249b2a5f73f6a182589
1595832,menora,2024-05-30 13:04:13.503,presentation,2024Q1,Financial Statements Q1.2024 Investor Presentation,htm,40,,rhtm/1595001-1596000/H1595832.htm,,
1595832,menora,2024-05-30 13:04:13.503,presentation,2024Q1,Financial Statements Q1.2024 Investor Presentation,pdf1,3828,37,rpdf/1595001-1596000/P1595832-00.pdf,data/sources/pdf/menora/2024Q1/1595832_presentation.pdf,54313e9d857b7b7dae5cdb8bf63ace2b4983caf02f9c6b901108eef0908fc00a
1598729,menora,2024-06-17 21:32:14.53,quarterly,2024Q1,2024 Q1 Financial Report - translated version [The Hebrew 2024 Q1 report was published on 30 May 2024],htm,42,,rhtm/1598001-1599000/H1598729.htm,,
1598729,menora,2024-06-17 21:32:14.53,quarterly,2024Q1,2024 Q1 Financial Report - translated version [The Hebrew 2024 Q1 report was published on 30 May 2024],pdf1,3961,210,rpdf/1598001-1599000/P1598729-00.pdf,data/sources/pdf/menora/2024Q1/1598729_quarterly.pdf,fc9168c21292ffa807ca9ab49bf589bcf38eeedfe599e61cef6229f82636ad31
1614238,menora,2024-08-29 08:14:15.27,quarterly,2024Q2,דוח רבעון 2/חצי שנתי לשנת 2024,xbrl,18,,xbrl/1614001-1615000/X1614238.xbrl,,
1614238,menora,2024-08-29 08:14:15.27,quarterly,2024Q2,דוח רבעון 2/חצי שנתי לשנת 2024,pdf1,3946,179,rpdf/1614001-1615000/P1614238-00.pdf,data/sources/pdf/menora/2024Q2/1614238_quarterly.pdf,ab45f1bd4a65e2b5c346def494207f58b8c1b76f9dff05f3a68645a843df5414
1614238,menora,2024-08-29 08:14:15.27,quarterly,2024Q2,דוח רבעון 2/חצי שנתי לשנת 2024,htm,112,,rhtm/1614001-1615000/H1614238.htm,,
1614260,menora,2024-08-29 08:35:13.67,liabilities,2024Q2,"מצבת התחייבות החברה ליום 30.6.24, לפי מועדי פרעון",htm,223,,rhtm/1614001-1615000/H1614260.htm,,
1614241,menora,2024-08-29 08:38:16.83,presentation,2024Q2,מצגת משקיעים 30.6.2024,pdf1,2806,41,rpdf/1614001-1615000/P1614241-00.pdf,data/sources/pdf/menora/2024Q2/1614241_presentation.pdf,b6732b8ef6ec87b08e76eb21b68450e1a6fd7092b60c9f628cdb56b7cb16f309
1614241,menora,2024-08-29 08:38:16.83,presentation,2024Q2,מצגת משקיעים 30.6.2024,htm,42,,rhtm/1614001-1615000/H1614241.htm,,
1614248,menora,2024-08-29 08:44:14.133,presentation,2024Q2,Financial Statements Q2.2024 Investor Presentation,htm,40,,rhtm/1614001-1615000/H1614248.htm,,
1614248,menora,2024-08-29 08:44:14.133,presentation,2024Q2,Financial Statements Q2.2024 Investor Presentation,pdf1,3947,41,rpdf/1614001-1615000/P1614248-00.pdf,data/sources/pdf/menora/2024Q2/1614248_presentation.pdf,33ddfb30d1823dc16f360b6c1f79b600a0cf7fcdf83666ee8fed118fd9b6d336
1617845,menora,2024-09-17 17:33:14.28,quarterly,2024Q2,2024 Q2 Financial Report - translated version,htm,42,,rhtm/1617001-1618000/H1617845.htm,,
1617845,menora,2024-09-17 17:33:14.28,quarterly,2024Q2,2024 Q2 Financial Report - translated version,pdf1,3962,196,rpdf/1617001-1618000/P1617845-00.pdf,data/sources/pdf/menora/2024Q2/1617845_quarterly.pdf,448c12bc514b74cc1d26e0515d4ff04baae2461e0e1d757eb338fad62531b99d
1630066,menora,2024-11-28 07:59:18.467,quarterly,2024Q3,דוח רבעון 3 לשנת 2024,htm,112,,rhtm/1630001-1631000/H1630066.htm,,
1630066,menora,2024-11-28 07:59:18.467,quarterly,2024Q3,דוח רבעון 3 לשנת 2024,pdf1,4269,224,rpdf/1630001-1631000/P1630066-00.pdf,data/sources/pdf/menora/2024Q3/1630066_quarterly.pdf,36695629b62a05d48095d582b3053b6a7e97c20019f14fe4913c95784668e4d2
1630066,menora,2024-11-28 07:59:18.467,quarterly,2024Q3,דוח רבעון 3 לשנת 2024,xbrl,18,,xbrl/1630001-1631000/X1630066.xbrl,,
1630074,menora,2024-11-28 08:07:12.617,liabilities,2024Q3,"מצבת התחייבות החברה ליום 30.9.24, לפי מועדי פרעון",htm,223,,rhtm/1630001-1631000/H1630074.htm,,
1630077,menora,2024-11-28 08:30:14.503,presentation,2024Q3,מצגת משקיעים -רבעון שלישי 2024,pdf1,3100,42,rpdf/1630001-1631000/P1630077-00.pdf,data/sources/pdf/menora/2024Q3/1630077_presentation.pdf,5e71849b42d2ff6466901d1371029fe50022711e7770fb0cd72daa8cd2f2ae7c
1630077,menora,2024-11-28 08:30:14.503,presentation,2024Q3,מצגת משקיעים -רבעון שלישי 2024,htm,42,,rhtm/1630001-1631000/H1630077.htm,,
1630597,menora,2024-11-28 22:10:11.52,presentation,2024Q3,Financial Statements Q3.2024 Investor Presentation,pdf1,3891,42,rpdf/1630001-1631000/P1630597-00.pdf,data/sources/pdf/menora/2024Q3/1630597_presentation.pdf,58fbd984c255246ec40162b56062a73f83d7e0ee1c0bc17087971fed1a8ad384
1630597,menora,2024-11-28 22:10:11.52,presentation,2024Q3,Financial Statements Q3.2024 Investor Presentation,htm,41,,rhtm/1630001-1631000/H1630597.htm,,
1633468,menora,2024-12-15 13:35:14.65,quarterly,2024Q3,Q3/2024 Financial Report - translated version [The Hebrew 2024 Q3 report was published on 29 August 2024],pdf1,5532,256,rpdf/1633001-1634000/P1633468-00.pdf,data/sources/pdf/menora/2024Q3/1633468_quarterly.pdf,cd1cb8c4897fe4c3d617214b996ec6fc37d40c4b2e09c7b45b4508b51ee73349
1633468,menora,2024-12-15 13:35:14.65,quarterly,2024Q3,Q3/2024 Financial Report - translated version [The Hebrew 2024 Q3 report was published on 29 August 2024],htm,40,,rhtm/1633001-1634000/H1633468.htm,,
1651187,menora,2025-03-16 08:38:02.44,liabilities,2024FY,"מצבת התחייבות החברה ליום 31.12.24, לפי מועדי פרעון",htm,221,,rhtm/1651001-1652000/H1651187.htm,,
1651191,menora,2025-03-16 08:48:04.42,annual,2024FY,דוח תקופתי ושנתי לשנת 2024,pdf1,10888,561,rpdf/1651001-1652000/P1651191-00.pdf,data/sources/pdf/menora/2024FY/1651191_annual.pdf,08758a9f9e55548c8e0c9954effc310ace6356e52ad04e3087a5c12017a1bdff
1651191,menora,2025-03-16 08:48:04.42,annual,2024FY,דוח תקופתי ושנתי לשנת 2024,htm,118,,rhtm/1651001-1652000/H1651191.htm,,
1651191,menora,2025-03-16 08:48:04.42,annual,2024FY,דוח תקופתי ושנתי לשנת 2024,xbrl,20,,xbrl/1651001-1652000/X1651191.xbrl,,
1651193,menora,2025-03-16 09:07:59.84,presentation,2024FY,מצגת משקיעים שנת 2024,htm,42,,rhtm/1651001-1652000/H1651193.htm,,
1651193,menora,2025-03-16 09:07:59.84,presentation,2024FY,מצגת משקיעים שנת 2024,pdf1,4132,43,rpdf/1651001-1652000/P1651193-00.pdf,data/sources/pdf/menora/2024FY/1651193_presentation.pdf,b87d0ad4035178dfed6bcf13a020ea753e8f248df7681c76cc60aee4e7b7f5b1
1651194,menora,2025-03-16 09:10:02.637,presentation,2024FY,מצגת משקיעים -מעבר לתקן IFRS17,htm,42,,rhtm/1651001-1652000/H1651194.htm,,
1651194,menora,2025-03-16 09:10:02.637,presentation,2024FY,מצגת משקיעים -מעבר לתקן IFRS17,pdf1,2158,24,rpdf/1651001-1652000/P1651194-00.pdf,data/sources/pdf/menora/2024FY/1651194_presentation.pdf,d330a0c359dec8da9cf671fbbd22bc96fb668abfc8b6bc472454659fc8ec0ae5
1651654,menora,2025-03-17 21:47:02.257,presentation,2024FY,Financial Statements 2024 Investor Presentation,htm,40,,rhtm/1651001-1652000/H1651654.htm,,
1651654,menora,2025-03-17 21:47:02.257,presentation,2024FY,Financial Statements 2024 Investor Presentation,pdf1,4792,43,rpdf/1651001-1652000/P1651654-00.pdf,data/sources/pdf/menora/2024FY/1651654_presentation.pdf,5126e38314431d4d6ac522270978778586d27b6ab8a403eaa461ccf7cb6ae7fa
1651656,menora,2025-03-17 21:50:03.38,presentation,2024FY,IFRS17 Investor Presentation,htm,40,,rhtm/1651001-1652000/H1651656.htm,,
1651656,menora,2025-03-17 21:50:03.38,presentation,2024FY,IFRS17 Investor Presentation,pdf1,2337,24,rpdf/1651001-1652000/P1651656-00.pdf,data/sources/pdf/menora/2024FY/1651656_presentation.pdf,8cbbe07e65f4f856f7d76349accc632e7766ce5bea42ee6ee4a30862789c1029
1660365,menora,2025-04-28 15:55:59.783,annual,2024FY,The Menora Mivtachim Ltd. Periodic Report for 2024,htm,40,,rhtm/1660001-1661000/H1660365.htm,,
1660365,menora,2025-04-28 15:55:59.783,annual,2024FY,The Menora Mivtachim Ltd. Periodic Report for 2024,pdf1,12194,607,rpdf/1660001-1661000/P1660365-00.pdf,data/sources/pdf/menora/2024FY/1660365_annual.pdf,eb9bda22e8914bbf554bbfd026fbdc078973a9307cdebf4538556c1c1b1e9fd2
1668097,menora,2025-05-29 08:36:00.087,liabilities,2025Q1,"מצבת התחייבות החברה ליום 31.3.25, לפי מועדי פרעון",htm,221,,rhtm/1668001-1669000/H1668097.htm,,
1668107,menora,2025-05-29 08:48:05.04,quarterly,2025Q1,דוח רבעון 1 לשנת 2025,htm,115,,rhtm/1668001-1669000/H1668107.htm,,
1668107,menora,2025-05-29 08:48:05.04,quarterly,2025Q1,דוח רבעון 1 לשנת 2025,pdf1,4970,223,rpdf/1668001-1669000/P1668107-00.pdf,data/sources/pdf/menora/2025Q1/1668107_quarterly.pdf,4e4e97ffa994293a8d7583341f9313a3698da46872b16ce72b74e0dde9e9533e
1668107,menora,2025-05-29 08:48:05.04,quarterly,2025Q1,דוח רבעון 1 לשנת 2025,xbrl,18,,xbrl/1668001-1669000/X1668107.xbrl,,
1668117,menora,2025-05-29 09:15:03.603,presentation,2025Q1,מצגת משקיעים רבעון ראשון 2025,pdf1,2844,36,rpdf/1668001-1669000/P1668117-00.pdf,data/sources/pdf/menora/2025Q1/1668117_presentation.pdf,2fa2ec87c29da91cf2a21e7bb334eee9f88707948e03a2b97dd173b3e05bf886
1668117,menora,2025-05-29 09:15:03.603,presentation,2025Q1,מצגת משקיעים רבעון ראשון 2025,htm,42,,rhtm/1668001-1669000/H1668117.htm,,
1668778,menora,2025-06-01 09:44:05.773,presentation,2025Q1,Financial Statements Q1.2025 Investor Presentation,pdf1,3244,36,rpdf/1668001-1669000/P1668778-00.pdf,data/sources/pdf/menora/2025Q1/1668778_presentation.pdf,55842695ebc046fda0acbc73d35266d27d07f79dc6f536c1bb1d058b7049b18f
1668778,menora,2025-06-01 09:44:05.773,presentation,2025Q1,Financial Statements Q1.2025 Investor Presentation,htm,40,,rhtm/1668001-1669000/H1668778.htm,,
1672183,menora,2025-06-18 18:55:04.463,quarterly,2025Q1,The Menora Mivtachim Ltd. 2025 Q1 Financial Report - translated version [The Hebrew 2025 Q1 report was published on 29 May 2025],pdf1,5781,253,rpdf/1672001-1673000/P1672183-00.pdf,data/sources/pdf/menora/2025Q1/1672183_quarterly.pdf,51e9a010ad609e5cbd8f184ca3c7ddfc557e31f4c6ea20506afd65b03f618e5b
1672183,menora,2025-06-18 18:55:04.463,quarterly,2025Q1,The Menora Mivtachim Ltd. 2025 Q1 Financial Report - translated version [The Hebrew 2025 Q1 report was published on 29 May 2025],htm,40,,rhtm/1672001-1673000/H1672183.htm,,
1689410,menora,2025-08-31 07:41:00.733,liabilities,2025Q2,"מצבת התחייבות החברה ליום 30.6.25, לפי מועדי פרעון",htm,221,,rhtm/1689001-1690000/H1689410.htm,,
1689414,menora,2025-08-31 08:07:04.493,quarterly,2025Q2,דוח רבעון 2/חצי שנתי לשנת 2025,xbrl,18,,xbrl/1689001-1690000/X1689414.xbrl,,
1689414,menora,2025-08-31 08:07:04.493,quarterly,2025Q2,דוח רבעון 2/חצי שנתי לשנת 2025,htm,115,,rhtm/1689001-1690000/H1689414.htm,,
1689414,menora,2025-08-31 08:07:04.493,quarterly,2025Q2,דוח רבעון 2/חצי שנתי לשנת 2025,pdf1,4396,220,rpdf/1689001-1690000/P1689414-00.pdf,data/sources/pdf/menora/2025Q2/1689414_quarterly.pdf,8fb258dfa30792165fe5c6a2869ce57b825e0360bbc6ff1be448227f4fbca45a
1689416,menora,2025-08-31 08:30:04.48,presentation,2025Q2,מצגת משקיעים -רבעון 2 לשנת 2025,pdf1,3253,38,rpdf/1689001-1690000/P1689416-00.pdf,data/sources/pdf/menora/2025Q2/1689416_presentation.pdf,c9cbeec8c2745972cf997e4ee0b2501775c1a40cfa4a2a66971a6ff33817d0de
1689416,menora,2025-08-31 08:30:04.48,presentation,2025Q2,מצגת משקיעים -רבעון 2 לשנת 2025,htm,42,,rhtm/1689001-1690000/H1689416.htm,,
1689971,menora,2025-09-01 11:00:59.563,presentation,2025Q2,Financial Statements Q2.2025 Investor Presentation,pdf1,4186,38,rpdf/1689001-1690000/P1689971-00.pdf,data/sources/pdf/menora/2025Q2/1689971_presentation.pdf,75924003074c621de066b338926d40a56fd5cda314568c2466a9a201251551f4
1689971,menora,2025-09-01 11:00:59.563,presentation,2025Q2,Financial Statements Q2.2025 Investor Presentation,htm,40,,rhtm/1689001-1690000/H1689971.htm,,
1694194,menora,2025-09-21 17:57:04.19,quarterly,2025Q2,The Menora Mivtachim Ltd. 2025 Q2 Financial Report,pdf1,4556,235,rpdf/1694001-1695000/P1694194-00.pdf,data/sources/pdf/menora/2025Q2/1694194_quarterly.pdf,fa66f79e85fc1498e25dc7fc6da3449ad480923df9c0c9c3abc0a7738cb08314
1694194,menora,2025-09-21 17:57:04.19,quarterly,2025Q2,The Menora Mivtachim Ltd. 2025 Q2 Financial Report,htm,40,,rhtm/1694001-1695000/H1694194.htm,,
1706474,menora,2025-11-30 08:24:03.517,quarterly,2025Q3,דוח רבעון 3 לשנת 2025,xbrl,18,,xbrl/1706001-1707000/X1706474.xbrl,,
1706474,menora,2025-11-30 08:24:03.517,quarterly,2025Q3,דוח רבעון 3 לשנת 2025,pdf1,7023,272,rpdf/1706001-1707000/P1706474-00.pdf,data/sources/pdf/menora/2025Q3/1706474_quarterly.pdf,eba45b706288d79fdc92a02525aa526ce2db78dde3cfd2e0a78ed7730a065929
1706474,menora,2025-11-30 08:24:03.517,quarterly,2025Q3,דוח רבעון 3 לשנת 2025,htm,115,,rhtm/1706001-1707000/H1706474.htm,,
1706478,menora,2025-11-30 08:29:01.75,liabilities,2025Q3,"מצבת התחייבות החברה ליום 30.9.25, לפי מועדי פרעון",htm,221,,rhtm/1706001-1707000/H1706478.htm,,
1706480,menora,2025-11-30 08:52:01.157,presentation,2025Q3,מצגת רבעון 3 לשנת 2025,pdf1,3438,43,rpdf/1706001-1707000/P1706480-00.pdf,data/sources/pdf/menora/2025Q3/1706480_presentation.pdf,51997eb002a14f26cc34bf14eaaf60d569caf80e927910b43da86e6c75c0f000
1706480,menora,2025-11-30 08:52:01.157,presentation,2025Q3,מצגת רבעון 3 לשנת 2025,htm,42,,rhtm/1706001-1707000/H1706480.htm,,
1706689,menora,2025-11-30 15:38:00.853,presentation,2025Q3,Menora Mivtachim Holdings Financial Statements  Q3.2025 Investor Presentation,pdf1,4549,43,rpdf/1706001-1707000/P1706689-00.pdf,data/sources/pdf/menora/2025Q3/1706689_presentation.pdf,3e69b6b9c3b674de4dd33ba2c0e8bf2ce4c96b5c0656998001873f7cf3f2567b
1706689,menora,2025-11-30 15:38:00.853,presentation,2025Q3,Menora Mivtachim Holdings Financial Statements  Q3.2025 Investor Presentation,htm,40,,rhtm/1706001-1707000/H1706689.htm,,
1710811,menora,2025-12-21 10:52:25.02,quarterly,2025Q3,The Menora Mivtachim Ltd. 2025 Q3 Financial Report,pdf1,5297,300,rpdf/1710001-1711000/P1710811-00.pdf,data/sources/pdf/menora/2025Q3/1710811_quarterly.pdf,52470c2e3e17bb31f45024f9a5bc0356d30c4dbf09851daf44d776185c39bb66
1710811,menora,2025-12-21 10:52:25.02,quarterly,2025Q3,The Menora Mivtachim Ltd. 2025 Q3 Financial Report,htm,42,,rhtm/1710001-1711000/H1710811.htm,,
1732162,menora,2026-03-30 08:32:05.54,annual,2025FY,דוח תקופתי ושנתי לשנת 2025,pdf1,11374,595,rpdf/1732001-1733000/P1732162-00.pdf,data/sources/pdf/menora/2025FY/1732162_annual.pdf,8eac1fde8c085be0a0f33fda9b8a1c8f417550ec073dc3e5a5c129892b46b904
1732162,menora,2026-03-30 08:32:05.54,annual,2025FY,דוח תקופתי ושנתי לשנת 2025,xbrl,20,,xbrl/1732001-1733000/X1732162.xbrl,,
1732162,menora,2026-03-30 08:32:05.54,annual,2025FY,דוח תקופתי ושנתי לשנת 2025,htm,118,,rhtm/1732001-1733000/H1732162.htm,,
1732178,menora,2026-03-30 08:43:05.633,liabilities,2025FY,"מצבת התחייבות החברה ליום 31.12.25, לפי מועדי פרעון",htm,221,,rhtm/1732001-1733000/H1732178.htm,,
1732169,menora,2026-03-30 08:54:06.16,presentation,2025FY,מצגת משקיעים שנת 2025,htm,42,,rhtm/1732001-1733000/H1732169.htm,,
1732169,menora,2026-03-30 08:54:06.16,presentation,2025FY,מצגת משקיעים שנת 2025,pdf1,3470,48,rpdf/1732001-1733000/P1732169-00.pdf,data/sources/pdf/menora/2025FY/1732169_presentation.pdf,f9b4463279de3fb9d422fefe64cf5000a2a9f6efffcda791fbacf90c8c8e98c5
1732173,menora,2026-03-30 08:57:05.64,presentation,2025FY,Financial Statements 2025 Investor Presentation,htm,40,,rhtm/1732001-1733000/H1732173.htm,,
1732173,menora,2026-03-30 08:57:05.64,presentation,2025FY,Financial Statements 2025 Investor Presentation,pdf1,5095,48,rpdf/1732001-1733000/P1732173-00.pdf,data/sources/pdf/menora/2025FY/1732173_presentation.pdf,d86290319dc99035496859270364687c964b65b7d7b33f15be611420f5501ea1
1740191,menora,2026-05-10 10:27:03.523,annual,2025FY,The Menora Mivtachim Ltd. Periodic Report for 2025,htm,40,,rhtm/1740001-1741000/H1740191.htm,,
1740191,menora,2026-05-10 10:27:03.523,annual,2025FY,The Menora Mivtachim Ltd. Periodic Report for 2025,pdf1,11235,675,rpdf/1740001-1741000/P1740191-00.pdf,data/sources/pdf/menora/2025FY/1740191_annual.pdf,e4ae8e2c7f8194ac875755bbafa904891e9f0f068f2bbeac113eb98596277a4e
1743431,menora,2026-05-26 07:55:13.09,quarterly,2026Q1,דוח רבעון 1 לשנת 2026,xbrl,18,,xbrl/1743001-1744000/X1743431.xbrl,,
1743431,menora,2026-05-26 07:55:13.09,quarterly,2026Q1,דוח רבעון 1 לשנת 2026,pdf1,6172,203,rpdf/1743001-1744000/P1743431-00.pdf,data/sources/pdf/menora/2026Q1/1743431_quarterly.pdf,6ae23d101845d23db01715cdeff688f2880f27391c716c54dad59ca661c859f9
1743431,menora,2026-05-26 07:55:13.09,quarterly,2026Q1,דוח רבעון 1 לשנת 2026,htm,116,,rhtm/1743001-1744000/H1743431.htm,,
1743432,menora,2026-05-26 07:57:03.95,liabilities,2026Q1,"מצבת התחייבות החברה ליום 31.3.26, לפי מועדי פרעון",htm,221,,rhtm/1743001-1744000/H1743432.htm,,
1743435,menora,2026-05-26 08:18:02,presentation,2026Q1,מצגת משקיעים רבעון 1 2026,pdf1,3120,36,rpdf/1743001-1744000/P1743435-00.pdf,data/sources/pdf/menora/2026Q1/1743435_presentation.pdf,6dcb7fe49709076d2702dae03f77bb6c2104ec3c140170c91ccedbeacbd70215
1743435,menora,2026-05-26 08:18:02,presentation,2026Q1,מצגת משקיעים רבעון 1 2026,htm,42,,rhtm/1743001-1744000/H1743435.htm,,
1743562,menora,2026-05-26 11:03:04.14,presentation,2026Q1,Financial Statements Q1.2026 Investor Presentation,pdf1,4420,36,rpdf/1743001-1744000/P1743562-00.pdf,data/sources/pdf/menora/2026Q1/1743562_presentation.pdf,b00d60cfd7f2eecf92c3411b988b259eff1455c0fe90ff924c8dac9071167f7e
1743562,menora,2026-05-26 11:03:04.14,presentation,2026Q1,Financial Statements Q1.2026 Investor Presentation,htm,40,,rhtm/1743001-1744000/H1743562.htm,,
1748533,menora,2026-06-10 20:15:06.477,quarterly,2026Q1,2026 Q1 Financial Report,pdf1,5286,222,rpdf/1748001-1749000/P1748533-00.pdf,data/sources/pdf/menora/2026Q1/1748533_quarterly.pdf,dd96ffab54919aa2ecc0c737b3e82acb94e8d21f6cf5be595b3d0e402866b695
1748533,menora,2026-06-10 20:15:06.477,quarterly,2026Q1,2026 Q1 Financial Report,htm,40,,rhtm/1748001-1749000/H1748533.htm,,
1765730,menora,2026-08-25 08:00:02.173,presentation,2026Q2,מצגת משקיעים רבעון 2 2026,pdf1,3168,51,rpdf/1765001-1766000/P1765730-00.pdf,data/sources/pdf/menora/2026Q2/1765730_presentation.pdf,967972948788d92079fc32798ded6d8f6406194dec9db270e78fe38496f86809
1765730,menora,2026-08-25 08:00:02.173,presentation,2026Q2,מצגת משקיעים רבעון 2 2026,htm,42,,rhtm/1765001-1766000/H1765730.htm,,
1765736,menora,2026-08-25 08:00:19.273,quarterly,2026Q2,דוח רבעון 2/חצי שנתי לשנת 2026,htm,116,,rhtm/1765001-1766000/H1765736.htm,,
1765736,menora,2026-08-25 08:00:19.273,quarterly,2026Q2,דוח רבעון 2/חצי שנתי לשנת 2026,pdf1,8142,194,rpdf/1765001-1766000/P1765736-00.pdf,data/sources/pdf/menora/2026Q2/1765736_quarterly.pdf,be42cb5138c3d0085ef44ba2acbadc110b2605af9a52904b23c2940ff7ecf5b3
1765736,menora,2026-08-25 08:00:19.273,quarterly,2026Q2,דוח רבעון 2/חצי שנתי לשנת 2026,xbrl,18,,xbrl/1765001-1766000/X1765736.xbrl,,
1765792,menora,2026-08-25 09:00:14.327,liabilities,2026Q2,"מצבת התחייבות החברה ליום 30.6.26, לפי מועדי פרעון",htm,222,,rhtm/1765001-1766000/H1765792.htm,,
1765849,menora,2026-08-25 10:03:10.4,presentation,2026Q2,Menora Mivtachim Holdings Financial Statements  Q2.2026 Investor Presentation,htm,40,,rhtm/1765001-1766000/H1765849.htm,,
1765849,menora,2026-08-25 10:03:10.4,presentation,2026Q2,Menora Mivtachim Holdings Financial Statements  Q2.2026 Investor Presentation,pdf1,5460,51,rpdf/1765001-1766000/P1765849-00.pdf,data/sources/pdf/menora/2026Q2/1765849_presentation.pdf,88ed5b3b7cea1448ec0db52ed3f92e01cd7ab427bf6ec51ecb2cc928af74847f
1770504,menora,2026-09-14 21:51:59.917,quarterly,2026Q2,Financial Report 2026 Q2 - translated version,htm,40,,rhtm/1770001-1771000/H1770504.htm,,
1770504,menora,2026-09-14 21:51:59.917,quarterly,2026Q2,Financial Report 2026 Q2 - translated version,pdf1,4854,207,rpdf/1770001-1771000/P1770504-00.pdf,data/sources/pdf/menora/2026Q2/1770504_quarterly.pdf,7e2d450dc50263e7542f0dbed257f492fabf3cd364ad8c04a7178cfee30c32c0
1220141,migdal,2019-03-27 08:12:30.55,annual,2018FY,דוח תקופתי ושנתי לשנת 2018,pdf1,9118,474,rpdf/1220001-1221000/P1220141-00.pdf,data/sources/pdf/migdal/2018FY/1220141_annual.pdf,c32033bac889ebeab06a92b4d29a1aef7565107813291add61743dc61f4c9b48
1220141,migdal,2019-03-27 08:12:30.55,annual,2018FY,דוח תקופתי ושנתי לשנת 2018,xbrl,19,,xbrl/1220001-1221000/X1220141.xbrl,,
1220142,migdal,2019-03-27 08:16:25.94,liabilities,2018FY,"מצבת התחייבות החברה ליום 31.12.18, לפי מועדי פרעון",htm,197,,rhtm/1220001-1221000/H1220142.htm,,
1220143,migdal,2019-03-27 08:38:22.767,presentation,2018FY,מצגת למשקיעים-תוצאות כספיות לשנת 2018,htm,41,,rhtm/1220001-1221000/H1220143.htm,,
1220143,migdal,2019-03-27 08:38:22.767,presentation,2018FY,מצגת למשקיעים-תוצאות כספיות לשנת 2018,pdf1,1297,16,rpdf/1220001-1221000/P1220143-00.pdf,data/sources/pdf/migdal/2018FY/1220143_presentation.pdf,13954cccca03927e8995b822f0c4b4a46599e0779c95ca2f81cbb37120139e75
1232619,migdal,2019-05-30 13:30:30.48,quarterly,2019Q1,דוח רבעון 1 לשנת 2019,pdf1,2705,117,rpdf/1232001-1233000/P1232619-00.pdf,data/sources/pdf/migdal/2019Q1/1232619_quarterly.pdf,4c19c0c592d28b5a8227f605106599fec97b3a4fe6df44687161e5177d819a27
1232619,migdal,2019-05-30 13:30:30.48,quarterly,2019Q1,דוח רבעון 1 לשנת 2019,xbrl,18,,xbrl/1232001-1233000/X1232619.xbrl,,
1232625,migdal,2019-05-30 13:43:15.473,liabilities,2019Q1,"מצבת התחייבות החברה ליום 31.3.19, לפי מועדי פרעון",htm,197,,rhtm/1232001-1233000/H1232625.htm,,
1232622,migdal,2019-05-30 13:56:18.94,presentation,2019Q1,מצגת משקיעים - רבעון 1 2019,htm,41,,rhtm/1232001-1233000/H1232622.htm,,
1232622,migdal,2019-05-30 13:56:18.94,presentation,2019Q1,מצגת משקיעים - רבעון 1 2019,pdf1,1251,15,rpdf/1232001-1233000/P1232622-00.pdf,data/sources/pdf/migdal/2019Q1/1232622_presentation.pdf,1921538963a280e458917f7a0d85594c401502cab86ce31d0e5bf9bc918b796e
1238410,migdal,2019-06-30 14:39:23.52,solvency,2018FY,דוח יחס כושר פרעון כלכלי של מגדל ביטוח(בת) ליום 31.12.18,htm,41,,rhtm/1238001-1239000/H1238410.htm,,
1238410,migdal,2019-06-30 14:39:23.52,solvency,2018FY,דוח יחס כושר פרעון כלכלי של מגדל ביטוח(בת) ליום 31.12.18,pdf1,513,18,rpdf/1238001-1239000/P1238410-00.pdf,data/sources/pdf/migdal/2018FY/1238410_solvency.pdf,e7371ef5d6576b5703b2c05a5e68cb441519b497c2f9dd3645d2ce1f621d052f
1248132,migdal,2019-08-15 15:31:29.473,quarterly,2019Q2,דוח רבעון 2 לשנת 2019,xbrl,18,,xbrl/1248001-1249000/X1248132.xbrl,,
1248132,migdal,2019-08-15 15:31:29.473,quarterly,2019Q2,דוח רבעון 2 לשנת 2019,htm,103,,rhtm/1248001-1249000/H1248132.htm,,
1248132,migdal,2019-08-15 15:31:29.473,quarterly,2019Q2,דוח רבעון 2 לשנת 2019,pdf1,6032,142,rpdf/1248001-1249000/P1248132-00.pdf,data/sources/pdf/migdal/2019Q2/1248132_quarterly.pdf,1a1486a949305a05c3b302398a39d0e09c127a158467b9c511607a171adc4fd5
1248134,migdal,2019-08-15 15:32:26.453,liabilities,2019Q2,"מצבת התחייבות החברה ליום 30.6.19, לפי מועדי פרעון",htm,197,,rhtm/1248001-1249000/H1248134.htm,,
1248136,migdal,2019-08-15 15:52:30.317,presentation,2019Q2,מצגת למשקיעים - תוצאות כספיות 1-6/2019,htm,41,,rhtm/1248001-1249000/H1248136.htm,,
1248136,migdal,2019-08-15 15:52:30.317,presentation,2019Q2,מצגת למשקיעים - תוצאות כספיות 1-6/2019,pdf1,1395,16,rpdf/1248001-1249000/P1248136-00.pdf,data/sources/pdf/migdal/2019Q2/1248136_presentation.pdf,55d1f23a5ba64687052a7e21352cd3fffe884f1c32736f356389c397bd07ece3
1265821,migdal,2019-11-28 14:22:25.617,quarterly,2019Q3,דוח רבעון 3 לשנת 2019,htm,103,,rhtm/1265001-1266000/H1265821.htm,,
1265821,migdal,2019-11-28 14:22:25.617,quarterly,2019Q3,דוח רבעון 3 לשנת 2019,pdf1,5867,147,rpdf/1265001-1266000/P1265821-00.pdf,data/sources/pdf/migdal/2019Q3/1265821_quarterly.pdf,3a1443ec2418ca21dc0d8e0de244f1dca84d2874b0179a45981b119a14aaf319
1265821,migdal,2019-11-28 14:22:25.617,quarterly,2019Q3,דוח רבעון 3 לשנת 2019,xbrl,18,,xbrl/1265001-1266000/X1265821.xbrl,,
1265825,migdal,2019-11-28 14:25:28.64,liabilities,2019Q3,"מצבת התחייבות החברה ליום 30.9.19, לפי מועדי פרעון",htm,197,,rhtm/1265001-1266000/H1265825.htm,,
1265826,migdal,2019-11-28 14:45:14.403,presentation,2019Q3,מצגת למשקיעים-תוצאות כספיות 1-9/19,htm,42,,rhtm/1265001-1266000/H1265826.htm,,
1265826,migdal,2019-11-28 14:45:14.403,presentation,2019Q3,מצגת למשקיעים-תוצאות כספיות 1-9/19,pdf1,5620,16,rpdf/1265001-1266000/P1265826-00.pdf,data/sources/pdf/migdal/2019Q3/1265826_presentation.pdf,dbfa26ff65c38cf58638f3b448c9deb4673cd992fb442c2ac0af64a32a1c6248
1271474,migdal,2019-12-31 08:26:34.593,solvency,2019Q2,דוח יחס כושר פירעון ליום 30.06.2019,htm,41,,rhtm/1271001-1272000/H1271474.htm,,
1271474,migdal,2019-12-31 08:26:34.593,solvency,2019Q2,דוח יחס כושר פירעון ליום 30.06.2019,pdf1,182,4,rpdf/1271001-1272000/P1271474-00.pdf,data/sources/pdf/migdal/2019Q2/1271474_solvency.pdf,e4580fdaa845ffd64f5eccf09902beddeff60bdeb1f9f0ce5c3954cc6de1b85e
1286365,migdal,2020-03-26 18:10:25.067,annual,2019FY,דוח תקופתי ושנתי לשנת 2019,pdf1,8711,456,rpdf/1286001-1287000/P1286365-00.pdf,data/sources/pdf/migdal/2019FY/1286365_annual.pdf,11f5c7bac2e1ae775d7fc4182d2a60d5a1530c0d004b6753232cee6638e886be
1286365,migdal,2020-03-26 18:10:25.067,annual,2019FY,דוח תקופתי ושנתי לשנת 2019,xbrl,19,,xbrl/1286001-1287000/X1286365.xbrl,,
1286365,migdal,2020-03-26 18:10:25.067,annual,2019FY,דוח תקופתי ושנתי לשנת 2019,htm,106,,rhtm/1286001-1287000/H1286365.htm,,
1286369,migdal,2020-03-26 19:20:44.087,presentation,2019FY,מצגת למשקיעים-תוצאות כספיות לשנת 2019,htm,45,,rhtm/1286001-1287000/H1286369.htm,,
1286369,migdal,2020-03-26 19:20:44.087,presentation,2019FY,מצגת למשקיעים-תוצאות כספיות לשנת 2019,pdf1,2984,24,rpdf/1286001-1287000/P1286369-00.pdf,data/sources/pdf/migdal/2019FY/1286369_presentation.pdf,a27740c307eac657568063923b6c9eae553432c2a5e2937d9ede712a3e6e49e6
1286414,migdal,2020-03-26 19:21:21.08,liabilities,2019FY,"מצבת התחייבות החברה ליום 31.12.19, לפי מועדי פרעון",htm,199,,rhtm/1286001-1287000/H1286414.htm,,
1298100,migdal,2020-05-27 17:34:20.36,quarterly,2020Q1,דוח רבעון 1 לשנת 2020,htm,105,,rhtm/1298001-1299000/H1298100.htm,,
1298100,migdal,2020-05-27 17:34:20.36,quarterly,2020Q1,דוח רבעון 1 לשנת 2020,pdf1,3147,125,rpdf/1298001-1299000/P1298100-00.pdf,data/sources/pdf/migdal/2020Q1/1298100_quarterly.pdf,e8be33a2e8c04ab776eb35cc115de81e89e382ade72db180afb7b103298850f4
1298100,migdal,2020-05-27 17:34:20.36,quarterly,2020Q1,דוח רבעון 1 לשנת 2020,xbrl,18,,xbrl/1298001-1299000/X1298100.xbrl,,
1298104,migdal,2020-05-27 17:36:29.353,liabilities,2020Q1,"מצבת התחייבות החברה ליום 31.3.20, לפי מועדי פרעון",htm,200,,rhtm/1298001-1299000/H1298104.htm,,
1298108,migdal,2020-05-27 17:55:28.303,presentation,2020Q1,מצגת למשקיעים-תוצאות כספיות רבעון 1 2020,pdf1,2067,17,rpdf/1298001-1299000/P1298108-00.pdf,data/sources/pdf/migdal/2020Q1/1298108_presentation.pdf,7bbe13a81d1b38370e3710519edbdf73f9cd38a8507bdb89630996d542e60be1
1298108,migdal,2020-05-27 17:55:28.303,presentation,2020Q1,מצגת למשקיעים-תוצאות כספיות רבעון 1 2020,htm,45,,rhtm/1298001-1299000/H1298108.htm,,
1316831,migdal,2020-08-24 17:37:16.163,quarterly,2020Q2,דוח רבעון 2 לשנת 2020,htm,99,,rhtm/1316001-1317000/H1316831.htm,,
1316831,migdal,2020-08-24 17:37:16.163,quarterly,2020Q2,דוח רבעון 2 לשנת 2020,pdf1,4009,148,rpdf/1316001-1317000/P1316831-00.pdf,data/sources/pdf/migdal/2020Q2/1316831_quarterly.pdf,5a1653184d9e85c5f5ba09df25e72cfec9b8b6c0685538c47222ae161f80908f
1316831,migdal,2020-08-24 17:37:16.163,quarterly,2020Q2,דוח רבעון 2 לשנת 2020,xbrl,18,,xbrl/1316001-1317000/X1316831.xbrl,,
1316834,migdal,2020-08-24 17:41:16.97,liabilities,2020Q2,"מצבת התחייבות החברה ליום 30.6.20, לפי מועדי פרעון",htm,198,,rhtm/1316001-1317000/H1316834.htm,,
1316836,migdal,2020-08-24 18:01:18.42,presentation,2020Q2,מצגת למשקיעים-תוצאות כספיות רבעון 2 2020,htm,43,,rhtm/1316001-1317000/H1316836.htm,,
1316836,migdal,2020-08-24 18:01:18.42,presentation,2020Q2,מצגת למשקיעים-תוצאות כספיות רבעון 2 2020,pdf1,2328,20,rpdf/1316001-1317000/P1316836-00.pdf,data/sources/pdf/migdal/2020Q2/1316836_presentation.pdf,958b71a74eef99dc340445201f61d1a0b8511924d0b92213503cd5e6f9db995a
1316982,migdal,2020-08-25 11:00:23.437,presentation,2020Q2,מצגת למשקיעים-תוצאות כספיות רבעון 2 2020 - תיקון בשקף 3 ובשקף 17,htm,46,,rhtm/1316001-1317000/H1316982.htm,,
1316982,migdal,2020-08-25 11:00:23.437,presentation,2020Q2,מצגת למשקיעים-תוצאות כספיות רבעון 2 2020 - תיקון בשקף 3 ובשקף 17,pdf1,1561,20,rpdf/1316001-1317000/P1316982-00.pdf,data/sources/pdf/migdal/2020Q2/1316982_presentation.pdf,874c30acd5ec6aae89ec328a1780c3cd710e724c32bfc64b8fac787a290ac811
1328569,migdal,2020-10-28 17:52:24.75,solvency,2019Q3,"דוח יחס כושר פירעון כלכלי של מגדל חברה לביטוח בע""מ (חברה בת) ליום 31 בדצמבר 2019",htm,42,,rhtm/1328001-1329000/H1328569.htm,,
1328569,migdal,2020-10-28 17:52:24.75,solvency,2019Q3,"דוח יחס כושר פירעון כלכלי של מגדל חברה לביטוח בע""מ (חברה בת) ליום 31 בדצמבר 2019",pdf1,1175,21,rpdf/1328001-1329000/P1328569-00.pdf,data/sources/pdf/migdal/2019Q3/1328569_solvency.pdf,68a3a8951e691bce1a834b02a0daaa39824c8235c28dc1c26d06c35f2e87d17e
1334849,migdal,2020-11-26 07:37:19.817,quarterly,2020Q3,דוח רבעון 3 לשנת 2020,htm,99,,rhtm/1334001-1335000/H1334849.htm,,
1334849,migdal,2020-11-26 07:37:19.817,quarterly,2020Q3,דוח רבעון 3 לשנת 2020,pdf1,5577,153,rpdf/1334001-1335000/P1334849-00.pdf,data/sources/pdf/migdal/2020Q3/1334849_quarterly.pdf,e2a264d82409cf5b37fc3366cd27a497dde0f4418add396daf891bd1cae16f7e
1334849,migdal,2020-11-26 07:37:19.817,quarterly,2020Q3,דוח רבעון 3 לשנת 2020,xbrl,18,,xbrl/1334001-1335000/X1334849.xbrl,,
1334850,migdal,2020-11-26 07:40:20.543,liabilities,2020Q3,"מצבת התחייבות החברה ליום 30.9.20, לפי מועדי פרעון",htm,198,,rhtm/1334001-1335000/H1334850.htm,,
1334851,migdal,2020-11-26 08:01:23.257,presentation,2020Q3,מצגת למשקיעים-תוצאות כספיות רבעון 3 2020,htm,43,,rhtm/1334001-1335000/H1334851.htm,,
1334851,migdal,2020-11-26 08:01:23.257,presentation,2020Q3,מצגת למשקיעים-תוצאות כספיות רבעון 3 2020,pdf1,2361,20,rpdf/1334001-1335000/P1334851-00.pdf,data/sources/pdf/migdal/2020Q3/1334851_presentation.pdf,7b1521f55dd66452aad0e1c2a56f15571c49b6157e808c1012babd6be4216a58
1359196,migdal,2021-03-22 08:19:20.21,annual,2020FY,דוח תקופתי ושנתי לשנת 2020,htm,101,,rhtm/1359001-1360000/H1359196.htm,,
1359196,migdal,2021-03-22 08:19:20.21,annual,2020FY,דוח תקופתי ושנתי לשנת 2020,xbrl,19,,xbrl/1359001-1360000/X1359196.xbrl,,
1359196,migdal,2021-03-22 08:19:20.21,annual,2020FY,דוח תקופתי ושנתי לשנת 2020,pdf1,11921,472,rpdf/1359001-1360000/P1359196-00.pdf,data/sources/pdf/migdal/2020FY/1359196_annual.pdf,67afe83e52ca84f9220927e70fa7618cccd779813cd0f5ce4a42ffee312819e0
1359204,migdal,2021-03-22 08:30:15.82,liabilities,2020FY,"מצבת התחייבות החברה ליום 31.12.20, לפי מועדי פרעון",htm,198,,rhtm/1359001-1360000/H1359204.htm,,
1359201,migdal,2021-03-22 08:42:23.797,presentation,2020FY,מצגת תוצאות כספיות שנת 2020,htm,42,,rhtm/1359001-1360000/H1359201.htm,,
1359201,migdal,2021-03-22 08:42:23.797,presentation,2020FY,מצגת תוצאות כספיות שנת 2020,pdf1,2301,25,rpdf/1359001-1360000/P1359201-00.pdf,data/sources/pdf/migdal/2020FY/1359201_presentation.pdf,ad0d441998d3c4ea4f08d547e301202e894ecf5c45b3c21ac36c5416a92ae441
1372527,migdal,2021-05-27 08:38:16.01,quarterly,2021Q1,דוח רבעון 1 לשנת 2021,htm,100,,rhtm/1372001-1373000/H1372527.htm,,
1372527,migdal,2021-05-27 08:38:16.01,quarterly,2021Q1,דוח רבעון 1 לשנת 2021,pdf1,10029,136,rpdf/1372001-1373000/P1372527-00.pdf,data/sources/pdf/migdal/2021Q1/1372527_quarterly.pdf,0a5f655dda74861b9857a576df484b4b291b6876e3c1b14067c8ac51ff1f5934
1372527,migdal,2021-05-27 08:38:16.01,quarterly,2021Q1,דוח רבעון 1 לשנת 2021,xbrl,18,,xbrl/1372001-1373000/X1372527.xbrl,,
1372529,migdal,2021-05-27 08:44:19.623,liabilities,2021Q1,"מצבת התחייבות החברה ליום 31.3.21, לפי מועדי פרעון",htm,197,,rhtm/1372001-1373000/H1372529.htm,,
1372528,migdal,2021-05-27 08:59:18.83,presentation,2021Q1,מצגת תוצאות כספיות רבעון 1 לשנת 2021,htm,42,,rhtm/1372001-1373000/H1372528.htm,,
1372528,migdal,2021-05-27 08:59:18.83,presentation,2021Q1,מצגת תוצאות כספיות רבעון 1 לשנת 2021,pdf1,2181,19,rpdf/1372001-1373000/P1372528-00.pdf,data/sources/pdf/migdal/2021Q1/1372528_presentation.pdf,f192ccf9809a8afd5906c1de7e7ab9fa283a5d9ad549e667bb9673ac56c0476c
1394647,migdal,2021-08-18 08:04:30.867,quarterly,2021Q2,דוח רבעון 2/חצי שנתי לשנת 2021,htm,100,,rhtm/1394001-1395000/H1394647.htm,,
1394647,migdal,2021-08-18 08:04:30.867,quarterly,2021Q2,דוח רבעון 2/חצי שנתי לשנת 2021,pdf1,13688,162,rpdf/1394001-1395000/P1394647-00.pdf,data/sources/pdf/migdal/2021Q2/1394647_quarterly.pdf,23911427cda7e111093301e558cadfcf02ae1f6063deb03ad8078b344a25f04f
1394647,migdal,2021-08-18 08:04:30.867,quarterly,2021Q2,דוח רבעון 2/חצי שנתי לשנת 2021,xbrl,18,,xbrl/1394001-1395000/X1394647.xbrl,,
1394651,migdal,2021-08-18 08:10:15.24,liabilities,2021Q2,"מצבת התחייבות החברה ליום 30.6.21, לפי מועדי פרעון",htm,197,,rhtm/1394001-1395000/H1394651.htm,,
1394649,migdal,2021-08-18 08:25:26.41,presentation,2021Q2,מצגת תוצאות כספיות רבעון 2 שנת 2021,htm,42,,rhtm/1394001-1395000/H1394649.htm,,
1394649,migdal,2021-08-18 08:25:26.41,presentation,2021Q2,מצגת תוצאות כספיות רבעון 2 שנת 2021,pdf1,2476,22,rpdf/1394001-1395000/P1394649-00.pdf,data/sources/pdf/migdal/2021Q2/1394649_presentation.pdf,6d31eb8e1b5663bde64e4a898abb3b0e8888946bb62400de41f77619b7a198d3
1412012,migdal,2021-11-18 08:05:14.367,quarterly,2021Q3,דוח רבעון 3 לשנת 2021,htm,100,,rhtm/1412001-1413000/H1412012.htm,,
1412012,migdal,2021-11-18 08:05:14.367,quarterly,2021Q3,דוח רבעון 3 לשנת 2021,pdf1,7121,165,rpdf/1412001-1413000/P1412012-00.pdf,data/sources/pdf/migdal/2021Q3/1412012_quarterly.pdf,290aca0b317e456add1e9d6a73ca94b2e36b7c967dba2ffbd9210a10df163c1e
1412012,migdal,2021-11-18 08:05:14.367,quarterly,2021Q3,דוח רבעון 3 לשנת 2021,xbrl,18,,xbrl/1412001-1413000/X1412012.xbrl,,
1412015,migdal,2021-11-18 08:10:21.403,liabilities,2021Q3,"מצבת התחייבות החברה ליום 30.9.21, לפי מועדי פרעון",htm,197,,rhtm/1412001-1413000/H1412015.htm,,
1412013,migdal,2021-11-18 08:26:26.69,presentation,2021Q3,מצגת למשקיעים-תוצאות כספיות רבעון 3 שנת 2021,htm,42,,rhtm/1412001-1413000/H1412013.htm,,
1412013,migdal,2021-11-18 08:26:26.69,presentation,2021Q3,מצגת למשקיעים-תוצאות כספיות רבעון 3 שנת 2021,pdf1,1691,22,rpdf/1412001-1413000/P1412013-00.pdf,data/sources/pdf/migdal/2021Q3/1412013_presentation.pdf,7a95b5e86477443a11678f88d65aa01bdb042c859a216a5455ec6d8bf2d51ae2
1438624,migdal,2022-03-24 08:20:16.243,annual,2021FY,דוח תקופתי ושנתי לשנת 2021,xbrl,19,,xbrl/1438001-1439000/X1438624.xbrl,,
1438624,migdal,2022-03-24 08:20:16.243,annual,2021FY,דוח תקופתי ושנתי לשנת 2021,pdf1,13230,484,rpdf/1438001-1439000/P1438624-00.pdf,data/sources/pdf/migdal/2021FY/1438624_annual.pdf,7bda7f4d8ef6137186fc074f376c44400d581cda2331cc6424facbdcf6eda38d
1438624,migdal,2022-03-24 08:20:16.243,annual,2021FY,דוח תקופתי ושנתי לשנת 2021,htm,101,,rhtm/1438001-1439000/H1438624.htm,,
1438629,migdal,2022-03-24 08:25:26.98,liabilities,2021FY,"מצבת התחייבות החברה ליום 31.12.21, לפי מועדי פרעון",htm,197,,rhtm/1438001-1439000/H1438629.htm,,
1438626,migdal,2022-03-24 08:41:26.387,presentation,2021FY,מצגת תוצאות כספיות לשנת 2021,pdf1,2222,24,rpdf/1438001-1439000/P1438626-00.pdf,data/sources/pdf/migdal/2021FY/1438626_presentation.pdf,097aeab89ce4b0d0a7bdb92b9fb089bcfeda3877ee165d441c9454ce3ab84930
1438626,migdal,2022-03-24 08:41:26.387,presentation,2021FY,מצגת תוצאות כספיות לשנת 2021,htm,42,,rhtm/1438001-1439000/H1438626.htm,,
1453593,migdal,2022-05-31 08:28:26.58,quarterly,2022Q1,דוח רבעון 1 לשנת 2022,htm,100,,rhtm/1453001-1454000/H1453593.htm,,
1453593,migdal,2022-05-31 08:28:26.58,quarterly,2022Q1,דוח רבעון 1 לשנת 2022,pdf1,6654,137,rpdf/1453001-1454000/P1453593-00.pdf,data/sources/pdf/migdal/2022Q1/1453593_quarterly.pdf,242b8a6a2bc1ed810182a29455299350b7fbfaa1dd99d4c3d2c75a24666f99a2
1453593,migdal,2022-05-31 08:28:26.58,quarterly,2022Q1,דוח רבעון 1 לשנת 2022,xbrl,18,,xbrl/1453001-1454000/X1453593.xbrl,,
1453620,migdal,2022-05-31 08:45:30.77,liabilities,2022Q1,"מצבת התחייבות החברה ליום 31.3.22, לפי מועדי פרעון",htm,197,,rhtm/1453001-1454000/H1453620.htm,,
1453602,migdal,2022-05-31 08:54:19.597,solvency,2021FY,דוח יחס כושר פירעון כלכלי של מגדל חברה לביטוח (חב' בת) ליום 31/12/2021,pdf1,831,24,rpdf/1453001-1454000/P1453602-00.pdf,data/sources/pdf/migdal/2021FY/1453602_solvency.pdf,ed7ebb6fcd8f3d05d5ffafcb86b375f12824c206488c5694a215b5a11e3a13e7
1453602,migdal,2022-05-31 08:54:19.597,solvency,2021FY,דוח יחס כושר פירעון כלכלי של מגדל חברה לביטוח (חב' בת) ליום 31/12/2021,htm,41,,rhtm/1453001-1454000/H1453602.htm,,
1453619,migdal,2022-05-31 09:01:28.877,presentation,2022Q1,מצגת למשקיעים-תוצאות כספיות רבעון 1 שנת 2022,pdf1,1869,17,rpdf/1453001-1454000/P1453619-00.pdf,data/sources/pdf/migdal/2022Q1/1453619_presentation.pdf,dc83849c76493dac872485f4f290023e6628f03fe102b35d7f77dc10fc799a1d
1453619,migdal,2022-05-31 09:01:28.877,presentation,2022Q1,מצגת למשקיעים-תוצאות כספיות רבעון 1 שנת 2022,htm,42,,rhtm/1453001-1454000/H1453619.htm,,
1473855,migdal,2022-08-30 08:04:17.86,quarterly,2022Q2,דוח רבעון 2/חצי שנתי לשנת 2022,xbrl,18,,xbrl/1473001-1474000/X1473855.xbrl,,
1473855,migdal,2022-08-30 08:04:17.86,quarterly,2022Q2,דוח רבעון 2/חצי שנתי לשנת 2022,pdf1,6890,156,rpdf/1473001-1474000/P1473855-00.pdf,data/sources/pdf/migdal/2022Q2/1473855_quarterly.pdf,c8b36767e8c501e10b4e7e9aa9065f51342dea631251b4168b334018c9d65e2c
1473855,migdal,2022-08-30 08:04:17.86,quarterly,2022Q2,דוח רבעון 2/חצי שנתי לשנת 2022,htm,100,,rhtm/1473001-1474000/H1473855.htm,,
1473860,migdal,2022-08-30 08:17:19.46,liabilities,2022Q2,"מצבת התחייבות החברה ליום 30.6.22, לפי מועדי פרעון",htm,197,,rhtm/1473001-1474000/H1473860.htm,,
1488679,migdal,2022-11-28 08:21:20.3,quarterly,2022Q3,דוח רבעון 3 לשנת 2022,pdf1,7725,159,rpdf/1488001-1489000/P1488679-00.pdf,data/sources/pdf/migdal/2022Q3/1488679_quarterly.pdf,f9a62b56f159f825d14d9280b3c2fe01bd09a339bf8b65652fd0255d014a943a
1488679,migdal,2022-11-28 08:21:20.3,quarterly,2022Q3,דוח רבעון 3 לשנת 2022,xbrl,18,,xbrl/1488001-1489000/X1488679.xbrl,,
1488679,migdal,2022-11-28 08:21:20.3,quarterly,2022Q3,דוח רבעון 3 לשנת 2022,htm,100,,rhtm/1488001-1489000/H1488679.htm,,
1488680,migdal,2022-11-28 08:24:20.977,liabilities,2022Q3,"מצבת התחייבות החברה ליום 30.9.22, לפי מועדי פרעון",htm,197,,rhtm/1488001-1489000/H1488680.htm,,
1488715,migdal,2022-11-28 09:24:24.63,presentation,2022Q3,מצגת תוצאות כספיות - רבעון 3 לשנת 2022,pdf1,908,23,rpdf/1488001-1489000/P1488715-00.pdf,data/sources/pdf/migdal/2022Q3/1488715_presentation.pdf,10de060382734595e77f0b5fa511703f1faebb7c23cb97cd4c491dd52e7c550c
1488715,migdal,2022-11-28 09:24:24.63,presentation,2022Q3,מצגת תוצאות כספיות - רבעון 3 לשנת 2022,htm,41,,rhtm/1488001-1489000/H1488715.htm,,
1488725,migdal,2022-11-28 09:33:16.087,solvency,2022Q2,דוח יחס כושר פירעון כלכלי של מגדל חברה לביטוח (בת) ליום 30/6/2022,pdf1,517,22,rpdf/1488001-1489000/P1488725-00.pdf,data/sources/pdf/migdal/2022Q2/1488725_solvency.pdf,88c4ba7d65603b8d64273e4dd480535de91db4c08a46adc9e3ed26f4e6305d4c
1488725,migdal,2022-11-28 09:33:16.087,solvency,2022Q2,דוח יחס כושר פירעון כלכלי של מגדל חברה לביטוח (בת) ליום 30/6/2022,htm,41,,rhtm/1488001-1489000/H1488725.htm,,
1513215,migdal,2023-03-27 07:46:28.523,annual,2022FY,דוח תקופתי ושנתי לשנת 2022,htm,106,,rhtm/1513001-1514000/H1513215.htm,,
1513215,migdal,2023-03-27 07:46:28.523,annual,2022FY,דוח תקופתי ושנתי לשנת 2022,xbrl,19,,xbrl/1513001-1514000/X1513215.xbrl,,
1513215,migdal,2023-03-27 07:46:28.523,annual,2022FY,דוח תקופתי ושנתי לשנת 2022,pdf1,24052,485,rpdf/1513001-1514000/P1513215-00.pdf,data/sources/pdf/migdal/2022FY/1513215_annual.pdf,32efc2a5dbfb890f650be6129a5c9342e0bc2489fafcc7c9999ebc28e0175c07
1513222,migdal,2023-03-27 08:02:27.907,liabilities,2022FY,"מצבת התחייבות החברה ליום 31.12.22, לפי מועדי פרעון",htm,223,,rhtm/1513001-1514000/H1513222.htm,,
1513216,migdal,2023-03-27 08:07:18.8,presentation,2022FY,מצגת למשקיעים-תוצאות כספיות 2022,htm,41,,rhtm/1513001-1514000/H1513216.htm,,
1513216,migdal,2023-03-27 08:07:18.8,presentation,2022FY,מצגת למשקיעים-תוצאות כספיות 2022,pdf1,1842,18,rpdf/1513001-1514000/P1513216-00.pdf,data/sources/pdf/migdal/2022FY/1513216_presentation.pdf,f634c5c63eb247e3293b2fec40c5b53c31d0f6a20bf70760585bc20134639cd8
1525371,migdal,2023-05-31 07:44:24.927,solvency,2022FY,דוח יחס כושר פירעון כלכלי של חב' הבת מגדל חברה לביטוח ליום 31.12.22,htm,42,,rhtm/1525001-1526000/H1525371.htm,,
1525371,migdal,2023-05-31 07:44:24.927,solvency,2022FY,דוח יחס כושר פירעון כלכלי של חב' הבת מגדל חברה לביטוח ליום 31.12.22,pdf1,940,25,rpdf/1525001-1526000/P1525371-00.pdf,data/sources/pdf/migdal/2022FY/1525371_solvency.pdf,35be6bf38ae08917a2ef6e37ffc3b995e4cd4606338588a2701c2a1716dfd43a
1525382,migdal,2023-05-31 07:44:26.163,liabilities,2023Q1,"מצבת התחייבות החברה ליום 31.3.23, לפי מועדי פרעון",htm,223,,rhtm/1525001-1526000/H1525382.htm,,
1525385,migdal,2023-05-31 07:44:29.79,quarterly,2023Q1,דוח רבעון 1 לשנת 2023,pdf1,6486,126,rpdf/1525001-1526000/P1525385-00.pdf,data/sources/pdf/migdal/2023Q1/1525385_quarterly.pdf,9d8d2e32d93998f6bad62355e7d26696c17b52305b3b4a4669435f7da6ea203f
1525385,migdal,2023-05-31 07:44:29.79,quarterly,2023Q1,דוח רבעון 1 לשנת 2023,htm,106,,rhtm/1525001-1526000/H1525385.htm,,
1525385,migdal,2023-05-31 07:44:29.79,quarterly,2023Q1,דוח רבעון 1 לשנת 2023,xbrl,18,,xbrl/1525001-1526000/X1525385.xbrl,,
1525448,migdal,2023-05-31 09:18:28.963,presentation,2023Q1,מצגת תוצאות כספיות לרבעון 1,pdf1,1114,16,rpdf/1525001-1526000/P1525448-00.pdf,data/sources/pdf/migdal/2023Q1/1525448_presentation.pdf,520dc973040e6f16ad0a981c6423e4279e702a9b9cc0fbfbbfbf2f7cf841ff67
1525448,migdal,2023-05-31 09:18:28.963,presentation,2023Q1,מצגת תוצאות כספיות לרבעון 1,htm,41,,rhtm/1525001-1526000/H1525448.htm,,
1542490,migdal,2023-08-22 07:44:28.477,presentation,2023Q2,מצגת למשקיעים,pdf1,838,20,rpdf/1542001-1543000/P1542490-00.pdf,data/sources/pdf/migdal/2023Q2/1542490_presentation.pdf,bc7b2c2c7ca370c9a1406177ba1a2c2887038dc4b4db8b4c80f09dffdec9998c
1542490,migdal,2023-08-22 07:44:28.477,presentation,2023Q2,מצגת למשקיעים,htm,41,,rhtm/1542001-1543000/H1542490.htm,,
1542495,migdal,2023-08-22 07:44:31.557,liabilities,2023Q2,"מצבת התחייבות החברה ליום 30.6.23, לפי מועדי פרעון",htm,223,,rhtm/1542001-1543000/H1542495.htm,,
1542497,migdal,2023-08-22 07:44:36.27,quarterly,2023Q2,דוח רבעון 2/חצי שנתי לשנת 2023,xbrl,18,,xbrl/1542001-1543000/X1542497.xbrl,,
1542497,migdal,2023-08-22 07:44:36.27,quarterly,2023Q2,דוח רבעון 2/חצי שנתי לשנת 2023,htm,107,,rhtm/1542001-1543000/H1542497.htm,,
1542497,migdal,2023-08-22 07:44:36.27,quarterly,2023Q2,דוח רבעון 2/חצי שנתי לשנת 2023,pdf1,6248,146,rpdf/1542001-1543000/P1542497-00.pdf,data/sources/pdf/migdal/2023Q2/1542497_quarterly.pdf,837ec026cf614401a9cfadf32a9a74de5fd7bbbfc23cec15b532d843afcbb14f
1559232,migdal,2023-11-23 07:44:12.02,solvency,2023Q2,דוח יחס כושר פירעון כלכלי של מגדל  חברה לביטוח ליום 30.6.23,htm,42,,rhtm/1559001-1560000/H1559232.htm,,
1559232,migdal,2023-11-23 07:44:12.02,solvency,2023Q2,דוח יחס כושר פירעון כלכלי של מגדל  חברה לביטוח ליום 30.6.23,pdf1,821,22,rpdf/1559001-1560000/P1559232-00.pdf,data/sources/pdf/migdal/2023Q2/1559232_solvency.pdf,097c2f1b60b286695d8e0cce6d07ef385ee081b777e5d01a46190052983ec76a
1559233,migdal,2023-11-23 07:44:12.427,presentation,2023Q3,מצגת למשקיעים-תוצאות כספיות-רבעון 3 2023,htm,42,,rhtm/1559001-1560000/H1559233.htm,,
1559233,migdal,2023-11-23 07:44:12.427,presentation,2023Q3,מצגת למשקיעים-תוצאות כספיות-רבעון 3 2023,pdf1,1756,23,rpdf/1559001-1560000/P1559233-00.pdf,data/sources/pdf/migdal/2023Q3/1559233_presentation.pdf,4af06497362001cb19fd609f458131a807d969114d9a4138aeb0ca9af9d8fd30
1559235,migdal,2023-11-23 07:44:13.257,liabilities,2023Q3,"מצבת התחייבות החברה ליום 30.9.23, לפי מועדי פרעון",htm,223,,rhtm/1559001-1560000/H1559235.htm,,
1559237,migdal,2023-11-23 07:44:15.71,quarterly,2023Q3,דוח רבעון 3 לשנת 2023,htm,107,,rhtm/1559001-1560000/H1559237.htm,,
1559237,migdal,2023-11-23 07:44:15.71,quarterly,2023Q3,דוח רבעון 3 לשנת 2023,pdf1,6111,178,rpdf/1559001-1560000/P1559237-00.pdf,data/sources/pdf/migdal/2023Q3/1559237_quarterly.pdf,c268f6e7b4d304f5ae437830623a274d2e601adfe5151decda0f5fd255de645f
1559237,migdal,2023-11-23 07:44:15.71,quarterly,2023Q3,דוח רבעון 3 לשנת 2023,xbrl,18,,xbrl/1559001-1560000/X1559237.xbrl,,
1580977,migdal,2024-03-21 07:44:11.98,presentation,2023FY,מצגת למשקיעים,htm,42,,rhtm/1580001-1581000/H1580977.htm,,
1580977,migdal,2024-03-21 07:44:11.98,presentation,2023FY,מצגת למשקיעים,pdf1,2015,34,rpdf/1580001-1581000/P1580977-00.pdf,data/sources/pdf/migdal/2023FY/1580977_presentation.pdf,b39342ed996c6cdf07078d1a4c82b17a1c9627dfb5d7ea3967ad8fe256de0d05
1580984,migdal,2024-03-21 07:44:12.81,liabilities,2023FY,"מצבת התחייבות החברה ליום 31.12.23, לפי מועדי פרעון",htm,223,,rhtm/1580001-1581000/H1580984.htm,,
1580987,migdal,2024-03-21 07:44:14.92,annual,2023FY,דוח תקופתי ושנתי לשנת 2023,htm,108,,rhtm/1580001-1581000/H1580987.htm,,
1580987,migdal,2024-03-21 07:44:14.92,annual,2023FY,דוח תקופתי ושנתי לשנת 2023,pdf1,12004,522,rpdf/1580001-1581000/P1580987-00.pdf,data/sources/pdf/migdal/2023FY/1580987_annual.pdf,d696f7cfa93e6739507ec93ad43b9fdba62c1a2e1cd558bc2045da1af99f029e
1580987,migdal,2024-03-21 07:44:14.92,annual,2023FY,דוח תקופתי ושנתי לשנת 2023,xbrl,19,,xbrl/1580001-1581000/X1580987.xbrl,,
1581068,migdal,2024-03-21 09:04:16.263,annual,2023FY,דוח תקופתי ושנתי לשנת 2023 - תיקון טעות סופר,pdf1,12004,522,rpdf/1581001-1582000/P1581068-00.pdf,data/sources/pdf/migdal/2023FY/1581068_annual.pdf,d696f7cfa93e6739507ec93ad43b9fdba62c1a2e1cd558bc2045da1af99f029e
1581068,migdal,2024-03-21 09:04:16.263,annual,2023FY,דוח תקופתי ושנתי לשנת 2023 - תיקון טעות סופר,htm,111,,rhtm/1581001-1582000/H1581068.htm,,
1581068,migdal,2024-03-21 09:04:16.263,annual,2023FY,דוח תקופתי ושנתי לשנת 2023 - תיקון טעות סופר,xbrl,19,,xbrl/1581001-1582000/X1581068.xbrl,,
1594110,migdal,2024-05-26 07:44:15.06,solvency,2023FY,"דוח יחס כושר פירעון כלכלי של מגדל חברה לביטוח בע""מ( חברה בת)  ליום 31/12/2023",htm,42,,rhtm/1594001-1595000/H1594110.htm,,
1594110,migdal,2024-05-26 07:44:15.06,solvency,2023FY,"דוח יחס כושר פירעון כלכלי של מגדל חברה לביטוח בע""מ( חברה בת)  ליום 31/12/2023",pdf1,1237,24,rpdf/1594001-1595000/P1594110-00.pdf,data/sources/pdf/migdal/2023FY/1594110_solvency.pdf,dbeacb7607bfeb60f0f01e3e83cecfedfffdb943c33615cf0b8b3ee222a49901
1594111,migdal,2024-05-26 07:44:15.933,presentation,2024Q1,מצגת משקיעים-רבעון 1 שנת 2024,htm,42,,rhtm/1594001-1595000/H1594111.htm,,
1594111,migdal,2024-05-26 07:44:15.933,presentation,2024Q1,מצגת משקיעים-רבעון 1 שנת 2024,pdf1,1519,16,rpdf/1594001-1595000/P1594111-00.pdf,data/sources/pdf/migdal/2024Q1/1594111_presentation.pdf,c54e17e947ec962551c39e899be30c510387bbadcd357e1618aca1dcbda03505
1594118,migdal,2024-05-26 07:44:16.76,liabilities,2024Q1,"מצבת התחייבות החברה ליום 31.3.24, לפי מועדי פרעון",htm,223,,rhtm/1594001-1595000/H1594118.htm,,
1594120,migdal,2024-05-26 07:44:18.043,quarterly,2024Q1,דוח רבעון 1 לשנת 2024,htm,107,,rhtm/1594001-1595000/H1594120.htm,,
1594120,migdal,2024-05-26 07:44:18.043,quarterly,2024Q1,דוח רבעון 1 לשנת 2024,pdf1,5231,138,rpdf/1594001-1595000/P1594120-00.pdf,data/sources/pdf/migdal/2024Q1/1594120_quarterly.pdf,815704f0cb916a390d1443bd1f3bedf2eeb3e3ff5114ad598f92cabd59b30701
1594120,migdal,2024-05-26 07:44:18.043,quarterly,2024Q1,דוח רבעון 1 לשנת 2024,xbrl,18,,xbrl/1594001-1595000/X1594120.xbrl,,
1611553,migdal,2024-08-19 07:44:16.257,subsidiary,2024Q2,"דוחות כספיים של מגדל חברה לביטוח בע""מ ליום 30.6.24",htm,42,,rhtm/1611001-1612000/H1611553.htm,,
1611553,migdal,2024-08-19 07:44:16.257,subsidiary,2024Q2,"דוחות כספיים של מגדל חברה לביטוח בע""מ ליום 30.6.24",pdf1,2377,,rpdf/1611001-1612000/P1611553-00.pdf,,
1611557,migdal,2024-08-19 07:44:17.043,liabilities,2024Q2,"מצבת התחייבות החברה ליום 30.6.24, לפי מועדי פרעון",htm,223,,rhtm/1611001-1612000/H1611557.htm,,
1611559,migdal,2024-08-19 07:44:18.293,quarterly,2024Q2,דוח רבעון 2/חצי שנתי לשנת 2024,htm,114,,rhtm/1611001-1612000/H1611559.htm,,
1611559,migdal,2024-08-19 07:44:18.293,quarterly,2024Q2,דוח רבעון 2/חצי שנתי לשנת 2024,pdf1,6036,162,rpdf/1611001-1612000/P1611559-00.pdf,data/sources/pdf/migdal/2024Q2/1611559_quarterly.pdf,e8367bc2bc7d8bddb6d435feb269a6857ce01453612487d1d61a61891a03a3fa
1611559,migdal,2024-08-19 07:44:18.293,quarterly,2024Q2,דוח רבעון 2/חצי שנתי לשנת 2024,xbrl,18,,xbrl/1611001-1612000/X1611559.xbrl,,
1611611,migdal,2024-08-19 09:27:15.353,presentation,2024Q2,מצגת דוחות כספיים לרבעון 2 לשנת 2024 - תיקון,htm,45,,rhtm/1611001-1612000/H1611611.htm,,
1611611,migdal,2024-08-19 09:27:15.353,presentation,2024Q2,מצגת דוחות כספיים לרבעון 2 לשנת 2024 - תיקון,pdf1,2377,20,rpdf/1611001-1612000/P1611611-00.pdf,data/sources/pdf/migdal/2024Q2/1611611_presentation.pdf,c194a1be9796041c93ddea2cb1ed588812ac01a54ada77dbb8c00d3e47fadfc2
1628017,migdal,2024-11-21 07:44:16.117,presentation,2024Q3,מצגת למשקיעים-תוצאות כספיות רבעון 3 לשנת 2024,htm,42,,rhtm/1628001-1629000/H1628017.htm,,
1628017,migdal,2024-11-21 07:44:16.117,presentation,2024Q3,מצגת למשקיעים-תוצאות כספיות רבעון 3 לשנת 2024,pdf1,1405,19,rpdf/1628001-1629000/P1628017-00.pdf,data/sources/pdf/migdal/2024Q3/1628017_presentation.pdf,a1b685b3692c6657e0365aa132cfd16bffc5e48fa78724b33912d440aa93b916
1628018,migdal,2024-11-21 07:44:16.553,solvency,2024Q2,דוח יחס כושר פירעון כלכלי של מגדל חברה לביטוח(בת) ליום 30.6.24,htm,42,,rhtm/1628001-1629000/H1628018.htm,,
1628018,migdal,2024-11-21 07:44:16.553,solvency,2024Q2,דוח יחס כושר פירעון כלכלי של מגדל חברה לביטוח(בת) ליום 30.6.24,pdf1,795,24,rpdf/1628001-1629000/P1628018-00.pdf,data/sources/pdf/migdal/2024Q2/1628018_solvency.pdf,619f33afaad4c4dd0d4d6ab9a0575b135ef0bc691ebad35422d38b69dda96eac
1628020,migdal,2024-11-21 07:44:17.7,liabilities,2024Q3,"מצבת התחייבות החברה ליום 30.9.24, לפי מועדי פרעון",htm,223,,rhtm/1628001-1629000/H1628020.htm,,
1628022,migdal,2024-11-21 07:44:19.043,quarterly,2024Q3,דוח רבעון 3 לשנת 2024,htm,113,,rhtm/1628001-1629000/H1628022.htm,,
1628022,migdal,2024-11-21 07:44:19.043,quarterly,2024Q3,דוח רבעון 3 לשנת 2024,pdf1,6216,166,rpdf/1628001-1629000/P1628022-00.pdf,data/sources/pdf/migdal/2024Q3/1628022_quarterly.pdf,3e2e85058a4b3bad256dcfef689dd927b3fc53f8ccbc5303fb76519f4d0117d8
1628022,migdal,2024-11-21 07:44:19.043,quarterly,2024Q3,דוח רבעון 3 לשנת 2024,xbrl,18,,xbrl/1628001-1629000/X1628022.xbrl,,
1640543,migdal,2025-01-15 09:01:12.697,presentation,2024FY,מצגת למשקיעים,htm,42,,rhtm/1640001-1641000/H1640543.htm,,
1640543,migdal,2025-01-15 09:01:12.697,presentation,2024FY,מצגת למשקיעים,pdf1,766,21,rpdf/1640001-1641000/P1640543-00.pdf,data/sources/pdf/migdal/2024FY/1640543_presentation.pdf,511fa070c08d801bab9675e2294c0705cb436ace3f42d4c6820be1da10f7364e
1640703,migdal,2025-01-15 16:10:11.66,presentation,2024FY,מצגת למשקיעים - תיקון טעות אנוש,htm,45,,rhtm/1640001-1641000/H1640703.htm,,
1640703,migdal,2025-01-15 16:10:11.66,presentation,2024FY,מצגת למשקיעים - תיקון טעות אנוש,pdf1,775,21,rpdf/1640001-1641000/P1640703-00.pdf,data/sources/pdf/migdal/2024FY/1640703_presentation.pdf,d2cbc669fac200988a0cbd230e2ee3f12c411e04ece6bdffae2a87f6b9113db3
1651962,migdal,2025-03-19 07:45:02.02,presentation,2024FY,מצגת למשקיעים- תוצאות כספיות,htm,42,,rhtm/1651001-1652000/H1651962.htm,,
1651962,migdal,2025-03-19 07:45:02.02,presentation,2024FY,מצגת למשקיעים- תוצאות כספיות,pdf1,1694,30,rpdf/1651001-1652000/P1651962-00.pdf,data/sources/pdf/migdal/2024FY/1651962_presentation.pdf,edac362768a19ef6c50e1a13c65518e3561aab41985ca07ea33790327f584238
1651969,migdal,2025-03-19 07:45:04.053,annual,2024FY,דוח תקופתי ושנתי לשנת 2024,xbrl,19,,xbrl/1651001-1652000/X1651969.xbrl,,
1651969,migdal,2025-03-19 07:45:04.053,annual,2024FY,דוח תקופתי ושנתי לשנת 2024,htm,119,,rhtm/1651001-1652000/H1651969.htm,,
1651969,migdal,2025-03-19 07:45:04.053,annual,2024FY,דוח תקופתי ושנתי לשנת 2024,pdf1,9083,518,rpdf/1651001-1652000/P1651969-00.pdf,data/sources/pdf/migdal/2024FY/1651969_annual.pdf,333bd4e0f69906a6261fd9c435cbcafa24d42f1dd6948c9799c9f01f87466e1c
1651970,migdal,2025-03-19 07:45:04.387,liabilities,2024FY,"מצבת התחייבות החברה ליום 31.12.24, לפי מועדי פרעון",htm,221,,rhtm/1651001-1652000/H1651970.htm,,
1667890,migdal,2025-05-28 17:39:02.743,quarterly,2025Q1,דוח רבעון 1 לשנת 2025,htm,117,,rhtm/1667001-1668000/H1667890.htm,,
1667890,migdal,2025-05-28 17:39:02.743,quarterly,2025Q1,דוח רבעון 1 לשנת 2025,pdf1,6513,166,rpdf/1667001-1668000/P1667890-00.pdf,data/sources/pdf/migdal/2025Q1/1667890_quarterly.pdf,019c361e52c6dea62ea5971d84c34386feb62fda5b4177d27cc904227cd4de19
1667890,migdal,2025-05-28 17:39:02.743,quarterly,2025Q1,דוח רבעון 1 לשנת 2025,xbrl,18,,xbrl/1667001-1668000/X1667890.xbrl,,
1667896,migdal,2025-05-28 17:44:59.41,liabilities,2025Q1,"מצבת התחייבות החברה ליום 31.3.25, לפי מועדי פרעון",htm,221,,rhtm/1667001-1668000/H1667896.htm,,
1667892,migdal,2025-05-28 17:59:00.827,presentation,2025Q1,מצגת- רבעון 1 2025,htm,42,,rhtm/1667001-1668000/H1667892.htm,,
1667892,migdal,2025-05-28 17:59:00.827,presentation,2025Q1,מצגת- רבעון 1 2025,pdf1,3316,26,rpdf/1667001-1668000/P1667892-00.pdf,data/sources/pdf/migdal/2025Q1/1667892_presentation.pdf,a6ccd377f9057d08a7e69fc4fa820d7715c4c39fd595ff5d56bb34ec54a752bf
1667895,migdal,2025-05-28 18:02:01.97,solvency,2024FY,דוח יחס כושר פירעון כלכלי של מגדל חברה לביטוח (בת) ליום 31.12.24,htm,42,,rhtm/1667001-1668000/H1667895.htm,,
1667895,migdal,2025-05-28 18:02:01.97,solvency,2024FY,דוח יחס כושר פירעון כלכלי של מגדל חברה לביטוח (בת) ליום 31.12.24,pdf1,2044,25,rpdf/1667001-1668000/P1667895-00.pdf,data/sources/pdf/migdal/2024FY/1667895_solvency.pdf,e373b0b86181a9689d834bd69b45ec88db0e094eeba212c1b4051946fe3f74c0
1687006,migdal,2025-08-21 07:45:04.117,presentation,2025Q2,מצגת למשקיעים-רבעון 2 לשנת 2025,htm,42,,rhtm/1687001-1688000/H1687006.htm,,
1687006,migdal,2025-08-21 07:45:04.117,presentation,2025Q2,מצגת למשקיעים-רבעון 2 לשנת 2025,pdf1,2857,24,rpdf/1687001-1688000/P1687006-00.pdf,data/sources/pdf/migdal/2025Q2/1687006_presentation.pdf,9c3cd1dbec5a321df988e7a1985b6c7c23dec6c3ac6cfe625428d408ce39eb8e
1687016,migdal,2025-08-21 07:45:05.583,quarterly,2025Q2,דוח רבעון 2/חצי שנתי לשנת 2025,htm,116,,rhtm/1687001-1688000/H1687016.htm,,
1687016,migdal,2025-08-21 07:45:05.583,quarterly,2025Q2,דוח רבעון 2/חצי שנתי לשנת 2025,pdf1,7613,192,rpdf/1687001-1688000/P1687016-00.pdf,data/sources/pdf/migdal/2025Q2/1687016_quarterly.pdf,15502040469490af3a509a04cadaebbb6da05a47ff47d8b619e0be9fd95cb987
1687016,migdal,2025-08-21 07:45:05.583,quarterly,2025Q2,דוח רבעון 2/חצי שנתי לשנת 2025,xbrl,18,,xbrl/1687001-1688000/X1687016.xbrl,,
1687017,migdal,2025-08-21 07:45:07.007,liabilities,2025Q2,"מצבת התחייבות החברה ליום 30.6.25, לפי מועדי פרעון",htm,221,,rhtm/1687001-1688000/H1687017.htm,,
1705338,migdal,2025-11-26 07:45:22.297,presentation,2025Q3,מצגת משקיעים-רבעון 3 שנת 2025,htm,42,,rhtm/1705001-1706000/H1705338.htm,,
1705338,migdal,2025-11-26 07:45:22.297,presentation,2025Q3,מצגת משקיעים-רבעון 3 שנת 2025,pdf1,2429,25,rpdf/1705001-1706000/P1705338-00.pdf,data/sources/pdf/migdal/2025Q3/1705338_presentation.pdf,f9ca45bc808252aa041dda16dba3449918c83bc8c9f16fe33a43058df34d6a27
1705339,migdal,2025-11-26 07:45:22.763,solvency,2025Q2,דוח יחס כושר פירעון כלכלי של מגדל חברה לביטוח (בת) ליום 30.6.25,htm,42,,rhtm/1705001-1706000/H1705339.htm,,
1705339,migdal,2025-11-26 07:45:22.763,solvency,2025Q2,דוח יחס כושר פירעון כלכלי של מגדל חברה לביטוח (בת) ליום 30.6.25,pdf1,624,24,rpdf/1705001-1706000/P1705339-00.pdf,data/sources/pdf/migdal/2025Q2/1705339_solvency.pdf,c551260294122b67c2aabcaccad5e7cbc595fa3506b86bc920d888f9d5948493
1705352,migdal,2025-11-26 07:45:25,quarterly,2025Q3,דוח רבעון 3 לשנת 2025,pdf1,4942,202,rpdf/1705001-1706000/P1705352-00.pdf,data/sources/pdf/migdal/2025Q3/1705352_quarterly.pdf,4a8c0ff9c183ea7bfecca195f15c923aa5ecb32a28d88ee9e06405edd6ffbb2a
1705352,migdal,2025-11-26 07:45:25,quarterly,2025Q3,דוח רבעון 3 לשנת 2025,xbrl,18,,xbrl/1705001-1706000/X1705352.xbrl,,
1705352,migdal,2025-11-26 07:45:25,quarterly,2025Q3,דוח רבעון 3 לשנת 2025,htm,116,,rhtm/1705001-1706000/H1705352.htm,,
1705353,migdal,2025-11-26 07:45:25.75,liabilities,2025Q3,"מצבת התחייבות החברה ליום 30.9.25, לפי מועדי פרעון",htm,221,,rhtm/1705001-1706000/H1705353.htm,,
1730556,migdal,2026-03-25 07:45:04.743,presentation,2025FY,מצגת למשקיעים - תוצאות כספיות,htm,42,,rhtm/1730001-1731000/H1730556.htm,,
1730556,migdal,2026-03-25 07:45:04.743,presentation,2025FY,מצגת למשקיעים - תוצאות כספיות,pdf1,900,16,rpdf/1730001-1731000/P1730556-00.pdf,data/sources/pdf/migdal/2025FY/1730556_presentation.pdf,7f90b2f713880ea57b26d4ea02d4c47c17480e5f181bf741e5638af13919156a
1730567,migdal,2026-03-25 07:45:07.203,annual,2025FY,דוח תקופתי ושנתי לשנת 2025,htm,121,,rhtm/1730001-1731000/H1730567.htm,,
1730567,migdal,2026-03-25 07:45:07.203,annual,2025FY,דוח תקופתי ושנתי לשנת 2025,pdf1,10503,516,rpdf/1730001-1731000/P1730567-00.pdf,data/sources/pdf/migdal/2025FY/1730567_annual.pdf,ceffc1dd5679f53dbf6412ca7bca7186cf6688a588967785fe841ce2609f96e1
1730567,migdal,2026-03-25 07:45:07.203,annual,2025FY,דוח תקופתי ושנתי לשנת 2025,xbrl,19,,xbrl/1730001-1731000/X1730567.xbrl,,
1730568,migdal,2026-03-25 07:45:08.147,liabilities,2025FY,"מצבת התחייבות החברה ליום 31.12.25, לפי מועדי פרעון",htm,221,,rhtm/1730001-1731000/H1730568.htm,,
1742384,migdal,2026-05-20 07:45:03.8,presentation,2026Q1,מצגת למשקיעים- תוצאות כספיות רבעון 1 שנת 2026,htm,42,,rhtm/1742001-1743000/H1742384.htm,,
1742384,migdal,2026-05-20 07:45:03.8,presentation,2026Q1,מצגת למשקיעים- תוצאות כספיות רבעון 1 שנת 2026,pdf1,2256,18,rpdf/1742001-1743000/P1742384-00.pdf,data/sources/pdf/migdal/2026Q1/1742384_presentation.pdf,4f7250330c8c5640daf142d0d3a8e08004a241d2c0c5bdd50a593900932bd4bf
1742385,migdal,2026-05-20 07:45:05.053,solvency,2025FY,דוח יחס כושר פירעון כלכלי של מגדל חברה לביטוח (בת) ליום 31.12.25,htm,42,,rhtm/1742001-1743000/H1742385.htm,,
1742385,migdal,2026-05-20 07:45:05.053,solvency,2025FY,דוח יחס כושר פירעון כלכלי של מגדל חברה לביטוח (בת) ליום 31.12.25,pdf1,2603,26,rpdf/1742001-1743000/P1742385-00.pdf,data/sources/pdf/migdal/2025FY/1742385_solvency.pdf,c59765af7b840d478095e351cc35662706c08e7ae8b0308ae4efb08e24f2d76a
1742394,migdal,2026-05-20 07:45:09.007,quarterly,2026Q1,דוח רבעון 1 לשנת 2026,htm,118,,rhtm/1742001-1743000/H1742394.htm,,
1742394,migdal,2026-05-20 07:45:09.007,quarterly,2026Q1,דוח רבעון 1 לשנת 2026,pdf1,4334,121,rpdf/1742001-1743000/P1742394-00.pdf,data/sources/pdf/migdal/2026Q1/1742394_quarterly.pdf,52b12cbd45cb51cdbc19d2539ce44769b057595239a774eec5cedaaadff47cb2
1742394,migdal,2026-05-20 07:45:09.007,quarterly,2026Q1,דוח רבעון 1 לשנת 2026,xbrl,18,,xbrl/1742001-1743000/X1742394.xbrl,,
1742395,migdal,2026-05-20 07:45:10.723,liabilities,2026Q1,"מצבת התחייבות החברה ליום 31.3.26, לפי מועדי פרעון",htm,221,,rhtm/1742001-1743000/H1742395.htm,,
1754150,migdal,2026-07-06 08:58:07.323,presentation,2026Q2,מצגת באנגלית,htm,44,,rhtm/1754001-1755000/H1754150.htm,,
1754150,migdal,2026-07-06 08:58:07.323,presentation,2026Q2,מצגת באנגלית,pdf1,4322,26,rpdf/1754001-1755000/P1754150-00.pdf,data/sources/pdf/migdal/2026Q2/1754150_presentation.pdf,a45e7e5318513fafec7d9e9735339722b4484314ab13676c3e5437c7f7af1e9b
1763677,migdal,2026-08-17 07:45:02.71,presentation,2026Q2,מצגת למשקיעים-רבעון 2 שנת 2026,htm,42,,rhtm/1763001-1764000/H1763677.htm,,
1763677,migdal,2026-08-17 07:45:02.71,presentation,2026Q2,מצגת למשקיעים-רבעון 2 שנת 2026,pdf1,915,20,rpdf/1763001-1764000/P1763677-00.pdf,data/sources/pdf/migdal/2026Q2/1763677_presentation.pdf,f8964d1c0515a84f3b41a90faa4a8ffb907ff2924a8e8783b15a83b117105255
1763684,migdal,2026-08-17 07:45:09.313,quarterly,2026Q2,דוח רבעון 2/חצי שנתי לשנת 2026,pdf1,5689,160,rpdf/1763001-1764000/P1763684-00.pdf,data/sources/pdf/migdal/2026Q2/1763684_quarterly.pdf,df98cbcc0f5d3eaf1c86f3f94c4e027f6653f370ec39d00e0db213160b3bb0b0
1763684,migdal,2026-08-17 07:45:09.313,quarterly,2026Q2,דוח רבעון 2/חצי שנתי לשנת 2026,htm,119,,rhtm/1763001-1764000/H1763684.htm,,
1763684,migdal,2026-08-17 07:45:09.313,quarterly,2026Q2,דוח רבעון 2/חצי שנתי לשנת 2026,xbrl,18,,xbrl/1763001-1764000/X1763684.xbrl,,
1763685,migdal,2026-08-17 07:45:10.247,liabilities,2026Q2,"מצבת התחייבות החברה ליום 30.6.26, לפי מועדי פרעון",htm,221,,rhtm/1763001-1764000/H1763685.htm,,
1219781,more,2019-03-25 18:00:25.623,annual,2018FY,דוח תקופתי ושנתי לשנת 2018,pdf1,7024,154,rpdf/1219001-1220000/P1219781-00.pdf,data/sources/pdf/more/2018FY/1219781_annual.pdf,c459093cefcbcc1dc8c3ac2badd24e461f21b0d888fbdb1747d3e97e124df61d
1219781,more,2019-03-25 18:00:25.623,annual,2018FY,דוח תקופתי ושנתי לשנת 2018,xbrl,20,,xbrl/1219001-1220000/X1219781.xbrl,,
1219788,more,2019-03-25 18:04:25.753,liabilities,2018FY,"מצבת התחייבות החברה ליום 31.12.18, לפי מועדי פרעון",htm,197,,rhtm/1219001-1220000/H1219788.htm,,
1219797,more,2019-03-25 18:40:24.48,presentation,2018FY,מצגת לשוק ההון - דוחות כספיים 2018,htm,40,,rhtm/1219001-1220000/H1219797.htm,,
1219797,more,2019-03-25 18:40:24.48,presentation,2018FY,מצגת לשוק ההון - דוחות כספיים 2018,pdf1,12387,19,rpdf/1219001-1220000/P1219797-00.pdf,data/sources/pdf/more/2018FY/1219797_presentation.pdf,5928077131db6f8d48e1a61091d8db3642934479e6d45104d5838568bca19297
1231896,more,2019-05-28 21:29:24.753,quarterly,2019Q1,דוח רבעון 1 לשנת 2019,pdf1,1696,48,rpdf/1231001-1232000/P1231896-00.pdf,data/sources/pdf/more/2019Q1/1231896_quarterly.pdf,c4c8da42146269941cb724e2c00ed5ee768151ab3a327990ca6e81b11482a48e
1231896,more,2019-05-28 21:29:24.753,quarterly,2019Q1,דוח רבעון 1 לשנת 2019,xbrl,18,,xbrl/1231001-1232000/X1231896.xbrl,,
1231898,more,2019-05-28 21:32:26.337,liabilities,2019Q1,"מצבת התחייבות החברה ליום 31.3.19, לפי מועדי פרעון",htm,197,,rhtm/1231001-1232000/H1231898.htm,,
1231900,more,2019-05-28 21:56:34.647,presentation,2019Q1,מצגת שוק ההון-מאי 2019,htm,40,,rhtm/1231001-1232000/H1231900.htm,,
1231900,more,2019-05-28 21:56:34.647,presentation,2019Q1,מצגת שוק ההון-מאי 2019,pdf1,3092,19,rpdf/1231001-1232000/P1231900-00.pdf,data/sources/pdf/more/2019Q1/1231900_presentation.pdf,f49703f0d077f4dd996f70a7386573785612a7ba098231098cc47426160f1b47
1248265,more,2019-08-15 19:02:22.05,quarterly,2019Q2,דוח רבעון 2 לשנת 2019,xbrl,18,,xbrl/1248001-1249000/X1248265.xbrl,,
1248265,more,2019-08-15 19:02:22.05,quarterly,2019Q2,דוח רבעון 2 לשנת 2019,htm,102,,rhtm/1248001-1249000/H1248265.htm,,
1248265,more,2019-08-15 19:02:22.05,quarterly,2019Q2,דוח רבעון 2 לשנת 2019,pdf1,2512,55,rpdf/1248001-1249000/P1248265-00.pdf,data/sources/pdf/more/2019Q2/1248265_quarterly.pdf,4b905753b5b9c117602299429b18b34e4c7732ebc8bdfebb7e3fa3f0097c681b
1248267,more,2019-08-15 19:10:16.457,liabilities,2019Q2,"מצבת התחייבות החברה ליום 30.6.19, לפי מועדי פרעון",htm,197,,rhtm/1248001-1249000/H1248267.htm,,
1248271,more,2019-08-15 19:39:21.75,presentation,2019Q2,"מצגת לשוק ההון, אוגוסט 2019",htm,40,,rhtm/1248001-1249000/H1248271.htm,,
1248271,more,2019-08-15 19:39:21.75,presentation,2019Q2,"מצגת לשוק ההון, אוגוסט 2019",pdf1,2454,18,rpdf/1248001-1249000/P1248271-00.pdf,data/sources/pdf/more/2019Q2/1248271_presentation.pdf,11a5e89f0a23cb07b1eb2a9c44da2b9c72d2f7846d1fdb8c874302b03e13415e
1264467,more,2019-11-24 20:20:21.31,quarterly,2019Q3,דוח רבעון 3 לשנת 2019,htm,101,,rhtm/1264001-1265000/H1264467.htm,,
1264467,more,2019-11-24 20:20:21.31,quarterly,2019Q3,דוח רבעון 3 לשנת 2019,pdf1,5331,72,rpdf/1264001-1265000/P1264467-00.pdf,data/sources/pdf/more/2019Q3/1264467_quarterly.pdf,d6785f17b3560b0053cfc7fe03c2fcc03b61b8bce88a695c3b73de815ab46305
1264467,more,2019-11-24 20:20:21.31,quarterly,2019Q3,דוח רבעון 3 לשנת 2019,xbrl,18,,xbrl/1264001-1265000/X1264467.xbrl,,
1264468,more,2019-11-24 20:20:22.137,liabilities,2019Q3,"מצבת התחייבות החברה ליום 30.9.19, לפי מועדי פרעון",htm,197,,rhtm/1264001-1265000/H1264468.htm,,
1264470,more,2019-11-24 20:45:24.77,presentation,2019Q3,מצגת שוק ההון-נובמבר 2019,htm,41,,rhtm/1264001-1265000/H1264470.htm,,
1264470,more,2019-11-24 20:45:24.77,presentation,2019Q3,מצגת שוק ההון-נובמבר 2019,pdf1,1349,18,rpdf/1264001-1265000/P1264470-00.pdf,data/sources/pdf/more/2019Q3/1264470_presentation.pdf,7ff08dbf76ad2eebd9db98c2fac255a13de5426ef73707b1615abe135389be9f
1287528,more,2020-03-30 19:17:28.683,annual,2019FY,דוח תקופתי ושנתי לשנת 2019,xbrl,19,,xbrl/1287001-1288000/X1287528.xbrl,,
1287528,more,2020-03-30 19:17:28.683,annual,2019FY,דוח תקופתי ושנתי לשנת 2019,pdf1,3994,181,rpdf/1287001-1288000/P1287528-00.pdf,data/sources/pdf/more/2019FY/1287528_annual.pdf,ecf6844a75c661cd8798fe2b939d7444620bae9e222736686c4bd065f40a9605
1287528,more,2020-03-30 19:17:28.683,annual,2019FY,דוח תקופתי ושנתי לשנת 2019,htm,106,,rhtm/1287001-1288000/H1287528.htm,,
1287530,more,2020-03-30 19:20:32.07,liabilities,2019FY,"מצבת התחייבות החברה ליום 31.12.19, לפי מועדי פרעון",htm,200,,rhtm/1287001-1288000/H1287530.htm,,
1287539,more,2020-03-30 19:52:19.673,presentation,2020FY,מצגת לשוק ההון- מרץ 2020,htm,44,,rhtm/1287001-1288000/H1287539.htm,,
1287539,more,2020-03-30 19:52:19.673,presentation,2020FY,מצגת לשוק ההון- מרץ 2020,pdf1,1068,19,rpdf/1287001-1288000/P1287539-00.pdf,data/sources/pdf/more/2020FY/1287539_presentation.pdf,e1117f532ed1e4f7b57fd8116ff784d9b9e5748403d177259bdcadd5c9ee3b1d
1298174,more,2020-05-27 19:32:29.9,quarterly,2020Q1,דוח רבעון 1 לשנת 2020,htm,106,,rhtm/1298001-1299000/H1298174.htm,,
1298174,more,2020-05-27 19:32:29.9,quarterly,2020Q1,דוח רבעון 1 לשנת 2020,pdf1,1099,51,rpdf/1298001-1299000/P1298174-00.pdf,data/sources/pdf/more/2020Q1/1298174_quarterly.pdf,d1e918178ea361899c2d8bbdc60a6dcf03f1bbef1ad48855d647bbd16aa8ad85
1298174,more,2020-05-27 19:32:29.9,quarterly,2020Q1,דוח רבעון 1 לשנת 2020,xbrl,18,,xbrl/1298001-1299000/X1298174.xbrl,,
1298177,more,2020-05-27 19:34:21.94,liabilities,2020Q1,"מצבת התחייבות החברה ליום 31.3.20, לפי מועדי פרעון",htm,201,,rhtm/1298001-1299000/H1298177.htm,,
1298178,more,2020-05-27 19:55:22.627,presentation,2020Q1,מצגת שוק ההון-מאי 2020,htm,43,,rhtm/1298001-1299000/H1298178.htm,,
1298178,more,2020-05-27 19:55:22.627,presentation,2020Q1,מצגת שוק ההון-מאי 2020,pdf1,1084,19,rpdf/1298001-1299000/P1298178-00.pdf,data/sources/pdf/more/2020Q1/1298178_presentation.pdf,f216c31c3a5091524cb4c330bb930d0b89801e328821b3e66108e26f43878675
1301203,more,2020-06-11 16:06:27.153,presentation,2020Q1,"מצגת שוק ההון לקראת הנפקת אג""ח להמרה- יוני 2020",pdf1,1210,16,rpdf/1301001-1302000/P1301203-00.pdf,data/sources/pdf/more/2020Q1/1301203_presentation.pdf,e2a2d2f69a0270b16559781f3efa967c2a4e98ca45ad123d93e11ceb566fc110
1301203,more,2020-06-11 16:06:27.153,presentation,2020Q1,"מצגת שוק ההון לקראת הנפקת אג""ח להמרה- יוני 2020",htm,43,,rhtm/1301001-1302000/H1301203.htm,,
1301226,more,2020-06-11 17:03:26.55,presentation,2020Q1,"מצגת שוק ההון לקראת הנפקת אג""ח להמרה -יוני 2020- תיקון טעות סופר",pdf1,1213,16,rpdf/1301001-1302000/P1301226-00.pdf,data/sources/pdf/more/2020Q1/1301226_presentation.pdf,8e5bb2ab36c418c02409ad9ea0f84a6357038e91d9499a15adfc3890eb4beae8
1301226,more,2020-06-11 17:03:26.55,presentation,2020Q1,"מצגת שוק ההון לקראת הנפקת אג""ח להמרה -יוני 2020- תיקון טעות סופר",htm,47,,rhtm/1301001-1302000/H1301226.htm,,
1316337,more,2020-08-20 19:05:27.26,quarterly,2020Q2,דוח רבעון 2 לשנת 2020,xbrl,18,,xbrl/1316001-1317000/X1316337.xbrl,,
1316337,more,2020-08-20 19:05:27.26,quarterly,2020Q2,דוח רבעון 2 לשנת 2020,pdf1,2499,56,rpdf/1316001-1317000/P1316337-00.pdf,data/sources/pdf/more/2020Q2/1316337_quarterly.pdf,84fb26629d601f1e35e2c5884f1626aab2327167442d4e12b2ca22eb9baff763
1316337,more,2020-08-20 19:05:27.26,quarterly,2020Q2,דוח רבעון 2 לשנת 2020,htm,100,,rhtm/1316001-1317000/H1316337.htm,,
1316338,more,2020-08-20 19:07:17.46,liabilities,2020Q2,"מצבת התחייבות החברה ליום 30.6.20, לפי מועדי פרעון",htm,199,,rhtm/1316001-1317000/H1316338.htm,,
1316350,more,2020-08-20 19:59:23.41,presentation,2020Q2,"מצגת שוק ההון, אוגוסט 2020",pdf1,1049,19,rpdf/1316001-1317000/P1316350-00.pdf,data/sources/pdf/more/2020Q2/1316350_presentation.pdf,84aecf94f42eafab0ff0f08c825a2b8146d0f44bd54a99a9b1b528f8adaab51c
1316350,more,2020-08-20 19:59:23.41,presentation,2020Q2,"מצגת שוק ההון, אוגוסט 2020",htm,41,,rhtm/1316001-1317000/H1316350.htm,,
1336145,more,2020-11-30 16:35:20.74,quarterly,2020Q3,דוח רבעון 3 לשנת 2020,xbrl,18,,xbrl/1336001-1337000/X1336145.xbrl,,
1336145,more,2020-11-30 16:35:20.74,quarterly,2020Q3,דוח רבעון 3 לשנת 2020,pdf1,2426,57,rpdf/1336001-1337000/P1336145-00.pdf,data/sources/pdf/more/2020Q3/1336145_quarterly.pdf,7678569351ed95604edb294df16967f77bfbda32660784f25c8436370c61bbfc
1336145,more,2020-11-30 16:35:20.74,quarterly,2020Q3,דוח רבעון 3 לשנת 2020,htm,106,,rhtm/1336001-1337000/H1336145.htm,,
1336146,more,2020-11-30 16:37:28.997,liabilities,2020Q3,"מצבת התחייבות החברה ליום 30.9.20, לפי מועדי פרעון",htm,199,,rhtm/1336001-1337000/H1336146.htm,,
1336153,more,2020-11-30 17:03:16.08,presentation,2020Q3,"מצגת לשוק ההון, נובמבר 2020",pdf1,1457,19,rpdf/1336001-1337000/P1336153-00.pdf,data/sources/pdf/more/2020Q3/1336153_presentation.pdf,889a7d30317c8594cc74928864ba48eff61983b3872f25689b52c3077235cdc1
1336153,more,2020-11-30 17:03:16.08,presentation,2020Q3,"מצגת לשוק ההון, נובמבר 2020",htm,42,,rhtm/1336001-1337000/H1336153.htm,,
1359960,more,2021-03-24 17:50:25.537,annual,2020FY,דוח תקופתי ושנתי לשנת 2020,htm,108,,rhtm/1359001-1360000/H1359960.htm,,
1359960,more,2021-03-24 17:50:25.537,annual,2020FY,דוח תקופתי ושנתי לשנת 2020,pdf1,4070,192,rpdf/1359001-1360000/P1359960-00.pdf,data/sources/pdf/more/2020FY/1359960_annual.pdf,282fe0acd2aca3346749d0dee87cd228a11daf1d480a835229164705409df76b
1359960,more,2021-03-24 17:50:25.537,annual,2020FY,דוח תקופתי ושנתי לשנת 2020,xbrl,19,,xbrl/1359001-1360000/X1359960.xbrl,,
1359961,more,2021-03-24 17:51:23.38,liabilities,2020FY,"מצבת התחייבות החברה ליום 31.12.20, לפי מועדי פרעון",htm,201,,rhtm/1359001-1360000/H1359961.htm,,
1359977,more,2021-03-24 18:27:24.463,presentation,2021FY,מצגת משקיעים - מרץ 2021,htm,42,,rhtm/1359001-1360000/H1359977.htm,,
1359977,more,2021-03-24 18:27:24.463,presentation,2021FY,מצגת משקיעים - מרץ 2021,pdf1,2920,33,rpdf/1359001-1360000/P1359977-00.pdf,data/sources/pdf/more/2021FY/1359977_presentation.pdf,e3296eeece2a4d5f3027ed415401ec73f4ca5e51b9dd598327285c2e5175992c
1373258,more,2021-05-30 16:28:26.153,quarterly,2021Q1,דוח רבעון 1 לשנת 2021,htm,107,,rhtm/1373001-1374000/H1373258.htm,,
1373258,more,2021-05-30 16:28:26.153,quarterly,2021Q1,דוח רבעון 1 לשנת 2021,pdf1,3163,49,rpdf/1373001-1374000/P1373258-00.pdf,data/sources/pdf/more/2021Q1/1373258_quarterly.pdf,b3d36ad2cc8e7582a3c8a4a1726575e3697f0daeea55b1f16fb8b06c71bd79e2
1373258,more,2021-05-30 16:28:26.153,quarterly,2021Q1,דוח רבעון 1 לשנת 2021,xbrl,18,,xbrl/1373001-1374000/X1373258.xbrl,,
1373259,more,2021-05-30 16:29:21.463,liabilities,2021Q1,"מצבת התחייבות החברה ליום 31.3.21, לפי מועדי פרעון",htm,198,,rhtm/1373001-1374000/H1373259.htm,,
1373277,more,2021-05-30 16:59:27.513,presentation,2021Q1,מצגת לשוק ההון-מאי 2021,htm,42,,rhtm/1373001-1374000/H1373277.htm,,
1373277,more,2021-05-30 16:59:27.513,presentation,2021Q1,מצגת לשוק ההון-מאי 2021,pdf1,2990,34,rpdf/1373001-1374000/P1373277-00.pdf,data/sources/pdf/more/2021Q1/1373277_presentation.pdf,06e3811ed1f98dece65bb33c9f5a6557eb19a9f188dc17cade247b35b4ffec72
1396087,more,2021-08-23 17:34:20.82,quarterly,2021Q2,דוח רבעון 2/חצי שנתי לשנת 2021,xbrl,18,,xbrl/1396001-1397000/X1396087.xbrl,,
1396087,more,2021-08-23 17:34:20.82,quarterly,2021Q2,דוח רבעון 2/חצי שנתי לשנת 2021,pdf1,3904,53,rpdf/1396001-1397000/P1396087-00.pdf,data/sources/pdf/more/2021Q2/1396087_quarterly.pdf,a1011d1dd0d83d61a1089c5454e414c9853c401ee220027007c182e61773ed12
1396087,more,2021-08-23 17:34:20.82,quarterly,2021Q2,דוח רבעון 2/חצי שנתי לשנת 2021,htm,100,,rhtm/1396001-1397000/H1396087.htm,,
1396090,more,2021-08-23 17:38:17.153,liabilities,2021Q2,"מצבת התחייבות החברה ליום 30.6.21, לפי מועדי פרעון",htm,198,,rhtm/1396001-1397000/H1396090.htm,,
1396098,more,2021-08-23 18:01:17.397,presentation,2021Q2,"מצגת לשוק ההון, רבעון 2 2021",pdf1,3082,35,rpdf/1396001-1397000/P1396098-00.pdf,data/sources/pdf/more/2021Q2/1396098_presentation.pdf,57edc51695693c1be515ae170a8ba55078667f2953c13262a72bc5949e446d03
1396098,more,2021-08-23 18:01:17.397,presentation,2021Q2,"מצגת לשוק ההון, רבעון 2 2021",htm,42,,rhtm/1396001-1397000/H1396098.htm,,
1414867,more,2021-11-29 19:52:17.637,quarterly,2021Q3,דוח רבעון 3 לשנת 2021,htm,100,,rhtm/1414001-1415000/H1414867.htm,,
1414867,more,2021-11-29 19:52:17.637,quarterly,2021Q3,דוח רבעון 3 לשנת 2021,pdf1,3191,59,rpdf/1414001-1415000/P1414867-00.pdf,data/sources/pdf/more/2021Q3/1414867_quarterly.pdf,90733048fc45f126de7dd25738a6bcbbd64e45bee9020600f1ebf35286c7b2a6
1414867,more,2021-11-29 19:52:17.637,quarterly,2021Q3,דוח רבעון 3 לשנת 2021,xbrl,18,,xbrl/1414001-1415000/X1414867.xbrl,,
1414868,more,2021-11-29 19:56:13.557,liabilities,2021Q3,"מצבת התחייבות החברה ליום 30.9.21, לפי מועדי פרעון",htm,198,,rhtm/1414001-1415000/H1414868.htm,,
1414871,more,2021-11-29 20:26:23.53,presentation,2021Q3,"מצגת לשוק ההון
",pdf1,3082,35,rpdf/1414001-1415000/P1414871-00.pdf,data/sources/pdf/more/2021Q3/1414871_presentation.pdf,57edc51695693c1be515ae170a8ba55078667f2953c13262a72bc5949e446d03
1414871,more,2021-11-29 20:26:23.53,presentation,2021Q3,"מצגת לשוק ההון
",htm,42,,rhtm/1414001-1415000/H1414871.htm,,
1414872,more,2021-11-29 20:37:16.57,presentation,2021Q3,מצגת שוק ההון - תיקון דוח-צורפה מצגת מרבעון קודם,pdf1,3363,35,rpdf/1414001-1415000/P1414872-00.pdf,data/sources/pdf/more/2021Q3/1414872_presentation.pdf,4202aaa601bbc185ae1725d7dca5886d4b418f36829b91d165791ed211a23891
1414872,more,2021-11-29 20:37:16.57,presentation,2021Q3,מצגת שוק ההון - תיקון דוח-צורפה מצגת מרבעון קודם,htm,45,,rhtm/1414001-1415000/H1414872.htm,,
1424668,more,2022-01-09 12:27:17.593,presentation,2022FY,"מצגת לשוק ההון, ינואר 2022",htm,42,,rhtm/1424001-1425000/H1424668.htm,,
1424668,more,2022-01-09 12:27:17.593,presentation,2022FY,"מצגת לשוק ההון, ינואר 2022",pdf1,4037,34,rpdf/1424001-1425000/P1424668-00.pdf,data/sources/pdf/more/2022FY/1424668_presentation.pdf,dc7dcd15b98ad4a060a64a656bbb4b345a898b6c5e021a508a974df7d969c38c
1440318,more,2022-03-29 21:27:27.343,annual,2021FY,דוח תקופתי ושנתי לשנת 2021,htm,101,,rhtm/1440001-1441000/H1440318.htm,,
1440318,more,2022-03-29 21:27:27.343,annual,2021FY,דוח תקופתי ושנתי לשנת 2021,pdf1,5222,212,rpdf/1440001-1441000/P1440318-00.pdf,data/sources/pdf/more/2021FY/1440318_annual.pdf,d925b3f318a48a50e8a8f91b70123c7026982f669d65f28a6e0cea23b8b91a68
1440318,more,2022-03-29 21:27:27.343,annual,2021FY,דוח תקופתי ושנתי לשנת 2021,xbrl,19,,xbrl/1440001-1441000/X1440318.xbrl,,
1440319,more,2022-03-29 21:28:21.813,liabilities,2021FY,"מצבת התחייבות החברה ליום 31.12.21, לפי מועדי פרעון",htm,198,,rhtm/1440001-1441000/H1440319.htm,,
1440321,more,2022-03-29 21:52:14.43,presentation,2022FY,מצגת שוק ההון | מרץ 2022,htm,42,,rhtm/1440001-1441000/H1440321.htm,,
1440321,more,2022-03-29 21:52:14.43,presentation,2022FY,מצגת שוק ההון | מרץ 2022,pdf1,3127,32,rpdf/1440001-1441000/P1440321-00.pdf,data/sources/pdf/more/2022FY/1440321_presentation.pdf,f09d02a30ce315b0fa2c3027a3dc12a1a43bf46102b692262c98cfc48b742646
1452990,more,2022-05-29 19:57:24.793,quarterly,2022Q1,דוח רבעון 1 לשנת 2022,htm,100,,rhtm/1452001-1453000/H1452990.htm,,
1452990,more,2022-05-29 19:57:24.793,quarterly,2022Q1,דוח רבעון 1 לשנת 2022,pdf1,7579,48,rpdf/1452001-1453000/P1452990-00.pdf,data/sources/pdf/more/2022Q1/1452990_quarterly.pdf,7b5dc94093c40def13f5e61c37a1b92a71897d1f5efaa1fbf744622ade493eab
1452990,more,2022-05-29 19:57:24.793,quarterly,2022Q1,דוח רבעון 1 לשנת 2022,xbrl,18,,xbrl/1452001-1453000/X1452990.xbrl,,
1452991,more,2022-05-29 20:01:19.837,liabilities,2022Q1,"מצבת התחייבות החברה ליום 31.3.22, לפי מועדי פרעון",htm,198,,rhtm/1452001-1453000/H1452991.htm,,
1452997,more,2022-05-29 20:29:22.153,presentation,2022Q1,"מצגת לשוק ההון, מאי 2022",htm,42,,rhtm/1452001-1453000/H1452997.htm,,
1452997,more,2022-05-29 20:29:22.153,presentation,2022Q1,"מצגת לשוק ההון, מאי 2022",pdf1,3855,31,rpdf/1452001-1453000/P1452997-00.pdf,data/sources/pdf/more/2022Q1/1452997_presentation.pdf,0f04c06f37767bb03a045614d5458cbfd13b0ed7463fa46fe28bf644975405d9
1472169,more,2022-08-22 19:12:18.17,quarterly,2022Q2,דוח רבעון 2/חצי שנתי לשנת 2022,pdf1,6618,55,rpdf/1472001-1473000/P1472169-00.pdf,data/sources/pdf/more/2022Q2/1472169_quarterly.pdf,1d145f53a8b097f90f9c0ba21b316aa5eb8acf690b01715c1903d87db718e150
1472169,more,2022-08-22 19:12:18.17,quarterly,2022Q2,דוח רבעון 2/חצי שנתי לשנת 2022,htm,103,,rhtm/1472001-1473000/H1472169.htm,,
1472169,more,2022-08-22 19:12:18.17,quarterly,2022Q2,דוח רבעון 2/חצי שנתי לשנת 2022,xbrl,20,,xbrl/1472001-1473000/X1472169.xbrl,,
1472172,more,2022-08-22 19:13:31.357,liabilities,2022Q2,"מצבת התחייבות החברה ליום 30.6.22, לפי מועדי פרעון",htm,200,,rhtm/1472001-1473000/H1472172.htm,,
1472177,more,2022-08-22 19:36:30.11,presentation,2022Q2,מצגת לשוק ההון -אוגוסט 2022,htm,44,,rhtm/1472001-1473000/H1472177.htm,,
1472177,more,2022-08-22 19:36:30.11,presentation,2022Q2,מצגת לשוק ההון -אוגוסט 2022,pdf1,3528,28,rpdf/1472001-1473000/P1472177-00.pdf,data/sources/pdf/more/2022Q2/1472177_presentation.pdf,7624f9d13e3ad8d05116e1045be9bbc124392e36ddb92f49681b06d21aa1fa1f
1490006,more,2022-11-30 18:03:27.113,quarterly,2022Q3,דוח רבעון 3 לשנת 2022,htm,109,,rhtm/1490001-1491000/H1490006.htm,,
1490006,more,2022-11-30 18:03:27.113,quarterly,2022Q3,דוח רבעון 3 לשנת 2022,pdf1,4214,60,rpdf/1490001-1491000/P1490006-00.pdf,data/sources/pdf/more/2022Q3/1490006_quarterly.pdf,00bfaf6009e6ed4fb8e8cd1871441db412a8305cfced44e6027a964d53517b05
1490006,more,2022-11-30 18:03:27.113,quarterly,2022Q3,דוח רבעון 3 לשנת 2022,xbrl,20,,xbrl/1490001-1491000/X1490006.xbrl,,
1490012,more,2022-11-30 18:11:19.903,liabilities,2022Q3,"מצבת התחייבות החברה ליום 30.9.22, לפי מועדי פרעון",htm,201,,rhtm/1490001-1491000/H1490012.htm,,
1490022,more,2022-11-30 18:43:30.913,presentation,2022Q3,"מצגת לשוק ההון, נובמבר 2022",pdf1,4120,28,rpdf/1490001-1491000/P1490022-00.pdf,data/sources/pdf/more/2022Q3/1490022_presentation.pdf,e1aad51e04b50e24086e2e7b14d5b875e86bd7b3e1cbfcb5d0fe7982f826b30a
1490022,more,2022-11-30 18:43:30.913,presentation,2022Q3,"מצגת לשוק ההון, נובמבר 2022",htm,44,,rhtm/1490001-1491000/H1490022.htm,,
1514728,more,2023-03-30 00:04:23.803,annual,2022FY,דוח תקופתי ושנתי לשנת 2022,htm,109,,rhtm/1514001-1515000/H1514728.htm,,
1514728,more,2023-03-30 00:04:23.803,annual,2022FY,דוח תקופתי ושנתי לשנת 2022,pdf1,7197,243,rpdf/1514001-1515000/P1514728-00.pdf,data/sources/pdf/more/2022FY/1514728_annual.pdf,30eca111a7f881e0cd1058543d9d4ce3599a5b98af4106bc5622d2a56146159b
1514728,more,2023-03-30 00:04:23.803,annual,2022FY,דוח תקופתי ושנתי לשנת 2022,xbrl,21,,xbrl/1514001-1515000/X1514728.xbrl,,
1514729,more,2023-03-30 00:05:18.66,liabilities,2022FY,"מצבת התחייבות החברה ליום 31.12.22, לפי מועדי פרעון",htm,224,,rhtm/1514001-1515000/H1514729.htm,,
1514730,more,2023-03-30 00:30:18.76,presentation,2022FY,מצגת שוק ההון,htm,44,,rhtm/1514001-1515000/H1514730.htm,,
1514730,more,2023-03-30 00:30:18.76,presentation,2022FY,מצגת שוק ההון,pdf1,4229,29,rpdf/1514001-1515000/P1514730-00.pdf,data/sources/pdf/more/2022FY/1514730_presentation.pdf,ab0784f3f8d9430d20bd0ba139b188f2f8685e6e172f779ddb3ab25598109fa1
1525776,more,2023-05-31 19:18:28.45,quarterly,2023Q1,דוח רבעון 1 לשנת 2023,htm,108,,rhtm/1525001-1526000/H1525776.htm,,
1525776,more,2023-05-31 19:18:28.45,quarterly,2023Q1,דוח רבעון 1 לשנת 2023,pdf1,7545,48,rpdf/1525001-1526000/P1525776-00.pdf,data/sources/pdf/more/2023Q1/1525776_quarterly.pdf,f88ca607f2368d724be1b2a9fa9a5160cf99d196ece467792b6a32ba165b241e
1525776,more,2023-05-31 19:18:28.45,quarterly,2023Q1,דוח רבעון 1 לשנת 2023,xbrl,20,,xbrl/1525001-1526000/X1525776.xbrl,,
1525777,more,2023-05-31 19:20:17.203,liabilities,2023Q1,"מצבת התחייבות החברה ליום 31.3.23, לפי מועדי פרעון",htm,224,,rhtm/1525001-1526000/H1525777.htm,,
1525782,more,2023-05-31 19:42:19.37,presentation,2023Q1,מצגת שוק ההון לרבעון 1 לשנת 2023,htm,42,,rhtm/1525001-1526000/H1525782.htm,,
1525782,more,2023-05-31 19:42:19.37,presentation,2023Q1,מצגת שוק ההון לרבעון 1 לשנת 2023,pdf1,4267,30,rpdf/1525001-1526000/P1525782-00.pdf,data/sources/pdf/more/2023Q1/1525782_presentation.pdf,d871a290fffac2300d381b5cd6a33eeabd2941c36cbcec1a4808f35967ca4c5b
1542208,more,2023-08-20 21:06:28.51,quarterly,2023Q2,דוח רבעון 2/חצי שנתי לשנת 2023,htm,107,,rhtm/1542001-1543000/H1542208.htm,,
1542208,more,2023-08-20 21:06:28.51,quarterly,2023Q2,דוח רבעון 2/חצי שנתי לשנת 2023,pdf1,6140,57,rpdf/1542001-1543000/P1542208-00.pdf,data/sources/pdf/more/2023Q2/1542208_quarterly.pdf,375924e1bb918430fe3ed1c7a466c89cf9a5c3ce68b061f04db2317fbc2b4b8f
1542208,more,2023-08-20 21:06:28.51,quarterly,2023Q2,דוח רבעון 2/חצי שנתי לשנת 2023,xbrl,20,,xbrl/1542001-1543000/X1542208.xbrl,,
1542209,more,2023-08-20 21:09:29.85,liabilities,2023Q2,"מצבת התחייבות החברה ליום 30.6.23, לפי מועדי פרעון",htm,224,,rhtm/1542001-1543000/H1542209.htm,,
1542210,more,2023-08-20 21:29:20.123,presentation,2023Q2,מצגת שוק ההון לרבעון 2 לשנת 2023,htm,42,,rhtm/1542001-1543000/H1542210.htm,,
1542210,more,2023-08-20 21:29:20.123,presentation,2023Q2,מצגת שוק ההון לרבעון 2 לשנת 2023,pdf1,4063,31,rpdf/1542001-1543000/P1542210-00.pdf,data/sources/pdf/more/2023Q2/1542210_presentation.pdf,9ad0ed39bdf74079f70cd9db244845cf6420ff1787a92853ffe738aa108140e5
1560756,more,2023-11-29 18:00:14.93,quarterly,2023Q3,דוח רבעון 3 לשנת 2023,htm,108,,rhtm/1560001-1561000/H1560756.htm,,
1560756,more,2023-11-29 18:00:14.93,quarterly,2023Q3,דוח רבעון 3 לשנת 2023,pdf1,6044,61,rpdf/1560001-1561000/P1560756-00.pdf,data/sources/pdf/more/2023Q3/1560756_quarterly.pdf,32f1184a50a70f9b5aacea0c9c39eddd5308ca0481547281832e0d651a26179b
1560756,more,2023-11-29 18:00:14.93,quarterly,2023Q3,דוח רבעון 3 לשנת 2023,xbrl,20,,xbrl/1560001-1561000/X1560756.xbrl,,
1560758,more,2023-11-29 18:02:15.757,liabilities,2023Q3,"מצבת התחייבות החברה ליום 30.9.23, לפי מועדי פרעון",htm,225,,rhtm/1560001-1561000/H1560758.htm,,
1560760,more,2023-11-29 18:27:12.93,presentation,2023Q3,מצגת לשוק ההון לרבעון 3 לשנת 2023,pdf1,4152,32,rpdf/1560001-1561000/P1560760-00.pdf,data/sources/pdf/more/2023Q3/1560760_presentation.pdf,116518e4370d9d12eac5f397cabe210ef7f3d74b851f16fc906af5fa8f8438ef
1560760,more,2023-11-29 18:27:12.93,presentation,2023Q3,מצגת לשוק ההון לרבעון 3 לשנת 2023,htm,42,,rhtm/1560001-1561000/H1560760.htm,,
1582826,more,2024-03-27 23:19:12.417,annual,2023FY,דוח תקופתי ושנתי לשנת 2023,htm,110,,rhtm/1582001-1583000/H1582826.htm,,
1582826,more,2024-03-27 23:19:12.417,annual,2023FY,דוח תקופתי ושנתי לשנת 2023,pdf1,9257,264,rpdf/1582001-1583000/P1582826-00.pdf,data/sources/pdf/more/2023FY/1582826_annual.pdf,5d0eafa6a3c98af3983ce7299374797038e1d348d92d1936c1e8a3a409796a2d
1582826,more,2024-03-27 23:19:12.417,annual,2023FY,דוח תקופתי ושנתי לשנת 2023,xbrl,21,,xbrl/1582001-1583000/X1582826.xbrl,,
1582827,more,2024-03-27 23:21:13.003,liabilities,2023FY,"מצבת התחייבות החברה ליום 31.12.23, לפי מועדי פרעון",htm,225,,rhtm/1582001-1583000/H1582827.htm,,
1582828,more,2024-03-27 23:41:14.393,presentation,2024FY,מצגת שוק ההון-מרץ 2024,htm,42,,rhtm/1582001-1583000/H1582828.htm,,
1582828,more,2024-03-27 23:41:14.393,presentation,2024FY,מצגת שוק ההון-מרץ 2024,pdf1,4808,33,rpdf/1582001-1583000/P1582828-00.pdf,data/sources/pdf/more/2024FY/1582828_presentation.pdf,089f6cd1c18f17c69e9d6b8e550061bc1324c5e8bbec14535a6568337fff9964
1595525,more,2024-05-29 17:31:13.423,quarterly,2024Q1,דוח רבעון 1 לשנת 2024,htm,108,,rhtm/1595001-1596000/H1595525.htm,,
1595525,more,2024-05-29 17:31:13.423,quarterly,2024Q1,דוח רבעון 1 לשנת 2024,pdf1,1480,57,rpdf/1595001-1596000/P1595525-00.pdf,data/sources/pdf/more/2024Q1/1595525_quarterly.pdf,da50776255355f53fc0a7d87d98253337bf9cf4f37a18478ca0667334cd991e8
1595525,more,2024-05-29 17:31:13.423,quarterly,2024Q1,דוח רבעון 1 לשנת 2024,xbrl,20,,xbrl/1595001-1596000/X1595525.xbrl,,
1595526,more,2024-05-29 17:32:14.027,liabilities,2024Q1,"מצבת התחייבות החברה ליום 31.3.24, לפי מועדי פרעון",htm,225,,rhtm/1595001-1596000/H1595526.htm,,
1595527,more,2024-05-29 17:52:12.873,presentation,2024Q1,מצגת שוק ההון - סיכום רבעון 1 לשנת 2024,htm,43,,rhtm/1595001-1596000/H1595527.htm,,
1595527,more,2024-05-29 17:52:12.873,presentation,2024Q1,מצגת שוק ההון - סיכום רבעון 1 לשנת 2024,pdf1,3962,32,rpdf/1595001-1596000/P1595527-00.pdf,data/sources/pdf/more/2024Q1/1595527_presentation.pdf,9c8312ed8242d95f71c3f7d4b3cedbcd0cb124f436db215505377c9a341f3e84
1612109,more,2024-08-20 18:17:11.807,quarterly,2024Q2,דוח רבעון 2/חצי שנתי לשנת 2024,xbrl,20,,xbrl/1612001-1613000/X1612109.xbrl,,
1612109,more,2024-08-20 18:17:11.807,quarterly,2024Q2,דוח רבעון 2/חצי שנתי לשנת 2024,pdf1,1608,67,rpdf/1612001-1613000/P1612109-00.pdf,data/sources/pdf/more/2024Q2/1612109_quarterly.pdf,9a62a27764664629bd9864c32d86d14cf2a5633d9a9c5acb820c9137b53c3710
1612109,more,2024-08-20 18:17:11.807,quarterly,2024Q2,דוח רבעון 2/חצי שנתי לשנת 2024,htm,116,,rhtm/1612001-1613000/H1612109.htm,,
1612110,more,2024-08-20 18:19:12.89,liabilities,2024Q2,"מצבת התחייבות החברה ליום 30.6.24, לפי מועדי פרעון",htm,225,,rhtm/1612001-1613000/H1612110.htm,,
1612113,more,2024-08-20 18:40:11.703,presentation,2024Q2,מצגת שוק ההון-סיכום רבעון 2 לשנת 2024,htm,42,,rhtm/1612001-1613000/H1612113.htm,,
1612113,more,2024-08-20 18:40:11.703,presentation,2024Q2,מצגת שוק ההון-סיכום רבעון 2 לשנת 2024,pdf1,3928,32,rpdf/1612001-1613000/P1612113-00.pdf,data/sources/pdf/more/2024Q2/1612113_presentation.pdf,d65366eb287772cec5338ff0ae94f9453cb566f8c208e838fc3bc399c449c09c
1629324,more,2024-11-26 15:49:12.927,quarterly,2024Q3,דוח רבעון 3 לשנת 2024,htm,116,,rhtm/1629001-1630000/H1629324.htm,,
1629324,more,2024-11-26 15:49:12.927,quarterly,2024Q3,דוח רבעון 3 לשנת 2024,pdf1,2753,76,rpdf/1629001-1630000/P1629324-00.pdf,data/sources/pdf/more/2024Q3/1629324_quarterly.pdf,e3a3c577bcaabf01a54984709e93a7eddae987983ab4f9a7fea318456c0f94a1
1629324,more,2024-11-26 15:49:12.927,quarterly,2024Q3,דוח רבעון 3 לשנת 2024,xbrl,20,,xbrl/1629001-1630000/X1629324.xbrl,,
1629327,more,2024-11-26 15:54:14.847,liabilities,2024Q3,"מצבת התחייבות החברה ליום 30.9.24, לפי מועדי פרעון",htm,225,,rhtm/1629001-1630000/H1629327.htm,,
1629328,more,2024-11-26 16:18:14.977,presentation,2024Q3,מצגת שוק ההון- סיכום רבעון 3 לשנת 2024,pdf1,3744,32,rpdf/1629001-1630000/P1629328-00.pdf,data/sources/pdf/more/2024Q3/1629328_presentation.pdf,d8369037fb379b7097b1695523b9e17db438c42ea83fa615b06bac6d2ba05af1
1629328,more,2024-11-26 16:18:14.977,presentation,2024Q3,מצגת שוק ההון- סיכום רבעון 3 לשנת 2024,htm,42,,rhtm/1629001-1630000/H1629328.htm,,
1654188,more,2025-03-26 22:10:04.107,annual,2024FY,דוח תקופתי ושנתי לשנת 2024,pdf1,4496,282,rpdf/1654001-1655000/P1654188-00.pdf,data/sources/pdf/more/2024FY/1654188_annual.pdf,f76ad53244bbd6f5a41c1b303943a1f0e6de9fae771776335ccc99f31e801217
1654188,more,2025-03-26 22:10:04.107,annual,2024FY,דוח תקופתי ושנתי לשנת 2024,xbrl,21,,xbrl/1654001-1655000/X1654188.xbrl,,
1654188,more,2025-03-26 22:10:04.107,annual,2024FY,דוח תקופתי ושנתי לשנת 2024,htm,120,,rhtm/1654001-1655000/H1654188.htm,,
1654189,more,2025-03-26 22:12:01.477,liabilities,2024FY,"מצבת התחייבות החברה ליום 31.12.24, לפי מועדי פרעון",htm,223,,rhtm/1654001-1655000/H1654189.htm,,
1654191,more,2025-03-26 22:34:59.39,presentation,2024FY,מצגת שוק ההון-סיכום שנת 2024,htm,42,,rhtm/1654001-1655000/H1654191.htm,,
1654191,more,2025-03-26 22:34:59.39,presentation,2024FY,מצגת שוק ההון-סיכום שנת 2024,pdf1,2931,29,rpdf/1654001-1655000/P1654191-00.pdf,data/sources/pdf/more/2024FY/1654191_presentation.pdf,3decf4999705e50be3b294354eb9b48d499bdb52be3a7b4031dd8fcc12462d00
1667456,more,2025-05-27 17:36:03.297,quarterly,2025Q1,דוח רבעון 1 לשנת 2025,htm,119,,rhtm/1667001-1668000/H1667456.htm,,
1667456,more,2025-05-27 17:36:03.297,quarterly,2025Q1,דוח רבעון 1 לשנת 2025,pdf1,3007,60,rpdf/1667001-1668000/P1667456-00.pdf,data/sources/pdf/more/2025Q1/1667456_quarterly.pdf,41f113feba318be6fb06339f47021ea370ce2573eb5b306c0fb2ef9eb69d198b
1667456,more,2025-05-27 17:36:03.297,quarterly,2025Q1,דוח רבעון 1 לשנת 2025,xbrl,20,,xbrl/1667001-1668000/X1667456.xbrl,,
1667458,more,2025-05-27 17:37:59.617,liabilities,2025Q1,"מצבת התחייבות החברה ליום 31.3.25, לפי מועדי פרעון",htm,223,,rhtm/1667001-1668000/H1667458.htm,,
1667466,more,2025-05-27 18:01:03.543,presentation,2025Q1,מצגת שוק ההון -סיכום רבעון 1 לשנת 2025,htm,43,,rhtm/1667001-1668000/H1667466.htm,,
1667466,more,2025-05-27 18:01:03.543,presentation,2025Q1,מצגת שוק ההון -סיכום רבעון 1 לשנת 2025,pdf1,3000,29,rpdf/1667001-1668000/P1667466-00.pdf,data/sources/pdf/more/2025Q1/1667466_presentation.pdf,e3bddf6dbf4fc1ed775f9a7068ae8afb98e860f873dedf3b76e29fb859fbadb7
1675605,more,2025-07-01 17:31:24.193,presentation,2025Q2,הודעת מור גמל ופנסיה(בת)-עדכון תחזית רווח ופרסום מצגת משקיעים לשוק ההון,pdf1,1323,21,rpdf/1675001-1676000/P1675605-00.pdf,data/sources/pdf/more/2025Q2/1675605_presentation.pdf,beff365dbd3fd695fb1b1aab278b9daf41f2fdfba99eb3237027e9f5e6be3826
1675605,more,2025-07-01 17:31:24.193,presentation,2025Q2,הודעת מור גמל ופנסיה(בת)-עדכון תחזית רווח ופרסום מצגת משקיעים לשוק ההון,htm,46,,rhtm/1675001-1676000/H1675605.htm,,
1686622,more,2025-08-19 17:27:02.07,quarterly,2025Q2,דוח רבעון 2/חצי שנתי לשנת 2025,htm,119,,rhtm/1686001-1687000/H1686622.htm,,
1686622,more,2025-08-19 17:27:02.07,quarterly,2025Q2,דוח רבעון 2/חצי שנתי לשנת 2025,pdf1,1849,68,rpdf/1686001-1687000/P1686622-00.pdf,data/sources/pdf/more/2025Q2/1686622_quarterly.pdf,567e4b8c4424ee940ac9da2c87e394996ae2ffc11c5c8fa68c69ad2583933019
1686622,more,2025-08-19 17:27:02.07,quarterly,2025Q2,דוח רבעון 2/חצי שנתי לשנת 2025,xbrl,20,,xbrl/1686001-1687000/X1686622.xbrl,,
1686624,more,2025-08-19 17:28:02.74,liabilities,2025Q2,"מצבת התחייבות החברה ליום 30.6.25, לפי מועדי פרעון",htm,222,,rhtm/1686001-1687000/H1686624.htm,,
1686627,more,2025-08-19 17:49:02.84,presentation,2025Q2,מצגת שוק ההון-סיכום רבעון 2 לשנת 2025,htm,43,,rhtm/1686001-1687000/H1686627.htm,,
1686627,more,2025-08-19 17:49:02.84,presentation,2025Q2,מצגת שוק ההון-סיכום רבעון 2 לשנת 2025,pdf1,3100,30,rpdf/1686001-1687000/P1686627-00.pdf,data/sources/pdf/more/2025Q2/1686627_presentation.pdf,2299e6ef4764ec13ef0b475482bb8463edc16c9b55135156136a2bbc7f1580b4
1696762,more,2025-10-15 09:24:03.227,presentation,2025Q3,"מצגת לשוק ההון - עדכון לקראת הנפקת אג""ח עם אופציות למניות",pdf1,535,16,rpdf/1696001-1697000/P1696762-00.pdf,data/sources/pdf/more/2025Q3/1696762_presentation.pdf,1c5f0c84d40a75fdc206aa83c8d5047d0b4a1428718bc5e5b2fad42ccd3239e8
1696762,more,2025-10-15 09:24:03.227,presentation,2025Q3,"מצגת לשוק ההון - עדכון לקראת הנפקת אג""ח עם אופציות למניות",htm,43,,rhtm/1696001-1697000/H1696762.htm,,
1704015,more,2025-11-20 15:06:14.373,subsidiary,2025Q3,דוח חב בת/מוחזקת-מור גמל ופנסיה - רבעון 3 לשנת 2025,edit,78,,reports/1704001-1705000/E1704015.pdf,,
1706770,more,2025-11-30 17:57:00.86,quarterly,2025Q3,דוח רבעון 3 לשנת 2025,xbrl,20,,xbrl/1706001-1707000/X1706770.xbrl,,
1706770,more,2025-11-30 17:57:00.86,quarterly,2025Q3,דוח רבעון 3 לשנת 2025,pdf1,1977,75,rpdf/1706001-1707000/P1706770-00.pdf,data/sources/pdf/more/2025Q3/1706770_quarterly.pdf,f5acaa125c69f0802d4f819c4c51501ee023dfb2293baec330245e4ab029043e
1706770,more,2025-11-30 17:57:00.86,quarterly,2025Q3,דוח רבעון 3 לשנת 2025,htm,119,,rhtm/1706001-1707000/H1706770.htm,,
1706772,more,2025-11-30 17:59:02.163,liabilities,2025Q3,"מצבת התחייבות החברה ליום 30.9.25, לפי מועדי פרעון",htm,222,,rhtm/1706001-1707000/H1706772.htm,,
1706779,more,2025-11-30 18:23:02.75,presentation,2025Q3,מצגת שוק ההון-סיכום רבעון 3 לשנת 2025,pdf1,3143,30,rpdf/1706001-1707000/P1706779-00.pdf,data/sources/pdf/more/2025Q3/1706779_presentation.pdf,ac3cc45f101c2fd190563efdcdd07a4456ff4902eba8b727a2db033a0478ce0d
1706779,more,2025-11-30 18:23:02.75,presentation,2025Q3,מצגת שוק ההון-סיכום רבעון 3 לשנת 2025,htm,43,,rhtm/1706001-1707000/H1706779.htm,,
1730541,more,2026-03-24 23:42:07.787,annual,2025FY,דוח תקופתי ושנתי לשנת 2025,htm,121,,rhtm/1730001-1731000/H1730541.htm,,
1730541,more,2026-03-24 23:42:07.787,annual,2025FY,דוח תקופתי ושנתי לשנת 2025,pdf1,4551,285,rpdf/1730001-1731000/P1730541-00.pdf,data/sources/pdf/more/2025FY/1730541_annual.pdf,352fb220197333f11d7eeb399978f120f8f93f01aa24a2c18c33140064309e7d
1730541,more,2026-03-24 23:42:07.787,annual,2025FY,דוח תקופתי ושנתי לשנת 2025,xbrl,21,,xbrl/1730001-1731000/X1730541.xbrl,,
1730542,more,2026-03-24 23:44:03.88,liabilities,2025FY,"מצבת התחייבות החברה ליום 31.12.25, לפי מועדי פרעון",htm,223,,rhtm/1730001-1731000/H1730542.htm,,
1730545,more,2026-03-25 00:11:04.927,presentation,2025FY,מצגת שוק ההון | סיכום שנת 2025,pdf1,2789,28,rpdf/1730001-1731000/P1730545-00.pdf,data/sources/pdf/more/2025FY/1730545_presentation.pdf,0e54c0f70524253f4de00db063e53429b37cdefdf9ac17532ae1c4c5ce541f7f
1730545,more,2026-03-25 00:11:04.927,presentation,2025FY,מצגת שוק ההון | סיכום שנת 2025,htm,42,,rhtm/1730001-1731000/H1730545.htm,,
1743785,more,2026-05-26 21:01:04.507,quarterly,2026Q1,דוח רבעון 1 לשנת 2026,xbrl,20,,xbrl/1743001-1744000/X1743785.xbrl,,
1743785,more,2026-05-26 21:01:04.507,quarterly,2026Q1,דוח רבעון 1 לשנת 2026,pdf1,2053,64,rpdf/1743001-1744000/P1743785-00.pdf,data/sources/pdf/more/2026Q1/1743785_quarterly.pdf,5ec63fff5ac40f99b1c57c07f9d1068458b8451824c96ed454c9c68ef392213d
1743785,more,2026-05-26 21:01:04.507,quarterly,2026Q1,דוח רבעון 1 לשנת 2026,htm,119,,rhtm/1743001-1744000/H1743785.htm,,
1743786,more,2026-05-26 21:04:03.56,liabilities,2026Q1,"מצבת התחייבות החברה ליום 31.3.26, לפי מועדי פרעון",htm,222,,rhtm/1743001-1744000/H1743786.htm,,
1743789,more,2026-05-26 21:37:04.01,presentation,2026Q1,מצגת שוק ההון | סיכום רבעון 1 לשנת 2026,pdf1,1863,28,rpdf/1743001-1744000/P1743789-00.pdf,data/sources/pdf/more/2026Q1/1743789_presentation.pdf,1d696e8c46a19e9c1a6338eef131c065a37c47c2cde94d8eebf8c89201e51ae0
1743789,more,2026-05-26 21:37:04.01,presentation,2026Q1,מצגת שוק ההון | סיכום רבעון 1 לשנת 2026,htm,42,,rhtm/1743001-1744000/H1743789.htm,,
1754225,more,2026-07-06 11:38:03.863,presentation,2026Q2,מצגת חברה באנגלית,htm,42,,rhtm/1754001-1755000/H1754225.htm,,
1754225,more,2026-07-06 11:38:03.863,presentation,2026Q2,מצגת חברה באנגלית,pdf1,2182,29,rpdf/1754001-1755000/P1754225-00.pdf,data/sources/pdf/more/2026Q2/1754225_presentation.pdf,60a8fca79405c19acb6b4f1ff9a78355b0f8ce412bb48321689d16b9c536467c
1764286,more,2026-08-18 21:37:04.907,quarterly,2026Q2,דוח רבעון 2/חצי שנתי לשנת 2026,htm,119,,rhtm/1764001-1765000/H1764286.htm,,
1764286,more,2026-08-18 21:37:04.907,quarterly,2026Q2,דוח רבעון 2/חצי שנתי לשנת 2026,pdf1,2148,68,rpdf/1764001-1765000/P1764286-00.pdf,data/sources/pdf/more/2026Q2/1764286_quarterly.pdf,cdb50297a4ac22da7c96460735207f59992910e225d24b453b98db9c0f2a5214
1764286,more,2026-08-18 21:37:04.907,quarterly,2026Q2,דוח רבעון 2/חצי שנתי לשנת 2026,xbrl,20,,xbrl/1764001-1765000/X1764286.xbrl,,
1764288,more,2026-08-18 21:39:07.36,liabilities,2026Q2,"מצבת התחייבות החברה ליום 30.6.26, לפי מועדי פרעון",htm,222,,rhtm/1764001-1765000/H1764288.htm,,
1764295,more,2026-08-18 22:14:05.36,presentation,2026Q2,מצגת שוק ההון - סיכום רבעון 2 לשנת 2026,pdf1,1740,28,rpdf/1764001-1765000/P1764295-00.pdf,data/sources/pdf/more/2026Q2/1764295_presentation.pdf,afae696d578c8e7d164e5a6cd77a322f05f440ddce6b17399c6d29a31f145da7
1764295,more,2026-08-18 22:14:05.36,presentation,2026Q2,מצגת שוק ההון - סיכום רבעון 2 לשנת 2026,htm,42,,rhtm/1764001-1765000/H1764295.htm,,
1764489,more,2026-08-19 12:08:00.623,presentation,2026Q2,מצגת שוק ההון -סיכום רבעון 2 לשנת 2026 -אנגלית,pdf1,1903,28,rpdf/1764001-1765000/P1764489-00.pdf,data/sources/pdf/more/2026Q2/1764489_presentation.pdf,271c05fb00798c9ba6797bca9b6ef93d66f77eb0bfd40629afe55303c2fb3047
1764489,more,2026-08-19 12:08:00.623,presentation,2026Q2,מצגת שוק ההון -סיכום רבעון 2 לשנת 2026 -אנגלית,htm,42,,rhtm/1764001-1765000/H1764489.htm,,
1426784,more_gemel,2022-01-20 09:34:16.267,presentation,2022FY,מצגת לשוק ההון - ינואר 2022,htm,42,,rhtm/1426001-1427000/H1426784.htm,,
1426784,more_gemel,2022-01-20 09:34:16.267,presentation,2022FY,מצגת לשוק ההון - ינואר 2022,pdf1,2973,30,rpdf/1426001-1427000/P1426784-00.pdf,data/sources/pdf/more_gemel/2022FY/1426784_presentation.pdf,f44915b579a558730ee98ab78d8c64791ee1113f8696e5796645eba8e44d9398
1430769,more_gemel,2022-02-13 09:58:24.33,presentation,2022FY,מצגת לשוק ההון-פברואר 2022,pdf1,2969,30,rpdf/1430001-1431000/P1430769-00.pdf,data/sources/pdf/more_gemel/2022FY/1430769_presentation.pdf,d33496c3d1a5b45e980bedf52144540db0935fd0ad6ec11809b90399a7c7511b
1430769,more_gemel,2022-02-13 09:58:24.33,presentation,2022FY,מצגת לשוק ההון-פברואר 2022,htm,42,,rhtm/1430001-1431000/H1430769.htm,,
1439097,more_gemel,2022-03-27 09:07:23.283,annual,2021FY,דוח תקופתי ושנתי לשנת 2021,xbrl,19,,xbrl/1439001-1440000/X1439097.xbrl,,
1439097,more_gemel,2022-03-27 09:07:23.283,annual,2021FY,דוח תקופתי ושנתי לשנת 2021,pdf1,3741,139,rpdf/1439001-1440000/P1439097-00.pdf,data/sources/pdf/more_gemel/2021FY/1439097_annual.pdf,d921e7dd88dc62bc663c8c04b4305a628375da5bdb9277150e5c54c0d0164732
1439097,more_gemel,2022-03-27 09:07:23.283,annual,2021FY,דוח תקופתי ושנתי לשנת 2021,htm,101,,rhtm/1439001-1440000/H1439097.htm,,
1439099,more_gemel,2022-03-27 09:10:24.997,liabilities,2021FY,"מצבת התחייבות החברה ליום 31.12.21, לפי מועדי פרעון",htm,198,,rhtm/1439001-1440000/H1439099.htm,,
1440295,more_gemel,2022-03-29 20:31:34.007,presentation,2022FY,מצגת לשוק ההון -מרץ2022,pdf1,4412,26,rpdf/1440001-1441000/P1440295-00.pdf,data/sources/pdf/more_gemel/2022FY/1440295_presentation.pdf,5d01196fbf387d9c651673e7bcf2895e397c8d554ffb155fc1bf63ee49052f7a
1440295,more_gemel,2022-03-29 20:31:34.007,presentation,2022FY,מצגת לשוק ההון -מרץ2022,htm,42,,rhtm/1440001-1441000/H1440295.htm,,
1452058,more_gemel,2022-05-25 20:09:23.99,quarterly,2022Q1,דוח רבעון 1 לשנת 2022,htm,100,,rhtm/1452001-1453000/H1452058.htm,,
1452058,more_gemel,2022-05-25 20:09:23.99,quarterly,2022Q1,דוח רבעון 1 לשנת 2022,xbrl,18,,xbrl/1452001-1453000/X1452058.xbrl,,
1452058,more_gemel,2022-05-25 20:09:23.99,quarterly,2022Q1,דוח רבעון 1 לשנת 2022,pdf1,3005,39,rpdf/1452001-1453000/P1452058-00.pdf,data/sources/pdf/more_gemel/2022Q1/1452058_quarterly.pdf,00668bb45848af014d9cf937e47536162a0430373e0b1ed4644412111d48f20e
1452059,more_gemel,2022-05-25 20:13:18.727,liabilities,2022Q1,"מצבת התחייבות החברה ליום 31.3.22, לפי מועדי פרעון",htm,198,,rhtm/1452001-1453000/H1452059.htm,,
1452064,more_gemel,2022-05-25 20:51:30.517,presentation,2022Q1,מצגת לשוק ההון - מאי 2022,pdf1,2361,20,rpdf/1452001-1453000/P1452064-00.pdf,data/sources/pdf/more_gemel/2022Q1/1452064_presentation.pdf,54f1ea16bbae03fcd2aeb0bb57ce43156ebf461563b6ae192e854fa76cce1daf
1452064,more_gemel,2022-05-25 20:51:30.517,presentation,2022Q1,מצגת לשוק ההון - מאי 2022,htm,42,,rhtm/1452001-1453000/H1452064.htm,,
1470943,more_gemel,2022-08-16 22:24:21.297,quarterly,2022Q2,דוח רבעון 2/חצי שנתי לשנת 2022,pdf1,1669,43,rpdf/1470001-1471000/P1470943-00.pdf,data/sources/pdf/more_gemel/2022Q2/1470943_quarterly.pdf,bd3a8d482c9f15b374ce01df546a0f8a01fe7a97fbb6a61a5b100359a713229c
1470943,more_gemel,2022-08-16 22:24:21.297,quarterly,2022Q2,דוח רבעון 2/חצי שנתי לשנת 2022,htm,100,,rhtm/1470001-1471000/H1470943.htm,,
1470943,more_gemel,2022-08-16 22:24:21.297,quarterly,2022Q2,דוח רבעון 2/חצי שנתי לשנת 2022,xbrl,18,,xbrl/1470001-1471000/X1470943.xbrl,,
1470947,more_gemel,2022-08-16 22:40:18.557,liabilities,2022Q2,"מצבת התחייבות החברה ליום 30.6.22, לפי מועדי פרעון",htm,198,,rhtm/1470001-1471000/H1470947.htm,,
1471213,more_gemel,2022-08-17 17:28:22.407,presentation,2022Q2,"מצגת לשוק ההון, רבעון 2 2022",htm,42,,rhtm/1471001-1472000/H1471213.htm,,
1471213,more_gemel,2022-08-17 17:28:22.407,presentation,2022Q2,"מצגת לשוק ההון, רבעון 2 2022",pdf1,3471,18,rpdf/1471001-1472000/P1471213-00.pdf,data/sources/pdf/more_gemel/2022Q2/1471213_presentation.pdf,56b61643631d6ce3fbd4f16c92cacaac2266cfa007420f143d9a689f6b73634f
1471632,more_gemel,2022-08-19 12:24:14.777,quarterly,2022Q2,"דוח רבעון 2/חצי שנתי לשנת 2022 - תיקון לדוח הכספי בעמודים: 5, 7 ; תיקון לדוח דירקטוריון בעמודים: 4, 10, 16, 18; תיקון סעיפים 18.7, (1)19 ו-(2)19",htm,103,,rhtm/1471001-1472000/H1471632.htm,,
1471632,more_gemel,2022-08-19 12:24:14.777,quarterly,2022Q2,"דוח רבעון 2/חצי שנתי לשנת 2022 - תיקון לדוח הכספי בעמודים: 5, 7 ; תיקון לדוח דירקטוריון בעמודים: 4, 10, 16, 18; תיקון סעיפים 18.7, (1)19 ו-(2)19",pdf1,2082,44,rpdf/1471001-1472000/P1471632-00.pdf,data/sources/pdf/more_gemel/2022Q2/1471632_quarterly.pdf,1a698e27a625cafd5a07cfb8068382eb4e676d6a732cab4f907e977098ff3dad
1471632,more_gemel,2022-08-19 12:24:14.777,quarterly,2022Q2,"דוח רבעון 2/חצי שנתי לשנת 2022 - תיקון לדוח הכספי בעמודים: 5, 7 ; תיקון לדוח דירקטוריון בעמודים: 4, 10, 16, 18; תיקון סעיפים 18.7, (1)19 ו-(2)19",xbrl,19,,xbrl/1471001-1472000/X1471632.xbrl,,
1484828,more_gemel,2022-11-06 23:50:31.41,quarterly,2022Q2,דוח רבעון 2/חצי שנתי לשנת 2022- דוח משלים,xbrl,19,,xbrl/1484001-1485000/X1484828.xbrl,,
1484828,more_gemel,2022-11-06 23:50:31.41,quarterly,2022Q2,דוח רבעון 2/חצי שנתי לשנת 2022- דוח משלים,pdf1,1662,47,rpdf/1484001-1485000/P1484828-00.pdf,data/sources/pdf/more_gemel/2022Q2/1484828_quarterly.pdf,f18c01fabf771e1681a401a997382b4c2a97907e41ee376d46cac3c963996fbf
1484828,more_gemel,2022-11-06 23:50:31.41,quarterly,2022Q2,דוח רבעון 2/חצי שנתי לשנת 2022- דוח משלים,htm,103,,rhtm/1484001-1485000/H1484828.htm,,
1487932,more_gemel,2022-11-23 18:21:14.64,quarterly,2022Q3,דוח רבעון 3 לשנת 2022,pdf1,2998,46,rpdf/1487001-1488000/P1487932-00.pdf,data/sources/pdf/more_gemel/2022Q3/1487932_quarterly.pdf,705b1294adc4ff0c41fefa6857c003ff4131356828c81f0950174dd0de556097
1487932,more_gemel,2022-11-23 18:21:14.64,quarterly,2022Q3,דוח רבעון 3 לשנת 2022,xbrl,18,,xbrl/1487001-1488000/X1487932.xbrl,,
1487932,more_gemel,2022-11-23 18:21:14.64,quarterly,2022Q3,דוח רבעון 3 לשנת 2022,htm,100,,rhtm/1487001-1488000/H1487932.htm,,
1487936,more_gemel,2022-11-23 18:24:16.863,liabilities,2022Q3,"מצבת התחייבות החברה ליום 30.9.22, לפי מועדי פרעון",htm,198,,rhtm/1487001-1488000/H1487936.htm,,
1490482,more_gemel,2022-12-04 09:11:19.053,presentation,2022Q3,מצגת לשוק ההון-נובמבר 2022,pdf1,593,18,rpdf/1490001-1491000/P1490482-00.pdf,data/sources/pdf/more_gemel/2022Q3/1490482_presentation.pdf,2ede552f6897761172d694762e70548014abb27fa1a589b61d2d413a1405cb8f
1490482,more_gemel,2022-12-04 09:11:19.053,presentation,2022Q3,מצגת לשוק ההון-נובמבר 2022,htm,42,,rhtm/1490001-1491000/H1490482.htm,,
1512490,more_gemel,2023-03-23 02:00:23.18,annual,2022FY,דוח תקופתי ושנתי לשנת 2022,xbrl,19,,xbrl/1512001-1513000/X1512490.xbrl,,
1512490,more_gemel,2023-03-23 02:00:23.18,annual,2022FY,דוח תקופתי ושנתי לשנת 2022,pdf1,5342,154,rpdf/1512001-1513000/P1512490-00.pdf,data/sources/pdf/more_gemel/2022FY/1512490_annual.pdf,51ab4eb6316fc47fb78068be2e90429b6c1b032b932012fa7d01310d0e0f8918
1512490,more_gemel,2023-03-23 02:00:23.18,annual,2022FY,דוח תקופתי ושנתי לשנת 2022,htm,107,,rhtm/1512001-1513000/H1512490.htm,,
1512491,more_gemel,2023-03-23 02:05:30.033,liabilities,2022FY,"מצבת התחייבות החברה ליום 31.12.22, לפי מועדי פרעון",htm,224,,rhtm/1512001-1513000/H1512491.htm,,
1512722,more_gemel,2023-03-23 15:31:26.087,presentation,2023FY,מצגת לשוק ההון-מרץ 2023,htm,42,,rhtm/1512001-1513000/H1512722.htm,,
1512722,more_gemel,2023-03-23 15:31:26.087,presentation,2023FY,מצגת לשוק ההון-מרץ 2023,pdf1,624,18,rpdf/1512001-1513000/P1512722-00.pdf,data/sources/pdf/more_gemel/2023FY/1512722_presentation.pdf,ef908d0ea3de3551eb9212f4a98bfea8ff2c083d6d898a852209071497eb72a0
1524168,more_gemel,2023-05-24 18:15:30.67,quarterly,2023Q1,דוח רבעון 1 לשנת 2023,htm,107,,rhtm/1524001-1525000/H1524168.htm,,
1524168,more_gemel,2023-05-24 18:15:30.67,quarterly,2023Q1,דוח רבעון 1 לשנת 2023,xbrl,19,,xbrl/1524001-1525000/X1524168.xbrl,,
1524168,more_gemel,2023-05-24 18:15:30.67,quarterly,2023Q1,דוח רבעון 1 לשנת 2023,pdf1,6877,47,rpdf/1524001-1525000/P1524168-00.pdf,data/sources/pdf/more_gemel/2023Q1/1524168_quarterly.pdf,2110f0ddb4f482e789708e77a1e98318978262592adde215f37bc526bf043935
1524169,more_gemel,2023-05-24 18:18:13.583,liabilities,2023Q1,"מצבת התחייבות החברה ליום 31.3.23, לפי מועדי פרעון",htm,224,,rhtm/1524001-1525000/H1524169.htm,,
1524546,more_gemel,2023-05-28 19:05:19.66,presentation,2023Q1,מצגת לשוק ההון- מאי 2023,htm,42,,rhtm/1524001-1525000/H1524546.htm,,
1524546,more_gemel,2023-05-28 19:05:19.66,presentation,2023Q1,מצגת לשוק ההון- מאי 2023,pdf1,740,17,rpdf/1524001-1525000/P1524546-00.pdf,data/sources/pdf/more_gemel/2023Q1/1524546_presentation.pdf,751fbd2a4aa9945f84f51c0e3be78736d12621a757183245a9f94b45c5adde6d
1541310,more_gemel,2023-08-15 18:27:25.2,quarterly,2023Q2,דוח רבעון 2/חצי שנתי לשנת 2023,htm,107,,rhtm/1541001-1542000/H1541310.htm,,
1541310,more_gemel,2023-08-15 18:27:25.2,quarterly,2023Q2,דוח רבעון 2/חצי שנתי לשנת 2023,xbrl,19,,xbrl/1541001-1542000/X1541310.xbrl,,
1541310,more_gemel,2023-08-15 18:27:25.2,quarterly,2023Q2,דוח רבעון 2/חצי שנתי לשנת 2023,pdf1,6969,51,rpdf/1541001-1542000/P1541310-00.pdf,data/sources/pdf/more_gemel/2023Q2/1541310_quarterly.pdf,c712bfe94615b54fe240869863704c219aec2f469fe92bdbd52551794fa676fa
1541311,more_gemel,2023-08-15 18:30:26.003,liabilities,2023Q2,"מצבת התחייבות החברה ליום 30.6.23, לפי מועדי פרעון",htm,224,,rhtm/1541001-1542000/H1541311.htm,,
1541537,more_gemel,2023-08-16 15:33:30.66,presentation,2023Q2,מצגת לשוק ההון -אוגוסט 2023,pdf1,1731,25,rpdf/1541001-1542000/P1541537-00.pdf,data/sources/pdf/more_gemel/2023Q2/1541537_presentation.pdf,35331f87d0c61859bcd74786ab5c7c4ffbcca3853769d7311d13bd49e8865b37
1541537,more_gemel,2023-08-16 15:33:30.66,presentation,2023Q2,מצגת לשוק ההון -אוגוסט 2023,htm,42,,rhtm/1541001-1542000/H1541537.htm,,
1559207,more_gemel,2023-11-22 20:11:16.343,quarterly,2023Q3,דוח רבעון 3 לשנת 2023,htm,107,,rhtm/1559001-1560000/H1559207.htm,,
1559207,more_gemel,2023-11-22 20:11:16.343,quarterly,2023Q3,דוח רבעון 3 לשנת 2023,pdf1,6417,54,rpdf/1559001-1560000/P1559207-00.pdf,data/sources/pdf/more_gemel/2023Q3/1559207_quarterly.pdf,f4c8e5c982404e7ee8877f6c4e9604c40c4ab65c762040f85e5df5001299fb8e
1559207,more_gemel,2023-11-22 20:11:16.343,quarterly,2023Q3,דוח רבעון 3 לשנת 2023,xbrl,19,,xbrl/1559001-1560000/X1559207.xbrl,,
1559208,more_gemel,2023-11-22 20:13:13.127,liabilities,2023Q3,"מצבת התחייבות החברה ליום 30.9.23, לפי מועדי פרעון",htm,224,,rhtm/1559001-1560000/H1559208.htm,,
1560130,more_gemel,2023-11-27 20:34:15.647,presentation,2023Q3,מצגת לשוק ההון | רבעון 3 לשנת 2023,htm,42,,rhtm/1560001-1561000/H1560130.htm,,
1560130,more_gemel,2023-11-27 20:34:15.647,presentation,2023Q3,מצגת לשוק ההון | רבעון 3 לשנת 2023,pdf1,1519,24,rpdf/1560001-1561000/P1560130-00.pdf,data/sources/pdf/more_gemel/2023Q3/1560130_presentation.pdf,d8ce868dda02b9c30a1079e102a3fe5dd24f20ddf4e850674601fb8022f2c0be
1565313,more_gemel,2023-12-24 15:37:16.037,quarterly,2023Q3,דוח רבעון 3 לשנת 2023 - תיקון בסעיפים 18 ו-19,xbrl,19,,xbrl/1565001-1566000/X1565313.xbrl,,
1565313,more_gemel,2023-12-24 15:37:16.037,quarterly,2023Q3,דוח רבעון 3 לשנת 2023 - תיקון בסעיפים 18 ו-19,pdf1,6417,54,rpdf/1565001-1566000/P1565313-00.pdf,data/sources/pdf/more_gemel/2023Q3/1565313_quarterly.pdf,f4c8e5c982404e7ee8877f6c4e9604c40c4ab65c762040f85e5df5001299fb8e
1565313,more_gemel,2023-12-24 15:37:16.037,quarterly,2023Q3,דוח רבעון 3 לשנת 2023 - תיקון בסעיפים 18 ו-19,htm,110,,rhtm/1565001-1566000/H1565313.htm,,
1580961,more_gemel,2024-03-21 01:05:20.51,annual,2023FY,דוח תקופתי ושנתי לשנת 2023,xbrl,19,,xbrl/1580001-1581000/X1580961.xbrl,,
1580961,more_gemel,2024-03-21 01:05:20.51,annual,2023FY,דוח תקופתי ושנתי לשנת 2023,pdf1,8096,173,rpdf/1580001-1581000/P1580961-00.pdf,data/sources/pdf/more_gemel/2023FY/1580961_annual.pdf,e2c7f91df20c7f4a632dc51ca1e8328d39cea96b935d26a1057ed87d293ada0f
1580961,more_gemel,2024-03-21 01:05:20.51,annual,2023FY,דוח תקופתי ושנתי לשנת 2023,htm,108,,rhtm/1580001-1581000/H1580961.htm,,
1580962,more_gemel,2024-03-21 01:06:11.42,liabilities,2023FY,"מצבת התחייבות החברה ליום 31.12.23, לפי מועדי פרעון",htm,224,,rhtm/1580001-1581000/H1580962.htm,,
1580964,more_gemel,2024-03-21 01:30:20.993,presentation,2024FY,מצגת לשוק ההון -מרץ 2024,pdf1,1744,27,rpdf/1580001-1581000/P1580964-00.pdf,data/sources/pdf/more_gemel/2024FY/1580964_presentation.pdf,0b81552e9c5bfa8bac4b40caa237b34f73f69e56e8b49655267fc072896a7fd3
1580964,more_gemel,2024-03-21 01:30:20.993,presentation,2024FY,מצגת לשוק ההון -מרץ 2024,htm,43,,rhtm/1580001-1581000/H1580964.htm,,
1594070,more_gemel,2024-05-23 19:36:18.537,quarterly,2024Q1,דוח רבעון 1 לשנת 2024,xbrl,18,,xbrl/1594001-1595000/X1594070.xbrl,,
1594070,more_gemel,2024-05-23 19:36:18.537,quarterly,2024Q1,דוח רבעון 1 לשנת 2024,htm,106,,rhtm/1594001-1595000/H1594070.htm,,
1594070,more_gemel,2024-05-23 19:36:18.537,quarterly,2024Q1,דוח רבעון 1 לשנת 2024,pdf1,1364,51,rpdf/1594001-1595000/P1594070-00.pdf,data/sources/pdf/more_gemel/2024Q1/1594070_quarterly.pdf,0a8e2c9ff0e4d19e658893ecee40d7dc20ce60bfd829b2b2f9bba4ddaa3d5476
1594071,more_gemel,2024-05-23 19:37:15.077,liabilities,2024Q1,"מצבת התחייבות החברה ליום 31.3.24, לפי מועדי פרעון",htm,224,,rhtm/1594001-1595000/H1594071.htm,,
1594291,more_gemel,2024-05-26 14:35:12.053,presentation,2024Q1,"מצגת לשוק ההון, מאי 2024",pdf1,1837,26,rpdf/1594001-1595000/P1594291-00.pdf,data/sources/pdf/more_gemel/2024Q1/1594291_presentation.pdf,758667fc16102d3b5271d32a8c8bc419840304d54838fc68e15aa23d39ed58a9
1594291,more_gemel,2024-05-26 14:35:12.053,presentation,2024Q1,"מצגת לשוק ההון, מאי 2024",htm,43,,rhtm/1594001-1595000/H1594291.htm,,
1611219,more_gemel,2024-08-15 19:04:16.623,quarterly,2024Q2,דוח רבעון 2/חצי שנתי לשנת 2024,xbrl,18,,xbrl/1611001-1612000/X1611219.xbrl,,
1611219,more_gemel,2024-08-15 19:04:16.623,quarterly,2024Q2,דוח רבעון 2/חצי שנתי לשנת 2024,pdf1,1319,52,rpdf/1611001-1612000/P1611219-00.pdf,data/sources/pdf/more_gemel/2024Q2/1611219_quarterly.pdf,885ddb906177162103d287f7050bb83eabb545207b3324a264f9b75c3c1419bc
1611219,more_gemel,2024-08-15 19:04:16.623,quarterly,2024Q2,דוח רבעון 2/חצי שנתי לשנת 2024,htm,113,,rhtm/1611001-1612000/H1611219.htm,,
1611222,more_gemel,2024-08-15 19:07:17.24,liabilities,2024Q2,"מצבת התחייבות החברה ליום 30.6.24, לפי מועדי פרעון",htm,224,,rhtm/1611001-1612000/H1611222.htm,,
1611410,more_gemel,2024-08-18 14:01:16.193,presentation,2024Q2,מצגת לשוק ההון | אוגוסט 2024,htm,43,,rhtm/1611001-1612000/H1611410.htm,,
1611410,more_gemel,2024-08-18 14:01:16.193,presentation,2024Q2,מצגת לשוק ההון | אוגוסט 2024,pdf1,2213,27,rpdf/1611001-1612000/P1611410-00.pdf,data/sources/pdf/more_gemel/2024Q2/1611410_presentation.pdf,c7bcd96171e3d92e7bca726e5ecd51697d6fb99345828dfcf9c2649e9a1c2996
1627982,more_gemel,2024-11-20 19:24:14.117,quarterly,2024Q3,דוח רבעון 3 לשנת 2024,htm,113,,rhtm/1627001-1628000/H1627982.htm,,
1627982,more_gemel,2024-11-20 19:24:14.117,quarterly,2024Q3,דוח רבעון 3 לשנת 2024,pdf1,1919,57,rpdf/1627001-1628000/P1627982-00.pdf,data/sources/pdf/more_gemel/2024Q3/1627982_quarterly.pdf,31e3a7aa5d42c83b70ee6d897febfcef63179d58785d0230f8d86d9dffd2dff7
1627982,more_gemel,2024-11-20 19:24:14.117,quarterly,2024Q3,דוח רבעון 3 לשנת 2024,xbrl,18,,xbrl/1627001-1628000/X1627982.xbrl,,
1627983,more_gemel,2024-11-20 19:27:14.9,liabilities,2024Q3,"מצבת התחייבות החברה ליום 30.9.24, לפי מועדי פרעון",htm,224,,rhtm/1627001-1628000/H1627983.htm,,
1627989,more_gemel,2024-11-20 19:56:15.72,presentation,2024Q3,מצגת לשוק ההון-נובמבר 2024,htm,42,,rhtm/1627001-1628000/H1627989.htm,,
1627989,more_gemel,2024-11-20 19:56:15.72,presentation,2024Q3,מצגת לשוק ההון-נובמבר 2024,pdf1,2397,28,rpdf/1627001-1628000/P1627989-00.pdf,data/sources/pdf/more_gemel/2024Q3/1627989_presentation.pdf,f0e1832bef28092a79bb1310d17b1ed4c3200a35ad24856a8d183647cd0e5030
1652255,more_gemel,2025-03-20 00:00:02.653,annual,2024FY,דוח תקופתי ושנתי לשנת 2024,htm,118,,rhtm/1652001-1653000/H1652255.htm,,
1652255,more_gemel,2025-03-20 00:00:02.653,annual,2024FY,דוח תקופתי ושנתי לשנת 2024,pdf1,4360,177,rpdf/1652001-1653000/P1652255-00.pdf,data/sources/pdf/more_gemel/2024FY/1652255_annual.pdf,c093d46b1b64d936e3b54de3b4b65bf541d7fc32244d5055892cbf1fd0c02169
1652255,more_gemel,2025-03-20 00:00:02.653,annual,2024FY,דוח תקופתי ושנתי לשנת 2024,xbrl,19,,xbrl/1652001-1653000/X1652255.xbrl,,
1652256,more_gemel,2025-03-20 00:02:03.58,liabilities,2024FY,"מצבת התחייבות החברה ליום 31.12.24, לפי מועדי פרעון",htm,222,,rhtm/1652001-1653000/H1652256.htm,,
1652259,more_gemel,2025-03-20 00:28:06.803,presentation,2025FY,מצגת לשוק ההון -מרץ 2025,htm,43,,rhtm/1652001-1653000/H1652259.htm,,
1652259,more_gemel,2025-03-20 00:28:06.803,presentation,2025FY,מצגת לשוק ההון -מרץ 2025,pdf1,747,24,rpdf/1652001-1653000/P1652259-00.pdf,data/sources/pdf/more_gemel/2025FY/1652259_presentation.pdf,be021ac1ca52ea7871f7fd10d74baf5510079eaabc104fa01873b3aa15eeca32
1666116,more_gemel,2025-05-21 18:25:59.89,quarterly,2025Q1,דוח רבעון 1 לשנת 2025,htm,117,,rhtm/1666001-1667000/H1666116.htm,,
1666116,more_gemel,2025-05-21 18:25:59.89,quarterly,2025Q1,דוח רבעון 1 לשנת 2025,pdf1,1828,50,rpdf/1666001-1667000/P1666116-00.pdf,data/sources/pdf/more_gemel/2025Q1/1666116_quarterly.pdf,2f697201656de53a27714232b4b98274671f2fa90ea1607c508ed45036431b8c
1666116,more_gemel,2025-05-21 18:25:59.89,quarterly,2025Q1,דוח רבעון 1 לשנת 2025,xbrl,18,,xbrl/1666001-1667000/X1666116.xbrl,,
1666119,more_gemel,2025-05-21 18:28:03.38,liabilities,2025Q1,"מצבת התחייבות החברה ליום 31.3.25, לפי מועדי פרעון",htm,222,,rhtm/1666001-1667000/H1666119.htm,,
1666124,more_gemel,2025-05-21 18:53:02.133,presentation,2025Q1,מצגת לשוק ההון - מאי 2025,htm,43,,rhtm/1666001-1667000/H1666124.htm,,
1666124,more_gemel,2025-05-21 18:53:02.133,presentation,2025Q1,מצגת לשוק ההון - מאי 2025,pdf1,1346,23,rpdf/1666001-1667000/P1666124-00.pdf,data/sources/pdf/more_gemel/2025Q1/1666124_presentation.pdf,3972d7f6f0d516abc8255984e139cae675327eb33a0fd3ba625753565131f6e2
1675582,more_gemel,2025-07-01 17:05:03.433,presentation,2025Q2,עדכון תחזית רווח ופרסום מצגת משקיעים לשוק ההון- תחזית רווח לפני מס לשנת 2025 105-120 מ'שח,pdf1,1354,23,rpdf/1675001-1676000/P1675582-00.pdf,data/sources/pdf/more_gemel/2025Q2/1675582_presentation.pdf,3e450c66e468296659211fd5f411fd382d0ae2bd7c12b8f8527fb8469ce41806
1675582,more_gemel,2025-07-01 17:05:03.433,presentation,2025Q2,עדכון תחזית רווח ופרסום מצגת משקיעים לשוק ההון- תחזית רווח לפני מס לשנת 2025 105-120 מ'שח,htm,43,,rhtm/1675001-1676000/H1675582.htm,,
1685548,more_gemel,2025-08-13 17:37:03.82,quarterly,2025Q2,דוח רבעון 2/חצי שנתי לשנת 2025,htm,116,,rhtm/1685001-1686000/H1685548.htm,,
1685548,more_gemel,2025-08-13 17:37:03.82,quarterly,2025Q2,דוח רבעון 2/חצי שנתי לשנת 2025,pdf1,1410,53,rpdf/1685001-1686000/P1685548-00.pdf,data/sources/pdf/more_gemel/2025Q2/1685548_quarterly.pdf,ccaae5ee427afa39d9143313c30aacd109ec6fd270bff0afe2c81065cc72c598
1685548,more_gemel,2025-08-13 17:37:03.82,quarterly,2025Q2,דוח רבעון 2/חצי שנתי לשנת 2025,xbrl,18,,xbrl/1685001-1686000/X1685548.xbrl,,
1685550,more_gemel,2025-08-13 17:41:00.59,liabilities,2025Q2,"מצבת התחייבות החברה ליום 30.6.25, לפי מועדי פרעון",htm,222,,rhtm/1685001-1686000/H1685550.htm,,
1685552,more_gemel,2025-08-13 18:07:03.327,presentation,2025Q2,מצגת לשוק ההון- אוגוסט 2025,pdf1,1388,23,rpdf/1685001-1686000/P1685552-00.pdf,data/sources/pdf/more_gemel/2025Q2/1685552_presentation.pdf,d59c39b13fb2b13417886adc12ee20eb7852a94ca722664ebbee344bcec430b9
1685552,more_gemel,2025-08-13 18:07:03.327,presentation,2025Q2,מצגת לשוק ההון- אוגוסט 2025,htm,43,,rhtm/1685001-1686000/H1685552.htm,,
1701488,more_gemel,2025-11-09 15:32:23.883,presentation,2025Q3,"מצגת- עדכון לקראת הנפקת אג""ח ואופציות- נובמבר 2025",pdf1,1228,20,rpdf/1701001-1702000/P1701488-00.pdf,data/sources/pdf/more_gemel/2025Q3/1701488_presentation.pdf,429f8401b0ddca81867584018122c3d892cae3d99645004c18425964c2b2c6d0
1701488,more_gemel,2025-11-09 15:32:23.883,presentation,2025Q3,"מצגת- עדכון לקראת הנפקת אג""ח ואופציות- נובמבר 2025",htm,43,,rhtm/1701001-1702000/H1701488.htm,,
1704014,more_gemel,2025-11-20 15:04:04.293,quarterly,2025Q3,דוח רבעון 3 לשנת 2025,xbrl,18,,xbrl/1704001-1705000/X1704014.xbrl,,
1704014,more_gemel,2025-11-20 15:04:04.293,quarterly,2025Q3,דוח רבעון 3 לשנת 2025,pdf1,1420,59,rpdf/1704001-1705000/P1704014-00.pdf,data/sources/pdf/more_gemel/2025Q3/1704014_quarterly.pdf,1d624ea8c7b595811ada6de77dbbf815035f98d29381f2a7424992fbee9f0564
1704014,more_gemel,2025-11-20 15:04:04.293,quarterly,2025Q3,דוח רבעון 3 לשנת 2025,htm,116,,rhtm/1704001-1705000/H1704014.htm,,
1704017,more_gemel,2025-11-20 15:07:05.66,liabilities,2025Q3,"מצבת התחייבות החברה ליום 30.9.25, לפי מועדי פרעון",htm,222,,rhtm/1704001-1705000/H1704017.htm,,
1704023,more_gemel,2025-11-20 15:43:03.8,presentation,2025Q3,מצגת לשוק ההון - נובמבר 2025,htm,43,,rhtm/1704001-1705000/H1704023.htm,,
1704023,more_gemel,2025-11-20 15:43:03.8,presentation,2025Q3,מצגת לשוק ההון - נובמבר 2025,pdf1,1284,22,rpdf/1704001-1705000/P1704023-00.pdf,data/sources/pdf/more_gemel/2025Q3/1704023_presentation.pdf,112476a9c7f1240a4a73be9f74a16dbaa93ff8205c2d6812425deabee76ff414
1729754,more_gemel,2026-03-22 22:31:05.467,annual,2025FY,דוח תקופתי ושנתי לשנת 2025,htm,118,,rhtm/1729001-1730000/H1729754.htm,,
1729754,more_gemel,2026-03-22 22:31:05.467,annual,2025FY,דוח תקופתי ושנתי לשנת 2025,pdf1,3463,201,rpdf/1729001-1730000/P1729754-00.pdf,data/sources/pdf/more_gemel/2025FY/1729754_annual.pdf,b79ec452e8ecc7b39d86cd32a2c8d9fbc12b7fe211caaa3da372a5fef9e7e91a
1729754,more_gemel,2026-03-22 22:31:05.467,annual,2025FY,דוח תקופתי ושנתי לשנת 2025,xbrl,19,,xbrl/1729001-1730000/X1729754.xbrl,,
1729755,more_gemel,2026-03-22 22:34:02.03,liabilities,2025FY,"מצבת התחייבות החברה ליום 31.12.25, לפי מועדי פרעון",htm,222,,rhtm/1729001-1730000/H1729755.htm,,
1729758,more_gemel,2026-03-22 22:58:02.98,presentation,2026FY,מצגת משקיעים | מרץ 2026,pdf1,1276,21,rpdf/1729001-1730000/P1729758-00.pdf,data/sources/pdf/more_gemel/2026FY/1729758_presentation.pdf,dc94d2c0fc0db936716b7f379cb17a8c804a222a3d8edd17d03424ab4d13e378
1729758,more_gemel,2026-03-22 22:58:02.98,presentation,2026FY,מצגת משקיעים | מרץ 2026,htm,43,,rhtm/1729001-1730000/H1729758.htm,,
1742758,more_gemel,2026-05-20 18:10:03.74,quarterly,2026Q1,דוח רבעון 1 לשנת 2026,xbrl,18,,xbrl/1742001-1743000/X1742758.xbrl,,
1742758,more_gemel,2026-05-20 18:10:03.74,quarterly,2026Q1,דוח רבעון 1 לשנת 2026,pdf1,2495,57,rpdf/1742001-1743000/P1742758-00.pdf,data/sources/pdf/more_gemel/2026Q1/1742758_quarterly.pdf,be82e1a84fb7e7681306a2652c369d29294650d1cb6bf8d98fe58b6daaee4522
1742758,more_gemel,2026-05-20 18:10:03.74,quarterly,2026Q1,דוח רבעון 1 לשנת 2026,htm,117,,rhtm/1742001-1743000/H1742758.htm,,
1742762,more_gemel,2026-05-20 18:11:59.637,liabilities,2026Q1,"מצבת התחייבות החברה ליום 31.3.26, לפי מועדי פרעון",htm,222,,rhtm/1742001-1743000/H1742762.htm,,
1742766,more_gemel,2026-05-20 18:43:02.013,presentation,2026Q1,מצגת משקיעים- מאי 2026,htm,43,,rhtm/1742001-1743000/H1742766.htm,,
1742766,more_gemel,2026-05-20 18:43:02.013,presentation,2026Q1,מצגת משקיעים- מאי 2026,pdf1,1303,21,rpdf/1742001-1743000/P1742766-00.pdf,data/sources/pdf/more_gemel/2026Q1/1742766_presentation.pdf,3aa454595982d2b04fee74f96e97f61a93777c95af81a6ef1947cf4dcebf49ae
1763070,more_gemel,2026-08-12 18:34:06.727,quarterly,2026Q2,דוח רבעון 2/חצי שנתי לשנת 2026,htm,117,,rhtm/1763001-1764000/H1763070.htm,,
1763070,more_gemel,2026-08-12 18:34:06.727,quarterly,2026Q2,דוח רבעון 2/חצי שנתי לשנת 2026,pdf1,4931,59,rpdf/1763001-1764000/P1763070-00.pdf,data/sources/pdf/more_gemel/2026Q2/1763070_quarterly.pdf,f1e6667b2766436eea709a3325baf366b9805ebf319f1b35daa2e122b5832c66
1763070,more_gemel,2026-08-12 18:34:06.727,quarterly,2026Q2,דוח רבעון 2/חצי שנתי לשנת 2026,xbrl,18,,xbrl/1763001-1764000/X1763070.xbrl,,
1763072,more_gemel,2026-08-12 18:36:02.793,liabilities,2026Q2,"מצבת התחייבות החברה ליום 30.6.26, לפי מועדי פרעון",htm,222,,rhtm/1763001-1764000/H1763072.htm,,
1763081,more_gemel,2026-08-12 19:01:02.33,presentation,2026Q2,מצגת משקיעים,htm,43,,rhtm/1763001-1764000/H1763081.htm,,
1763081,more_gemel,2026-08-12 19:01:02.33,presentation,2026Q2,מצגת משקיעים,pdf1,1064,21,rpdf/1763001-1764000/P1763081-00.pdf,data/sources/pdf/more_gemel/2026Q2/1763081_presentation.pdf,dc2a5d6f65c5a8e2f33b55c945a573a734351d7dbdb442a7de96abca56115988
1221170,phoenix,2019-03-31 07:58:33.627,liabilities,2018FY,"מצבת התחייבות החברה ליום 31.12.18, לפי מועדי פרעון",htm,197,,rhtm/1221001-1222000/H1221170.htm,,
1221171,phoenix,2019-03-31 08:01:17.663,annual,2018FY,דוח תקופתי ושנתי לשנת 2018,pdf1,8929,546,rpdf/1221001-1222000/P1221171-00.pdf,data/sources/pdf/phoenix/2018FY/1221171_annual.pdf,a5166c61c14ea36231a54cb8b2406126c6e7cd392530a3135c33481265a7503d
1221171,phoenix,2019-03-31 08:01:17.663,annual,2018FY,דוח תקופתי ושנתי לשנת 2018,xbrl,19,,xbrl/1221001-1222000/X1221171.xbrl,,
1221172,phoenix,2019-03-31 08:21:34.893,presentation,2018FY,מצגת למשקיעים - דוחות כספיים לשנת 2018,htm,40,,rhtm/1221001-1222000/H1221172.htm,,
1221172,phoenix,2019-03-31 08:21:34.893,presentation,2018FY,מצגת למשקיעים - דוחות כספיים לשנת 2018,pdf1,10822,31,rpdf/1221001-1222000/P1221172-00.pdf,data/sources/pdf/phoenix/2018FY/1221172_presentation.pdf,cd827a3abd3b293e000fa3afbd4a312d7554c29d47ede97a3c082bf2951bc5a4
1231910,phoenix,2019-05-29 07:28:32.133,liabilities,2019Q1,"מצבת התחייבות החברה ליום 31.3.19, לפי מועדי פרעון",htm,197,,rhtm/1231001-1232000/H1231910.htm,,
1231911,phoenix,2019-05-29 07:33:29.743,quarterly,2019Q1,דוח רבעון 1 לשנת 2019,pdf1,4089,138,rpdf/1231001-1232000/P1231911-00.pdf,data/sources/pdf/phoenix/2019Q1/1231911_quarterly.pdf,725dd9b8e6a79aca016aecb7788b374cf24f710d425aacc869a340d11fff784b
1231911,phoenix,2019-05-29 07:33:29.743,quarterly,2019Q1,דוח רבעון 1 לשנת 2019,xbrl,18,,xbrl/1231001-1232000/X1231911.xbrl,,
1231912,phoenix,2019-05-29 07:54:22.16,presentation,2019Q1,מצגת תוצאות כספיות מרץ 2019,htm,40,,rhtm/1231001-1232000/H1231912.htm,,
1231912,phoenix,2019-05-29 07:54:22.16,presentation,2019Q1,מצגת תוצאות כספיות מרץ 2019,pdf1,2904,29,rpdf/1231001-1232000/P1231912-00.pdf,data/sources/pdf/phoenix/2019Q1/1231912_presentation.pdf,3dd3141730f5946207b69dfefbbd0730e1163779784998b3da48877c609d6223
1241101,phoenix,2019-07-11 13:04:18.423,solvency,2018FY,דוח יחס כושר פרעון כלכלי של הפניקס חברה לביטוח לתאריך 31.12.18,pdf1,600,19,rpdf/1241001-1242000/P1241101-00.pdf,data/sources/pdf/phoenix/2018FY/1241101_solvency.pdf,dfc83d41c4d43d8f9e94bf7771168f23dccfcb8e42abd7c211d053a5530918c0
1241101,phoenix,2019-07-11 13:04:18.423,solvency,2018FY,דוח יחס כושר פרעון כלכלי של הפניקס חברה לביטוח לתאריך 31.12.18,htm,40,,rhtm/1241001-1242000/H1241101.htm,,
1241104,phoenix,2019-07-11 13:25:30.56,solvency,2018FY,דוח יחס כושר פרעון כלכלי של הפניקס חברה לביטוח לתאריך 31.12.18 - תיקון טעות סופר,pdf1,600,19,rpdf/1241001-1242000/P1241104-00.pdf,data/sources/pdf/phoenix/2018FY/1241104_solvency.pdf,dfc83d41c4d43d8f9e94bf7771168f23dccfcb8e42abd7c211d053a5530918c0
1241104,phoenix,2019-07-11 13:25:30.56,solvency,2018FY,דוח יחס כושר פרעון כלכלי של הפניקס חברה לביטוח לתאריך 31.12.18 - תיקון טעות סופר,htm,43,,rhtm/1241001-1242000/H1241104.htm,,
1241392,phoenix,2019-07-14 12:13:31.873,presentation,2019Q2,מצגת שפרסמה הפניקס גיון הון (נכדה),htm,40,,rhtm/1241001-1242000/H1241392.htm,,
1241392,phoenix,2019-07-14 12:13:31.873,presentation,2019Q2,מצגת שפרסמה הפניקס גיון הון (נכדה),pdf1,3030,28,rpdf/1241001-1242000/P1241392-00.pdf,data/sources/pdf/phoenix/2019Q2/1241392_presentation.pdf,e4d5dd47154e87437beb0f2423d3808aa84882558fe9c3e502dd5e7a308fd0ae
1250345,phoenix,2019-08-28 07:15:21.237,liabilities,2019Q2,"מצבת התחייבות החברה ליום 30.6.19, לפי מועדי פרעון",htm,197,,rhtm/1250001-1251000/H1250345.htm,,
1250347,phoenix,2019-08-28 07:30:27.03,quarterly,2019Q2,דוח רבעון 2 לשנת 2019,htm,101,,rhtm/1250001-1251000/H1250347.htm,,
1250347,phoenix,2019-08-28 07:30:27.03,quarterly,2019Q2,דוח רבעון 2 לשנת 2019,pdf1,4549,165,rpdf/1250001-1251000/P1250347-00.pdf,data/sources/pdf/phoenix/2019Q2/1250347_quarterly.pdf,307eafa1f79bdac20ae32dbcf773740afdbb59224dbdb6be372b675524b338d9
1250347,phoenix,2019-08-28 07:30:27.03,quarterly,2019Q2,דוח רבעון 2 לשנת 2019,xbrl,18,,xbrl/1250001-1251000/X1250347.xbrl,,
1250348,phoenix,2019-08-28 07:56:19.12,presentation,2019Q2,מצגת תוצאות כספיות יוני 2019,htm,40,,rhtm/1250001-1251000/H1250348.htm,,
1250348,phoenix,2019-08-28 07:56:19.12,presentation,2019Q2,מצגת תוצאות כספיות יוני 2019,pdf1,2818,29,rpdf/1250001-1251000/P1250348-00.pdf,data/sources/pdf/phoenix/2019Q2/1250348_presentation.pdf,021cad0f6177fe13dc7c68b35240ca83aa9c45ecbf9ac8e1113092b430b60f58
1265562,phoenix,2019-11-28 07:10:22.873,liabilities,2019Q3,"מצבת התחייבות החברה ליום 30.9.19, לפי מועדי פרעון",htm,197,,rhtm/1265001-1266000/H1265562.htm,,
1265563,phoenix,2019-11-28 07:20:19.99,quarterly,2019Q3,דוח רבעון 3 לשנת 2019,htm,101,,rhtm/1265001-1266000/H1265563.htm,,
1265563,phoenix,2019-11-28 07:20:19.99,quarterly,2019Q3,דוח רבעון 3 לשנת 2019,pdf1,5556,167,rpdf/1265001-1266000/P1265563-00.pdf,data/sources/pdf/phoenix/2019Q3/1265563_quarterly.pdf,ecf9d97f73d8cd853375f8644cd69f350e2843f6b4b30c79e58cf6065427d1b0
1265563,phoenix,2019-11-28 07:20:19.99,quarterly,2019Q3,דוח רבעון 3 לשנת 2019,xbrl,18,,xbrl/1265001-1266000/X1265563.xbrl,,
1265564,phoenix,2019-11-28 07:39:20.907,presentation,2019Q3,מצגת משקיעים - תוצאות כספיות ספטמבר 2019,pdf1,2608,25,rpdf/1265001-1266000/P1265564-00.pdf,data/sources/pdf/phoenix/2019Q3/1265564_presentation.pdf,75dc62785ca0236abd7c1d5bd652c929a9220542cf8f19a6cfb141b2ec79a2e6
1265564,phoenix,2019-11-28 07:39:20.907,presentation,2019Q3,מצגת משקיעים - תוצאות כספיות ספטמבר 2019,htm,41,,rhtm/1265001-1266000/H1265564.htm,,
1265647,phoenix,2019-11-28 09:52:25.34,quarterly,2019Q3,דוח רבעון 3 לשנת 2019 - תיקון טעות סופר,xbrl,18,,xbrl/1265001-1266000/X1265647.xbrl,,
1265647,phoenix,2019-11-28 09:52:25.34,quarterly,2019Q3,דוח רבעון 3 לשנת 2019 - תיקון טעות סופר,pdf1,5580,167,rpdf/1265001-1266000/P1265647-00.pdf,data/sources/pdf/phoenix/2019Q3/1265647_quarterly.pdf,713e5373938db599a029a5f2d1e24e055ac67bddc837d00b687f0ef4bb1456fd
1265647,phoenix,2019-11-28 09:52:25.34,quarterly,2019Q3,דוח רבעון 3 לשנת 2019 - תיקון טעות סופר,htm,104,,rhtm/1265001-1266000/H1265647.htm,,
1271482,phoenix,2019-12-31 08:47:30.567,solvency,2019Q2,דוח יחס כושר פרעון כלכלי של הפניקס חברה לביטוח (בת) ליום  30.6.2019,pdf1,266,5,rpdf/1271001-1272000/P1271482-00.pdf,data/sources/pdf/phoenix/2019Q2/1271482_solvency.pdf,23742c3b3ed931332a2a9404bdef31d5588decf37c91e17c298440dfbf48f065
1271482,phoenix,2019-12-31 08:47:30.567,solvency,2019Q2,דוח יחס כושר פרעון כלכלי של הפניקס חברה לביטוח (בת) ליום  30.6.2019,htm,41,,rhtm/1271001-1272000/H1271482.htm,,
1288086,phoenix,2020-03-31 22:31:29.667,annual,2019FY,דוח תקופתי ושנתי לשנת 2019,htm,107,,rhtm/1288001-1289000/H1288086.htm,,
1288086,phoenix,2020-03-31 22:31:29.667,annual,2019FY,דוח תקופתי ושנתי לשנת 2019,xbrl,19,,xbrl/1288001-1289000/X1288086.xbrl,,
1288086,phoenix,2020-03-31 22:31:29.667,annual,2019FY,דוח תקופתי ושנתי לשנת 2019,pdf1,8145,626,rpdf/1288001-1289000/P1288086-00.pdf,data/sources/pdf/phoenix/2019FY/1288086_annual.pdf,397e006f501852647e8644563f4403980d673ffc6c236e81018f6e9d822029ad
1288091,phoenix,2020-03-31 22:36:21.863,liabilities,2019FY,"מצבת התחייבות החברה ליום 31.12.19, לפי מועדי פרעון",htm,201,,rhtm/1288001-1289000/H1288091.htm,,
1288089,phoenix,2020-03-31 22:52:24.71,presentation,2019FY,מצגת משקיעים - דוחות כספיים לשנת 2019,htm,46,,rhtm/1288001-1289000/H1288089.htm,,
1288089,phoenix,2020-03-31 22:52:24.71,presentation,2019FY,מצגת משקיעים - דוחות כספיים לשנת 2019,pdf1,1869,23,rpdf/1288001-1289000/P1288089-00.pdf,data/sources/pdf/phoenix/2019FY/1288089_presentation.pdf,ddf58b21f1155c1d6f669ae6fa90c0d3c463cdeb019b93c24aa65b50915783b5
1298880,phoenix,2020-05-31 23:57:27.523,liabilities,2020Q1,"מצבת התחייבות החברה ליום 31.3.20, לפי מועדי פרעון",htm,202,,rhtm/1298001-1299000/H1298880.htm,,
1298884,phoenix,2020-06-01 00:05:41.423,quarterly,2020Q1,דוח רבעון 1 לשנת 2020,htm,106,,rhtm/1298001-1299000/H1298884.htm,,
1298884,phoenix,2020-06-01 00:05:41.423,quarterly,2020Q1,דוח רבעון 1 לשנת 2020,pdf1,6082,161,rpdf/1298001-1299000/P1298884-00.pdf,data/sources/pdf/phoenix/2020Q1/1298884_quarterly.pdf,9d07db88dc7ffc150f30aac3441e579969195f85870b592214ce6aaa4271e6bc
1298884,phoenix,2020-06-01 00:05:41.423,quarterly,2020Q1,דוח רבעון 1 לשנת 2020,xbrl,18,,xbrl/1298001-1299000/X1298884.xbrl,,
1298886,phoenix,2020-06-01 00:26:13.227,presentation,2020Q1,מצגת תוצאות כספיות מרץ 2020,htm,46,,rhtm/1298001-1299000/H1298886.htm,,
1298886,phoenix,2020-06-01 00:26:13.227,presentation,2020Q1,מצגת תוצאות כספיות מרץ 2020,pdf1,1914,30,rpdf/1298001-1299000/P1298886-00.pdf,data/sources/pdf/phoenix/2020Q1/1298886_presentation.pdf,e1d18caf4a7e5498f20b028c0d44a77f98540e225786f401b8967ff666051777
1303494,phoenix,2020-06-23 16:23:17.437,presentation,2020Q1,מצגת למשקיעים -דוחות כספיים רבעון 1 2020,htm,45,,rhtm/1303001-1304000/H1303494.htm,,
1303494,phoenix,2020-06-23 16:23:17.437,presentation,2020Q1,מצגת למשקיעים -דוחות כספיים רבעון 1 2020,pdf1,1810,29,rpdf/1303001-1304000/P1303494-00.pdf,data/sources/pdf/phoenix/2020Q1/1303494_presentation.pdf,fa89e1941c394a991f2a1f89a409e27268b2644c57acab780ae2494ec273af61
1303498,phoenix,2020-06-23 16:40:30.793,presentation,2020Q1,Investors Presentation - Q1/2020,pdf1,1887,30,rpdf/1303001-1304000/P1303498-00.pdf,data/sources/pdf/phoenix/2020Q1/1303498_presentation.pdf,93408147f27dfaaff45934e2c3aff5aa0fc85d169c6283f3de2b658c71f9eae4
1303498,phoenix,2020-06-23 16:40:30.793,presentation,2020Q1,Investors Presentation - Q1/2020,htm,45,,rhtm/1303001-1304000/H1303498.htm,,
1318002,phoenix,2020-08-30 08:16:31.767,liabilities,2020Q2,"מצבת התחייבות החברה ליום 30.6.20, לפי מועדי פרעון",htm,200,,rhtm/1318001-1319000/H1318002.htm,,
1318004,phoenix,2020-08-30 08:21:27.433,quarterly,2020Q2,דוח רבעון 2 לשנת 2020,xbrl,18,,xbrl/1318001-1319000/X1318004.xbrl,,
1318004,phoenix,2020-08-30 08:21:27.433,quarterly,2020Q2,דוח רבעון 2 לשנת 2020,pdf1,3802,186,rpdf/1318001-1319000/P1318004-00.pdf,data/sources/pdf/phoenix/2020Q2/1318004_quarterly.pdf,6baa8f9ba2d6950e7d3464aeee2c9661485614322e9cc36b01e946436f84b1e5
1318004,phoenix,2020-08-30 08:21:27.433,quarterly,2020Q2,דוח רבעון 2 לשנת 2020,htm,100,,rhtm/1318001-1319000/H1318004.htm,,
1318012,phoenix,2020-08-30 08:42:15.463,presentation,2020Q2,מצגת למשקיעים -רבעון 2 לשנת 2020,pdf1,941,31,rpdf/1318001-1319000/P1318012-00.pdf,data/sources/pdf/phoenix/2020Q2/1318012_presentation.pdf,0d3f64ae61e0a5dbfa45c101f8f9d7ad736a593595a3dfc31482f2e20e7a0c01
1318012,phoenix,2020-08-30 08:42:15.463,presentation,2020Q2,מצגת למשקיעים -רבעון 2 לשנת 2020,htm,40,,rhtm/1318001-1319000/H1318012.htm,,
1318082,phoenix,2020-08-30 10:27:31.84,presentation,2020Q2,מצגת למשקיעים -רבעון 2 לשנת 202-תיקון טעות סופר,htm,43,,rhtm/1318001-1319000/H1318082.htm,,
1318082,phoenix,2020-08-30 10:27:31.84,presentation,2020Q2,מצגת למשקיעים -רבעון 2 לשנת 202-תיקון טעות סופר,pdf1,940,31,rpdf/1318001-1319000/P1318082-00.pdf,data/sources/pdf/phoenix/2020Q2/1318082_presentation.pdf,1dd1ce9b5478c76773cd5712505be6666a9dc61c33dc1f7478fb5f3e643cc3bd
1318937,phoenix,2020-09-01 13:29:16.15,presentation,2020Q2,מצגת למשקיעים רבעון 2  2020,htm,43,,rhtm/1318001-1319000/H1318937.htm,,
1318937,phoenix,2020-09-01 13:29:16.15,presentation,2020Q2,מצגת למשקיעים רבעון 2  2020,pdf1,1248,29,rpdf/1318001-1319000/P1318937-00.pdf,data/sources/pdf/phoenix/2020Q2/1318937_presentation.pdf,6cdf09787b80ed39a453f200e9665756582b5a9a0149cc5179546ae62870b336
1328398,phoenix,2020-10-28 08:29:16.27,solvency,2019FY,"דוח יחס כושר פרעון כלכלי של הפניקס חברה לביטוח בע""מ (חברת בת) לתאריך 31.12.2019",htm,41,,rhtm/1328001-1329000/H1328398.htm,,
1328398,phoenix,2020-10-28 08:29:16.27,solvency,2019FY,"דוח יחס כושר פרעון כלכלי של הפניקס חברה לביטוח בע""מ (חברת בת) לתאריך 31.12.2019",pdf1,1258,23,rpdf/1328001-1329000/P1328398-00.pdf,data/sources/pdf/phoenix/2019FY/1328398_solvency.pdf,64d59a5e6d421a09a75c25787a1367ee66229eace181ec57394ffd09ac08a5cb
1334449,phoenix,2020-11-25 07:34:26.097,liabilities,2020Q3,"מצבת התחייבות החברה ליום 30.9.20, לפי מועדי פרעון",htm,200,,rhtm/1334001-1335000/H1334449.htm,,
1334452,phoenix,2020-11-25 07:46:29.387,quarterly,2020Q3,דוח רבעון 3 לשנת 2020,htm,100,,rhtm/1334001-1335000/H1334452.htm,,
1334452,phoenix,2020-11-25 07:46:29.387,quarterly,2020Q3,דוח רבעון 3 לשנת 2020,pdf1,11395,198,rpdf/1334001-1335000/P1334452-00.pdf,data/sources/pdf/phoenix/2020Q3/1334452_quarterly.pdf,12b39d81a60f4e5046df639c97f0c79a1e695dc471337b316fdb480324808c48
1334452,phoenix,2020-11-25 07:46:29.387,quarterly,2020Q3,דוח רבעון 3 לשנת 2020,xbrl,18,,xbrl/1334001-1335000/X1334452.xbrl,,
1334451,phoenix,2020-11-25 07:58:15.55,presentation,2020Q3,Financial Statements Q3.2020 Investor Presentation,pdf1,2959,24,rpdf/1334001-1335000/P1334451-00.pdf,data/sources/pdf/phoenix/2020Q3/1334451_presentation.pdf,0622d1dbed5789047a968aa7beae63d5e9ffe9ffcf87eb8fcca1ce5a158a72fc
1334451,phoenix,2020-11-25 07:58:15.55,presentation,2020Q3,Financial Statements Q3.2020 Investor Presentation,htm,40,,rhtm/1334001-1335000/H1334451.htm,,
1336804,phoenix,2020-12-02 14:55:24.843,presentation,2020Q3,מצגת תוכנית אסטרטגיה לשוק ההון-2.12.20,pdf1,4190,26,rpdf/1336001-1337000/P1336804-00.pdf,data/sources/pdf/phoenix/2020Q3/1336804_presentation.pdf,abe4ff5d95dc74652f91c3b06496d275646d4640cbd083bb0026410a9887e7c4
1336804,phoenix,2020-12-02 14:55:24.843,presentation,2020Q3,מצגת תוכנית אסטרטגיה לשוק ההון-2.12.20,htm,41,,rhtm/1336001-1337000/H1336804.htm,,
1336806,phoenix,2020-12-02 14:58:27.16,presentation,2020Q3,Strategy Plan Presentation of the Phoenix Group,pdf1,2407,29,rpdf/1336001-1337000/P1336806-00.pdf,data/sources/pdf/phoenix/2020Q3/1336806_presentation.pdf,5a91bba1fcd9a7a6e6af5119d4b46b5113c43e3fbf053098b6ab17937f56befe
1336806,phoenix,2020-12-02 14:58:27.16,presentation,2020Q3,Strategy Plan Presentation of the Phoenix Group,htm,39,,rhtm/1336001-1337000/H1336806.htm,,
1336920,phoenix,2020-12-02 23:19:14.55,presentation,2020Q3,Strategy Plan Presentation of the Phoenix Group-distorted report,pdf1,1490,29,rpdf/1336001-1337000/P1336920-00.pdf,data/sources/pdf/phoenix/2020Q3/1336920_presentation.pdf,1749ede2add35fc0054ccb8d6c831068b1d28b9443478482b6155d456c5913e6
1336920,phoenix,2020-12-02 23:19:14.55,presentation,2020Q3,Strategy Plan Presentation of the Phoenix Group-distorted report,htm,42,,rhtm/1336001-1337000/H1336920.htm,,
1351326,phoenix,2021-02-11 17:13:17.043,presentation,2021FY,Investors Presentation - February 2021,htm,42,,rhtm/1351001-1352000/H1351326.htm,,
1351326,phoenix,2021-02-11 17:13:17.043,presentation,2021FY,Investors Presentation - February 2021,pdf1,1370,34,rpdf/1351001-1352000/P1351326-00.pdf,data/sources/pdf/phoenix/2021FY/1351326_presentation.pdf,d93430d37d53e6cbca372ae597e41ce63113b3e76773225168ab26463ac4cccd
1360174,phoenix,2021-03-25 08:17:15.767,liabilities,2020FY,"מצבת התחייבות החברה ליום 31.12.20, לפי מועדי פרעון",htm,200,,rhtm/1360001-1361000/H1360174.htm,,
1360183,phoenix,2021-03-25 08:26:27.73,annual,2020FY,דוח תקופתי ושנתי לשנת 2020,xbrl,19,,xbrl/1360001-1361000/X1360183.xbrl,,
1360183,phoenix,2021-03-25 08:26:27.73,annual,2020FY,דוח תקופתי ושנתי לשנת 2020,pdf1,14305,670,rpdf/1360001-1361000/P1360183-00.pdf,data/sources/pdf/phoenix/2020FY/1360183_annual.pdf,2b8f059b74f7b7329c9362593e2e4d80b4967da80dfe714b5dc2aa4823345a5d
1360183,phoenix,2021-03-25 08:26:27.73,annual,2020FY,דוח תקופתי ושנתי לשנת 2020,htm,102,,rhtm/1360001-1361000/H1360183.htm,,
1360188,phoenix,2021-03-25 08:47:25.18,presentation,2020FY,"מצגת למשקיעים, דוחות לשנת 2020 באנגלית",htm,40,,rhtm/1360001-1361000/H1360188.htm,,
1360188,phoenix,2021-03-25 08:47:25.18,presentation,2020FY,"מצגת למשקיעים, דוחות לשנת 2020 באנגלית",pdf1,1353,39,rpdf/1360001-1361000/P1360188-00.pdf,data/sources/pdf/phoenix/2020FY/1360188_presentation.pdf,abdf9d7253c4ae9dfd8117551245ee76ebb667e88563b266501fa8b3175c58a3
1365767,phoenix,2021-04-22 19:27:21.057,annual,2020FY,Periodic Report for 2020,htm,39,,rhtm/1365001-1366000/H1365767.htm,,
1365767,phoenix,2021-04-22 19:27:21.057,annual,2020FY,Periodic Report for 2020,pdf1,14879,852,rpdf/1365001-1366000/P1365767-00.pdf,data/sources/pdf/phoenix/2020FY/1365767_annual.pdf,538e4e2dbaabc8410b6b5d2dc2815220d31d33562f7e3a75da195ed902f8e988
1372478,phoenix,2021-05-27 08:00:21.3,solvency,2020FY,"דוח יחס כושר פרעון כלכלי של הפניקס חברה לביטוח בע""מ (חברת בת) לתאריך 31.12.2020",htm,41,,rhtm/1372001-1373000/H1372478.htm,,
1372478,phoenix,2021-05-27 08:00:21.3,solvency,2020FY,"דוח יחס כושר פרעון כלכלי של הפניקס חברה לביטוח בע""מ (חברת בת) לתאריך 31.12.2020",pdf1,1266,30,rpdf/1372001-1373000/P1372478-00.pdf,data/sources/pdf/phoenix/2020FY/1372478_solvency.pdf,3fdeea87aab2bf336bdceefc8773b6b6a085a2d59b32c7f7c49722585d58a8b1
1372483,phoenix,2021-05-27 08:06:24.123,liabilities,2021Q1,"מצבת התחייבות החברה ליום 31.3.21, לפי מועדי פרעון",htm,199,,rhtm/1372001-1373000/H1372483.htm,,
1372490,phoenix,2021-05-27 08:14:21.103,quarterly,2021Q1,דוח רבעון 1 לשנת 2021,htm,101,,rhtm/1372001-1373000/H1372490.htm,,
1372490,phoenix,2021-05-27 08:14:21.103,quarterly,2021Q1,דוח רבעון 1 לשנת 2021,xbrl,18,,xbrl/1372001-1373000/X1372490.xbrl,,
1372490,phoenix,2021-05-27 08:14:21.103,quarterly,2021Q1,דוח רבעון 1 לשנת 2021,pdf1,8795,172,rpdf/1372001-1373000/P1372490-00.pdf,data/sources/pdf/phoenix/2021Q1/1372490_quarterly.pdf,5db29cc12d3ad59054b2d47599333d394b11291e017daf51d10e093ec06c3a30
1372493,phoenix,2021-05-27 08:35:27.487,presentation,2021Q1,מצגת החברה לרבעון 1 2021 באנגלית,pdf1,967,36,rpdf/1372001-1373000/P1372493-00.pdf,data/sources/pdf/phoenix/2021Q1/1372493_presentation.pdf,7735479907586ab698ced53226a85c7cdf6931ebd6f4333d4a6a75c2e1c74771
1372493,phoenix,2021-05-27 08:35:27.487,presentation,2021Q1,מצגת החברה לרבעון 1 2021 באנגלית,htm,40,,rhtm/1372001-1373000/H1372493.htm,,
1372699,phoenix,2021-05-27 13:29:22.533,quarterly,2021Q1,דוח רבעון 1 לשנת 2021 - טעות סופר במספר השוואה ביאור 8א2,pdf1,8880,172,rpdf/1372001-1373000/P1372699-00.pdf,data/sources/pdf/phoenix/2021Q1/1372699_quarterly.pdf,ab567c0d0850e8c86f7083d4837283770bdc71fb64e2b37b2b4492a87bd51cca
1372699,phoenix,2021-05-27 13:29:22.533,quarterly,2021Q1,דוח רבעון 1 לשנת 2021 - טעות סופר במספר השוואה ביאור 8א2,xbrl,18,,xbrl/1372001-1373000/X1372699.xbrl,,
1372699,phoenix,2021-05-27 13:29:22.533,quarterly,2021Q1,דוח רבעון 1 לשנת 2021 - טעות סופר במספר השוואה ביאור 8א2,htm,104,,rhtm/1372001-1373000/H1372699.htm,,
1373588,phoenix,2021-05-31 11:59:22.437,solvency,2020FY,"Solvency Report  of The Phoenix Insurance Company Ltd. (Subsidiary)  as of December 31, 2020
",pdf1,1159,34,rpdf/1373001-1374000/P1373588-00.pdf,data/sources/pdf/phoenix/2020FY/1373588_solvency.pdf,ada4f564f41714a899ab448a454d71b80ef8f634bedb44f5a43fac6e9aa6ac64
1373588,phoenix,2021-05-31 11:59:22.437,solvency,2020FY,"Solvency Report  of The Phoenix Insurance Company Ltd. (Subsidiary)  as of December 31, 2020
",htm,39,,rhtm/1373001-1374000/H1373588.htm,,
1394141,phoenix,2021-08-16 15:01:22.997,quarterly,2021Q2,"The Company intends to publish its 2021 Q2 financial reports on August 25, 2021",pdf1,67,1,rpdf/1394001-1395000/P1394141-00.pdf,data/sources/pdf/phoenix/2021Q2/1394141_quarterly.pdf,d7c6f1e5a38c330996211b461e466a178b8b1961cda57e22387768afba6e882c
1394141,phoenix,2021-08-16 15:01:22.997,quarterly,2021Q2,"The Company intends to publish its 2021 Q2 financial reports on August 25, 2021",htm,40,,rhtm/1394001-1395000/H1394141.htm,,
1396552,phoenix,2021-08-25 07:58:18.813,liabilities,2021Q2,"מצבת התחייבות החברה ליום 30.6.21, לפי מועדי פרעון",htm,199,,rhtm/1396001-1397000/H1396552.htm,,
1396555,phoenix,2021-08-25 08:07:25.333,quarterly,2021Q2,דוח רבעון 2/חצי שנתי לשנת 2021,htm,101,,rhtm/1396001-1397000/H1396555.htm,,
1396555,phoenix,2021-08-25 08:07:25.333,quarterly,2021Q2,דוח רבעון 2/חצי שנתי לשנת 2021,xbrl,18,,xbrl/1396001-1397000/X1396555.xbrl,,
1396555,phoenix,2021-08-25 08:07:25.333,quarterly,2021Q2,דוח רבעון 2/חצי שנתי לשנת 2021,pdf1,11892,230,rpdf/1396001-1397000/P1396555-00.pdf,data/sources/pdf/phoenix/2021Q2/1396555_quarterly.pdf,46e529b0d50f1e0fe789d3d0f09f6fce4be4049eefba1f36f4fe81187d9691fe
1396577,phoenix,2021-08-25 09:00:15.15,presentation,2021Q2,מצגת החברה לרבעון 2 2021 באנגלית,htm,40,,rhtm/1396001-1397000/H1396577.htm,,
1396577,phoenix,2021-08-25 09:00:15.15,presentation,2021Q2,מצגת החברה לרבעון 2 2021 באנגלית,pdf1,1376,42,rpdf/1396001-1397000/P1396577-00.pdf,data/sources/pdf/phoenix/2021Q2/1396577_presentation.pdf,0d12e17d87e0eed4401fcb58758bd6d6b106634a414719ad22e06a53652686c7
1410666,phoenix,2021-11-11 10:08:21.787,quarterly,2021Q3,"to publish its 2021 Q3 financial reports  and conferance call on November 30, 2021",htm,40,,rhtm/1410001-1411000/H1410666.htm,,
1410666,phoenix,2021-11-11 10:08:21.787,quarterly,2021Q3,"to publish its 2021 Q3 financial reports  and conferance call on November 30, 2021",pdf1,91,1,rpdf/1410001-1411000/P1410666-00.pdf,data/sources/pdf/phoenix/2021Q3/1410666_quarterly.pdf,6883f11433c973677c02acc81a2eee780abdd9afa8d2631e1c2f83a5812f52c1
1414918,phoenix,2021-11-30 07:17:19.51,liabilities,2021Q3,"מצבת התחייבות החברה ליום 30.9.21, לפי מועדי פרעון",htm,199,,rhtm/1414001-1415000/H1414918.htm,,
1414921,phoenix,2021-11-30 07:28:28.503,quarterly,2021Q3,דוח רבעון 3 לשנת 2021,xbrl,18,,xbrl/1414001-1415000/X1414921.xbrl,,
1414921,phoenix,2021-11-30 07:28:28.503,quarterly,2021Q3,דוח רבעון 3 לשנת 2021,pdf1,7597,200,rpdf/1414001-1415000/P1414921-00.pdf,data/sources/pdf/phoenix/2021Q3/1414921_quarterly.pdf,a03250db3e9ce9c5806ea7f30154187c461e09111c7fedd7f708c91509317a36
1414921,phoenix,2021-11-30 07:28:28.503,quarterly,2021Q3,דוח רבעון 3 לשנת 2021,htm,101,,rhtm/1414001-1415000/H1414921.htm,,
1414923,phoenix,2021-11-30 07:47:33.747,presentation,2021Q3,מצגת משקיעים לרבעון 3 לשנת 2021,pdf1,1217,40,rpdf/1414001-1415000/P1414923-00.pdf,data/sources/pdf/phoenix/2021Q3/1414923_presentation.pdf,c149a3d946d44f87acc40df5e6c19899faab3f227a1836ad564be78ed0a3c2f1
1414923,phoenix,2021-11-30 07:47:33.747,presentation,2021Q3,מצגת משקיעים לרבעון 3 לשנת 2021,htm,40,,rhtm/1414001-1415000/H1414923.htm,,
1417622,phoenix,2021-12-13 12:26:31.403,quarterly,2021Q3,The Phoenix Holdings Ltd. 2021 Q3 financial report - translated version,htm,39,,rhtm/1417001-1418000/H1417622.htm,,
1417622,phoenix,2021-12-13 12:26:31.403,quarterly,2021Q3,The Phoenix Holdings Ltd. 2021 Q3 financial report - translated version,pdf1,8230,202,rpdf/1417001-1418000/P1417622-00.pdf,data/sources/pdf/phoenix/2021Q3/1417622_quarterly.pdf,2771f5ebaf67aa42d78e26f4376ada4e35d19e8eaf4a5511c873d8554514d6b0
1439907,phoenix,2022-03-29 08:45:25.34,liabilities,2021FY,"מצבת התחייבות החברה ליום 31.12.21, לפי מועדי פרעון",htm,199,,rhtm/1439001-1440000/H1439907.htm,,
1439936,phoenix,2022-03-29 09:09:24.71,annual,2021FY,דוח תקופתי ושנתי לשנת 2021,xbrl,19,,xbrl/1439001-1440000/X1439936.xbrl,,
1439936,phoenix,2022-03-29 09:09:24.71,annual,2021FY,דוח תקופתי ושנתי לשנת 2021,pdf1,13529,694,rpdf/1439001-1440000/P1439936-00.pdf,data/sources/pdf/phoenix/2021FY/1439936_annual.pdf,075ff1e722a67dc978de0f8784f20ff4fc0d95003fdad2fd2a4c5c7c6fa8ad01
1439936,phoenix,2022-03-29 09:09:24.71,annual,2021FY,דוח תקופתי ושנתי לשנת 2021,htm,102,,rhtm/1439001-1440000/H1439936.htm,,
1439944,phoenix,2022-03-29 09:37:19.97,presentation,2021FY,מצגת משקיעים-תוצאות כספיות 2021 ועדכון יעדי התוכנית האסטרטגית של החברה,pdf1,853,44,rpdf/1439001-1440000/P1439944-00.pdf,data/sources/pdf/phoenix/2021FY/1439944_presentation.pdf,70ccb00a9d77d84a3c508ecaadbc04cf08e5536705580d9dc4e389a4ef29f1cf
1439944,phoenix,2022-03-29 09:37:19.97,presentation,2021FY,מצגת משקיעים-תוצאות כספיות 2021 ועדכון יעדי התוכנית האסטרטגית של החברה,htm,41,,rhtm/1439001-1440000/H1439944.htm,,
1446665,phoenix,2022-04-28 16:32:26.81,annual,2021FY,Annual Report for 2021,pdf1,15441,768,rpdf/1446001-1447000/P1446665-00.pdf,data/sources/pdf/phoenix/2021FY/1446665_annual.pdf,a3daf0593c5a721a7c66fbd597ef67046ca66a2a986b59ff22f8a7f42c8105ca
1446665,phoenix,2022-04-28 16:32:26.81,annual,2021FY,Annual Report for 2021,htm,39,,rhtm/1446001-1447000/H1446665.htm,,
1453584,phoenix,2022-05-31 08:20:17.307,liabilities,2022Q1,"מצבת התחייבות החברה ליום 31.3.22, לפי מועדי פרעון",htm,199,,rhtm/1453001-1454000/H1453584.htm,,
1453595,phoenix,2022-05-31 08:29:24.3,quarterly,2022Q1,דוח רבעון 1 לשנת 2022,htm,101,,rhtm/1453001-1454000/H1453595.htm,,
1453595,phoenix,2022-05-31 08:29:24.3,quarterly,2022Q1,דוח רבעון 1 לשנת 2022,xbrl,18,,xbrl/1453001-1454000/X1453595.xbrl,,
1453595,phoenix,2022-05-31 08:29:24.3,quarterly,2022Q1,דוח רבעון 1 לשנת 2022,pdf1,11916,161,rpdf/1453001-1454000/P1453595-00.pdf,data/sources/pdf/phoenix/2022Q1/1453595_quarterly.pdf,5271cee417bb59c2e85d51863b984d261996519abe9c7f982689b0bc579727a7
1453581,phoenix,2022-05-31 08:33:20.84,presentation,2022Q1,מצגת משקיעים - דוחות כספיים לרבעון 1 2022 - Financial Statements Q1.2022 Investor Presentation,pdf1,1495,39,rpdf/1453001-1454000/P1453581-00.pdf,data/sources/pdf/phoenix/2022Q1/1453581_presentation.pdf,1764902a46cc6fd0eb16747e7efa0868c5faf9e1ae90d94aa10ca7c964a159e1
1453581,phoenix,2022-05-31 08:33:20.84,presentation,2022Q1,מצגת משקיעים - דוחות כספיים לרבעון 1 2022 - Financial Statements Q1.2022 Investor Presentation,htm,40,,rhtm/1453001-1454000/H1453581.htm,,
1453591,phoenix,2022-05-31 08:44:17.433,solvency,2021FY,דוח יחס כושר פרעון כלכלי של פניקס ביטוח לתאריך 31.12.2021,pdf1,747,30,rpdf/1453001-1454000/P1453591-00.pdf,data/sources/pdf/phoenix/2021FY/1453591_solvency.pdf,7a277b45fecfae499264ed8e98d192aa780c468f4ea1b2a0abbe0ef53c12ab70
1453591,phoenix,2022-05-31 08:44:17.433,solvency,2021FY,דוח יחס כושר פרעון כלכלי של פניקס ביטוח לתאריך 31.12.2021,htm,41,,rhtm/1453001-1454000/H1453591.htm,,
1454853,phoenix,2022-06-06 14:03:22.373,solvency,2021FY,"Solvency Report  of The Phoenix Insurance Company Ltd. (Subsidiary)  as of December 31, 2021",pdf1,1288,34,rpdf/1454001-1455000/P1454853-00.pdf,data/sources/pdf/phoenix/2021FY/1454853_solvency.pdf,3d41c2efeb43d98ecfbe216597a423c24de7e13459b0849c5eae94369db148d1
1454853,phoenix,2022-06-06 14:03:22.373,solvency,2021FY,"Solvency Report  of The Phoenix Insurance Company Ltd. (Subsidiary)  as of December 31, 2021",htm,39,,rhtm/1454001-1455000/H1454853.htm,,
1472750,phoenix,2022-08-25 08:13:27.56,liabilities,2022Q2,"מצבת התחייבות החברה ליום 30.6.22, לפי מועדי פרעון",htm,199,,rhtm/1472001-1473000/H1472750.htm,,
1472756,phoenix,2022-08-25 08:20:24.487,quarterly,2022Q2,דוח רבעון 2/חצי שנתי לשנת 2022,pdf1,11486,187,rpdf/1472001-1473000/P1472756-00.pdf,data/sources/pdf/phoenix/2022Q2/1472756_quarterly.pdf,e5517812358f9255ae0fbdb58b042489b9fab4dcf78f6d1ede0a2eb49881eabc
1472756,phoenix,2022-08-25 08:20:24.487,quarterly,2022Q2,דוח רבעון 2/חצי שנתי לשנת 2022,htm,101,,rhtm/1472001-1473000/H1472756.htm,,
1472756,phoenix,2022-08-25 08:20:24.487,quarterly,2022Q2,דוח רבעון 2/חצי שנתי לשנת 2022,xbrl,18,,xbrl/1472001-1473000/X1472756.xbrl,,
1472747,phoenix,2022-08-25 08:30:26.273,presentation,2022Q2,מצגת לשוק ההון- רבעון 2 לשנת 2022- Investor Presentation- H1.2022,htm,40,,rhtm/1472001-1473000/H1472747.htm,,
1472747,phoenix,2022-08-25 08:30:26.273,presentation,2022Q2,מצגת לשוק ההון- רבעון 2 לשנת 2022- Investor Presentation- H1.2022,pdf1,820,41,rpdf/1472001-1473000/P1472747-00.pdf,data/sources/pdf/phoenix/2022Q2/1472747_presentation.pdf,23e9a719428a231439428523525af3824cf5f957f57121643752c079fc17ca16
1489608,phoenix,2022-11-30 07:48:32.383,liabilities,2022Q3,"מצבת התחייבות החברה ליום 30.9.22, לפי מועדי פרעון",htm,199,,rhtm/1489001-1490000/H1489608.htm,,
1489609,phoenix,2022-11-30 07:51:16.157,quarterly,2022Q3,דוח רבעון 3 לשנת 2022,pdf1,11989,186,rpdf/1489001-1490000/P1489609-00.pdf,data/sources/pdf/phoenix/2022Q3/1489609_quarterly.pdf,a6a1075fa38ade321d0b26c1963e3d8e9e0ddde0a072bebcbbb5d0af154d0f6f
1489609,phoenix,2022-11-30 07:51:16.157,quarterly,2022Q3,דוח רבעון 3 לשנת 2022,htm,101,,rhtm/1489001-1490000/H1489609.htm,,
1489609,phoenix,2022-11-30 07:51:16.157,quarterly,2022Q3,דוח רבעון 3 לשנת 2022,xbrl,18,,xbrl/1489001-1490000/X1489609.xbrl,,
1489611,phoenix,2022-11-30 08:10:18.713,presentation,2022Q3,Financial Statements Q3.2022 Investor Presentation,htm,41,,rhtm/1489001-1490000/H1489611.htm,,
1489611,phoenix,2022-11-30 08:10:18.713,presentation,2022Q3,Financial Statements Q3.2022 Investor Presentation,pdf1,1602,42,rpdf/1489001-1490000/P1489611-00.pdf,data/sources/pdf/phoenix/2022Q3/1489611_presentation.pdf,17ae10f785b788b1382c86dc2fc30b341a92842319d8814459db5fc8d2e0b6a0
1489626,phoenix,2022-11-30 08:53:15.197,solvency,2022Q3,"דוח יחס כושר פירעון כלכלי של הפניקס ביטוח ליום 30 ביוני, 2022",htm,42,,rhtm/1489001-1490000/H1489626.htm,,
1489626,phoenix,2022-11-30 08:53:15.197,solvency,2022Q3,"דוח יחס כושר פירעון כלכלי של הפניקס ביטוח ליום 30 ביוני, 2022",pdf1,1436,28,rpdf/1489001-1490000/P1489626-00.pdf,data/sources/pdf/phoenix/2022Q3/1489626_solvency.pdf,ad148863dc363c3979fd859b6b534e2e564ef33b54fcfaadca48d34db935df74
1489637,phoenix,2022-11-30 09:08:16.76,solvency,2022Q2,"Solvency Report  of The Phoenix Insurance Company Ltd. (Subsidiary)  as of June 30, 2022
",pdf1,1266,32,rpdf/1489001-1490000/P1489637-00.pdf,data/sources/pdf/phoenix/2022Q2/1489637_solvency.pdf,76a3711bcd68490e2900407b460da00675f41f4be3f641b59a527ed96556cc18
1489637,phoenix,2022-11-30 09:08:16.76,solvency,2022Q2,"Solvency Report  of The Phoenix Insurance Company Ltd. (Subsidiary)  as of June 30, 2022
",htm,39,,rhtm/1489001-1490000/H1489637.htm,,
1492350,phoenix,2022-12-14 12:32:16.227,quarterly,2022Q3,"2022 Q3 financial report - translated version [The Hebrew 2022 Q3 report was published on November 30, 2022]",htm,40,,rhtm/1492001-1493000/H1492350.htm,,
1492350,phoenix,2022-12-14 12:32:16.227,quarterly,2022Q3,"2022 Q3 financial report - translated version [The Hebrew 2022 Q3 report was published on November 30, 2022]",pdf1,9995,209,rpdf/1492001-1493000/P1492350-00.pdf,data/sources/pdf/phoenix/2022Q3/1492350_quarterly.pdf,5a452813dc274fd3162162ce6ff7e48efd9b2b53e43cb64e2b3e9af3ba643ca6
1512503,phoenix,2023-03-23 08:08:15.47,liabilities,2022FY,"מצבת התחייבות החברה ליום 31.12.22, לפי מועדי פרעון",htm,225,,rhtm/1512001-1513000/H1512503.htm,,
1512506,phoenix,2023-03-23 08:13:23.72,annual,2022FY,דוח תקופתי ושנתי לשנת 2022,xbrl,19,,xbrl/1512001-1513000/X1512506.xbrl,,
1512506,phoenix,2023-03-23 08:13:23.72,annual,2022FY,דוח תקופתי ושנתי לשנת 2022,pdf1,14173,693,rpdf/1512001-1513000/P1512506-00.pdf,data/sources/pdf/phoenix/2022FY/1512506_annual.pdf,f90cc908d2ea2c0b8401a572bfe1e22edbd170069ff130670a75794cd742abdf
1512506,phoenix,2023-03-23 08:13:23.72,annual,2022FY,דוח תקופתי ושנתי לשנת 2022,htm,107,,rhtm/1512001-1513000/H1512506.htm,,
1512508,phoenix,2023-03-23 08:33:22.387,presentation,2022FY,Financial Statements 2022 Investor Presentation,htm,41,,rhtm/1512001-1513000/H1512508.htm,,
1512508,phoenix,2023-03-23 08:33:22.387,presentation,2022FY,Financial Statements 2022 Investor Presentation,pdf1,692,44,rpdf/1512001-1513000/P1512508-00.pdf,data/sources/pdf/phoenix/2022FY/1512508_presentation.pdf,32df34070e0cf380a15b40fd05465ad31d621fca51f50e5b8fe5077ffdb6b062
1518687,phoenix,2023-04-23 22:43:20.833,annual,2022FY,Annual Report for 2022 - translated version,htm,40,,rhtm/1518001-1519000/H1518687.htm,,
1518687,phoenix,2023-04-23 22:43:20.833,annual,2022FY,Annual Report for 2022 - translated version,pdf1,12566,787,rpdf/1518001-1519000/P1518687-00.pdf,data/sources/pdf/phoenix/2022FY/1518687_annual.pdf,b7e22c56c4a76d07708fdef65f087c61ae6e5cde2c6e609876370bf92fc5ae43
1525390,phoenix,2023-05-31 08:02:19.48,liabilities,2023Q1,"מצבת התחייבות החברה ליום 31.3.23, לפי מועדי פרעון",htm,225,,rhtm/1525001-1526000/H1525390.htm,,
1525391,phoenix,2023-05-31 08:06:16.243,quarterly,2023Q1,דוח רבעון 1 לשנת 2023,htm,107,,rhtm/1525001-1526000/H1525391.htm,,
1525391,phoenix,2023-05-31 08:06:16.243,quarterly,2023Q1,דוח רבעון 1 לשנת 2023,pdf1,12007,198,rpdf/1525001-1526000/P1525391-00.pdf,data/sources/pdf/phoenix/2023Q1/1525391_quarterly.pdf,dfb1bab3ebc5faeb757191dcbd4714ad6b2c1c4107c20ecf7711b8794b026a33
1525391,phoenix,2023-05-31 08:06:16.243,quarterly,2023Q1,דוח רבעון 1 לשנת 2023,xbrl,18,,xbrl/1525001-1526000/X1525391.xbrl,,
1525392,phoenix,2023-05-31 08:25:25.423,presentation,2023Q1,Financial Statements Q1.2023 Investor Presentation,htm,41,,rhtm/1525001-1526000/H1525392.htm,,
1525392,phoenix,2023-05-31 08:25:25.423,presentation,2023Q1,Financial Statements Q1.2023 Investor Presentation,pdf1,797,45,rpdf/1525001-1526000/P1525392-00.pdf,data/sources/pdf/phoenix/2023Q1/1525392_presentation.pdf,e990b38f96b5a59266c6646b19ee8b49c65661e4b2b1e655a0efff2b405cca9a
1528069,phoenix,2023-06-13 17:55:20.35,quarterly,2023Q1,The Phoenix Holdings Ltd. 2023 Q1 Financial Report - translated version,htm,40,,rhtm/1528001-1529000/H1528069.htm,,
1528069,phoenix,2023-06-13 17:55:20.35,quarterly,2023Q1,The Phoenix Holdings Ltd. 2023 Q1 Financial Report - translated version,pdf1,10913,228,rpdf/1528001-1529000/P1528069-00.pdf,data/sources/pdf/phoenix/2023Q1/1528069_quarterly.pdf,e8caa8dde836771a2edf94130a8219dcbd55157801c55c33c8b81273deece07a
1543059,phoenix,2023-08-24 07:50:29.3,liabilities,2023Q2,"מצבת התחייבות החברה ליום 30.6.23, לפי מועדי פרעון",htm,225,,rhtm/1543001-1544000/H1543059.htm,,
1543063,phoenix,2023-08-24 07:54:27.68,quarterly,2023Q2,דוח רבעון 2/חצי שנתי לשנת 2023,htm,107,,rhtm/1543001-1544000/H1543063.htm,,
1543063,phoenix,2023-08-24 07:54:27.68,quarterly,2023Q2,דוח רבעון 2/חצי שנתי לשנת 2023,pdf1,11016,201,rpdf/1543001-1544000/P1543063-00.pdf,data/sources/pdf/phoenix/2023Q2/1543063_quarterly.pdf,cc9c3a2a45f4063ba8c8c7eba705a982f005ef2bc2bc1c1a4656c9d328071870
1543063,phoenix,2023-08-24 07:54:27.68,quarterly,2023Q2,דוח רבעון 2/חצי שנתי לשנת 2023,xbrl,18,,xbrl/1543001-1544000/X1543063.xbrl,,
1543064,phoenix,2023-08-24 08:14:27.937,presentation,2023Q2,מצגת לשוק ההון- רבעון 2 לשנת 2023,htm,41,,rhtm/1543001-1544000/H1543064.htm,,
1543064,phoenix,2023-08-24 08:14:27.937,presentation,2023Q2,מצגת לשוק ההון- רבעון 2 לשנת 2023,pdf1,1497,45,rpdf/1543001-1544000/P1543064-00.pdf,data/sources/pdf/phoenix/2023Q2/1543064_presentation.pdf,5ec2964c3910ba7efe86ab70ad6d7a18df8142d0256893571ed173c41d6ea018
1546402,phoenix,2023-09-07 10:52:25.823,quarterly,2023Q2,The Phoenix Holdings Ltd. 2023 Q2 Financial Report - translated version,htm,40,,rhtm/1546001-1547000/H1546402.htm,,
1546402,phoenix,2023-09-07 10:52:25.823,quarterly,2023Q2,The Phoenix Holdings Ltd. 2023 Q2 Financial Report - translated version,pdf1,10294,206,rpdf/1546001-1547000/P1546402-00.pdf,data/sources/pdf/phoenix/2023Q2/1546402_quarterly.pdf,15ab9da89998c1c0eab1818c01e7f0faa9acb9baade722f5f120a16f90f05ed8
1560471,phoenix,2023-11-29 08:06:12.893,liabilities,2023Q3,"מצבת התחייבות החברה ליום 30.9.23, לפי מועדי פרעון",htm,225,,rhtm/1560001-1561000/H1560471.htm,,
1560474,phoenix,2023-11-29 08:11:18.42,quarterly,2023Q3,דוח רבעון 3 לשנת 2023,htm,107,,rhtm/1560001-1561000/H1560474.htm,,
1560474,phoenix,2023-11-29 08:11:18.42,quarterly,2023Q3,דוח רבעון 3 לשנת 2023,pdf1,15301,243,rpdf/1560001-1561000/P1560474-00.pdf,data/sources/pdf/phoenix/2023Q3/1560474_quarterly.pdf,3c5375a7ce37aad3c6cca0b2125137bf9357955a02cb26d432f9bc30cec9f9e0
1560474,phoenix,2023-11-29 08:11:18.42,quarterly,2023Q3,דוח רבעון 3 לשנת 2023,xbrl,18,,xbrl/1560001-1561000/X1560474.xbrl,,
1560476,phoenix,2023-11-29 08:30:13.027,presentation,2023Q3,Phoenix Holdings Financial Statements Q3.2023 Investor Presentation,pdf1,4130,48,rpdf/1560001-1561000/P1560476-00.pdf,data/sources/pdf/phoenix/2023Q3/1560476_presentation.pdf,4cf41bc842f5a2a7886091aae0a2864ffb6acd0d5d935f558da220ce996e317e
1560476,phoenix,2023-11-29 08:30:13.027,presentation,2023Q3,Phoenix Holdings Financial Statements Q3.2023 Investor Presentation,htm,41,,rhtm/1560001-1561000/H1560476.htm,,
1563189,phoenix,2023-12-12 23:09:18.517,quarterly,2023Q3,2023 Q3 Financial Report - translated version,pdf1,11735,269,rpdf/1563001-1564000/P1563189-00.pdf,data/sources/pdf/phoenix/2023Q3/1563189_quarterly.pdf,368699ed58d24fd4d9bdce279ffb73af236ab1753ed9ca593d7bfbc2484df19b
1563189,phoenix,2023-12-12 23:09:18.517,quarterly,2023Q3,2023 Q3 Financial Report - translated version,htm,40,,rhtm/1563001-1564000/H1563189.htm,,
1582321,phoenix,2024-03-27 07:27:16.027,liabilities,2023FY,"מצבת התחייבות החברה ליום 31.12.23, לפי מועדי פרעון",htm,225,,rhtm/1582001-1583000/H1582321.htm,,
1582330,phoenix,2024-03-27 07:37:12.487,annual,2023FY,דוח תקופתי ושנתי לשנת 2023,xbrl,19,,xbrl/1582001-1583000/X1582330.xbrl,,
1582330,phoenix,2024-03-27 07:37:12.487,annual,2023FY,דוח תקופתי ושנתי לשנת 2023,pdf1,20149,694,rpdf/1582001-1583000/P1582330-00.pdf,data/sources/pdf/phoenix/2023FY/1582330_annual.pdf,d5955697726f820ecdd073aed78723df022eef6ff6e2d573ad7a449d170be57b
1582330,phoenix,2024-03-27 07:37:12.487,annual,2023FY,דוח תקופתי ושנתי לשנת 2023,htm,108,,rhtm/1582001-1583000/H1582330.htm,,
1582333,phoenix,2024-03-27 07:59:15.11,presentation,2023FY,מצגת -דוחות כספיים לשנת 2023,pdf1,942,49,rpdf/1582001-1583000/P1582333-00.pdf,data/sources/pdf/phoenix/2023FY/1582333_presentation.pdf,dfec89828e06d8c0c1990c7e5d408d9f3c6fd07f9cfb84b08e708fc4d5bbbb72
1582333,phoenix,2024-03-27 07:59:15.11,presentation,2023FY,מצגת -דוחות כספיים לשנת 2023,htm,41,,rhtm/1582001-1583000/H1582333.htm,,
1590373,phoenix,2024-05-05 19:08:16.093,annual,2023FY,Periodic Report for 2023 - translated version [The Hebrew periodic report was published on 27 March 2024],pdf1,25007,775,rpdf/1590001-1591000/P1590373-00.pdf,data/sources/pdf/phoenix/2023FY/1590373_annual.pdf,337c4c0d6fc275f6e078b0835f177e463c0e3353d81352c59db725984b93a40b
1590373,phoenix,2024-05-05 19:08:16.093,annual,2023FY,Periodic Report for 2023 - translated version [The Hebrew periodic report was published on 27 March 2024],htm,40,,rhtm/1590001-1591000/H1590373.htm,,
1595185,phoenix,2024-05-29 07:46:15.327,liabilities,2024Q1,"מצבת התחייבות החברה ליום 31.3.24, לפי מועדי פרעון",htm,225,,rhtm/1595001-1596000/H1595185.htm,,
1595204,phoenix,2024-05-29 08:14:16.133,quarterly,2024Q1,דוח רבעון 1 לשנת 2024,xbrl,18,,xbrl/1595001-1596000/X1595204.xbrl,,
1595204,phoenix,2024-05-29 08:14:16.133,quarterly,2024Q1,דוח רבעון 1 לשנת 2024,pdf1,10311,196,rpdf/1595001-1596000/P1595204-00.pdf,data/sources/pdf/phoenix/2024Q1/1595204_quarterly.pdf,30717f0241ba4b0d5ab25d011da15fe188ef1ce8564fecf6dbdb45fcd31dc260
1595204,phoenix,2024-05-29 08:14:16.133,quarterly,2024Q1,דוח רבעון 1 לשנת 2024,htm,107,,rhtm/1595001-1596000/H1595204.htm,,
1595207,phoenix,2024-05-29 08:35:12.333,presentation,2024Q1,מצגת לשוק ההון- רבעון 1 לשנת 2024-אנגלית,pdf1,738,42,rpdf/1595001-1596000/P1595207-00.pdf,data/sources/pdf/phoenix/2024Q1/1595207_presentation.pdf,f938b4b58ae55e27eaea1d8d7b23cb3fd9d73f0d1f9b109ba967a42bd1b66cbf
1595207,phoenix,2024-05-29 08:35:12.333,presentation,2024Q1,מצגת לשוק ההון- רבעון 1 לשנת 2024-אנגלית,htm,41,,rhtm/1595001-1596000/H1595207.htm,,
1598094,phoenix,2024-06-13 17:41:15.613,quarterly,2024Q1,2024 Q1 Financial Report - translated version,pdf1,10421,210,rpdf/1598001-1599000/P1598094-00.pdf,data/sources/pdf/phoenix/2024Q1/1598094_quarterly.pdf,247df1e1b715dbaef9f2871d097dae6d91cb08d7936884a8d22d5684be9d5b16
1598094,phoenix,2024-06-13 17:41:15.613,quarterly,2024Q1,2024 Q1 Financial Report - translated version,htm,40,,rhtm/1598001-1599000/H1598094.htm,,
1612624,phoenix,2024-08-22 07:59:11.637,liabilities,2024Q2,"מצבת התחייבות החברה ליום 30.6.24, לפי מועדי פרעון",htm,225,,rhtm/1612001-1613000/H1612624.htm,,
1612628,phoenix,2024-08-22 08:04:14.807,quarterly,2024Q2,דוח רבעון 2/חצי שנתי לשנת 2024,xbrl,18,,xbrl/1612001-1613000/X1612628.xbrl,,
1612628,phoenix,2024-08-22 08:04:14.807,quarterly,2024Q2,דוח רבעון 2/חצי שנתי לשנת 2024,pdf1,10792,201,rpdf/1612001-1613000/P1612628-00.pdf,data/sources/pdf/phoenix/2024Q2/1612628_quarterly.pdf,f10911ef1248845b57d3d5ac18d984cab380fc20ebafaeb806d537985a990e78
1612628,phoenix,2024-08-22 08:04:14.807,quarterly,2024Q2,דוח רבעון 2/חצי שנתי לשנת 2024,htm,114,,rhtm/1612001-1613000/H1612628.htm,,
1612630,phoenix,2024-08-22 08:23:14.647,presentation,2024Q2,מצגת - H1/2024,pdf1,1902,44,rpdf/1612001-1613000/P1612630-00.pdf,data/sources/pdf/phoenix/2024Q2/1612630_presentation.pdf,ee222e8d27ff9c21b56782ec8f5a58ac69f2b3db32138311800b2d8aec84a86b
1612630,phoenix,2024-08-22 08:23:14.647,presentation,2024Q2,מצגת - H1/2024,htm,41,,rhtm/1612001-1613000/H1612630.htm,,
1612691,phoenix,2024-08-22 10:14:14.107,presentation,2024Q2,מצגת - H1/2024-תיקון שקף מס' 14,htm,44,,rhtm/1612001-1613000/H1612691.htm,,
1612691,phoenix,2024-08-22 10:14:14.107,presentation,2024Q2,מצגת - H1/2024-תיקון שקף מס' 14,pdf1,822,44,rpdf/1612001-1613000/P1612691-00.pdf,data/sources/pdf/phoenix/2024Q2/1612691_presentation.pdf,f2b5d9db7fc539d24093fee78365592728a0739e114c43f9def84525083d4f13
1612784,phoenix,2024-08-22 13:51:14.667,quarterly,2024Q2,דוח רבעון 2/חצי שנתי - תיקון טעות סופר בנתוני רווח למניה לתקופה של 3 חודשים,htm,117,,rhtm/1612001-1613000/H1612784.htm,,
1612784,phoenix,2024-08-22 13:51:14.667,quarterly,2024Q2,דוח רבעון 2/חצי שנתי - תיקון טעות סופר בנתוני רווח למניה לתקופה של 3 חודשים,pdf1,10825,201,rpdf/1612001-1613000/P1612784-00.pdf,data/sources/pdf/phoenix/2024Q2/1612784_quarterly.pdf,63ad0b5ff86498787f24486275557037c01191c9a2d284a8c901845bcbe1a424
1612784,phoenix,2024-08-22 13:51:14.667,quarterly,2024Q2,דוח רבעון 2/חצי שנתי - תיקון טעות סופר בנתוני רווח למניה לתקופה של 3 חודשים,xbrl,18,,xbrl/1612001-1613000/X1612784.xbrl,,
1615887,phoenix,2024-09-05 13:18:14.12,quarterly,2024Q2,Q2 2024 Financial Report - translated version,htm,40,,rhtm/1615001-1616000/H1615887.htm,,
1615887,phoenix,2024-09-05 13:18:14.12,quarterly,2024Q2,Q2 2024 Financial Report - translated version,pdf1,15399,226,rpdf/1615001-1616000/P1615887-00.pdf,data/sources/pdf/phoenix/2024Q2/1615887_quarterly.pdf,78f05be5d69432101037ef844dec3a7a1cca80b4d0e84fb6bc4876527a05e332
1629469,phoenix,2024-11-27 07:41:15.693,liabilities,2024Q3,"מצבת התחייבות החברה ליום 30.9.24, לפי מועדי פרעון",htm,225,,rhtm/1629001-1630000/H1629469.htm,,
1629470,phoenix,2024-11-27 07:46:12.883,quarterly,2024Q3,דוח רבעון 3 לשנת 2024,xbrl,18,,xbrl/1629001-1630000/X1629470.xbrl,,
1629470,phoenix,2024-11-27 07:46:12.883,quarterly,2024Q3,דוח רבעון 3 לשנת 2024,htm,114,,rhtm/1629001-1630000/H1629470.htm,,
1629470,phoenix,2024-11-27 07:46:12.883,quarterly,2024Q3,דוח רבעון 3 לשנת 2024,pdf1,12459,245,rpdf/1629001-1630000/P1629470-00.pdf,data/sources/pdf/phoenix/2024Q3/1629470_quarterly.pdf,489e169cc1218c9e0662ced9e6f9f225cd1609759bc2ff54b759132570d8a256
1629471,phoenix,2024-11-27 08:06:15.9,presentation,2024Q3,מצגת- רבעון 3 לשנת 2024 באנגלית,pdf1,1103,50,rpdf/1629001-1630000/P1629471-00.pdf,data/sources/pdf/phoenix/2024Q3/1629471_presentation.pdf,0f1d968bb45c8d7307d7f2117cf33aa4d1f2bd62a1cb1c4ccfdd438d709c6d33
1629471,phoenix,2024-11-27 08:06:15.9,presentation,2024Q3,מצגת- רבעון 3 לשנת 2024 באנגלית,htm,41,,rhtm/1629001-1630000/H1629471.htm,,
1631531,phoenix,2024-12-04 09:38:15.037,presentation,2024Q3,מצגת משקיעים Q3 2024  - גרסא מתורגמת לעברית,pdf1,1089,49,rpdf/1631001-1632000/P1631531-00.pdf,data/sources/pdf/phoenix/2024Q3/1631531_presentation.pdf,7a3dcd9bbd7a1e775d7a6375fd80b0cf3803dc8d6daa2d69a1baa22d61722921
1631531,phoenix,2024-12-04 09:38:15.037,presentation,2024Q3,מצגת משקיעים Q3 2024  - גרסא מתורגמת לעברית,htm,42,,rhtm/1631001-1632000/H1631531.htm,,
1632757,phoenix,2024-12-10 20:22:13.467,quarterly,2024Q3,Q3 2024 Financial Report - translated version,pdf1,10766,267,rpdf/1632001-1633000/P1632757-00.pdf,data/sources/pdf/phoenix/2024Q3/1632757_quarterly.pdf,ee9c2adc02c4d7625121a834122ab1d50c6ced2272cba64ca45547e0eb953b98
1632757,phoenix,2024-12-10 20:22:13.467,quarterly,2024Q3,Q3 2024 Financial Report - translated version,htm,40,,rhtm/1632001-1633000/H1632757.htm,,
1650851,phoenix,2025-03-13 07:26:06.42,liabilities,2024FY,"מצבת התחייבות החברה ליום 31.12.24, לפי מועדי פרעון",htm,223,,rhtm/1650001-1651000/H1650851.htm,,
1650853,phoenix,2025-03-13 07:45:04.173,annual,2024FY,דוח תקופתי ושנתי לשנת 2024,xbrl,19,,xbrl/1650001-1651000/X1650853.xbrl,,
1650853,phoenix,2025-03-13 07:45:04.173,annual,2024FY,דוח תקופתי ושנתי לשנת 2024,pdf1,14414,747,rpdf/1650001-1651000/P1650853-00.pdf,data/sources/pdf/phoenix/2024FY/1650853_annual.pdf,87ed065ae8a8bac0049f81b9749478e7eb7ffe4e9e667f05e8cd4013ad20824c
1650853,phoenix,2025-03-13 07:45:04.173,annual,2024FY,דוח תקופתי ושנתי לשנת 2024,htm,118,,rhtm/1650001-1651000/H1650853.htm,,
1650854,phoenix,2025-03-13 08:04:01.303,presentation,2024FY,מצגת משקיעים 2024,pdf1,960,49,rpdf/1650001-1651000/P1650854-00.pdf,data/sources/pdf/phoenix/2024FY/1650854_presentation.pdf,560998b483dcab085136a63d100e2d9a79236859109217980aa87d258e67ed6c
1650854,phoenix,2025-03-13 08:04:01.303,presentation,2024FY,מצגת משקיעים 2024,htm,43,,rhtm/1650001-1651000/H1650854.htm,,
1650855,phoenix,2025-03-13 08:06:02.06,presentation,2024FY,Financial  Investor Presentation 2024,pdf1,1053,50,rpdf/1650001-1651000/P1650855-00.pdf,data/sources/pdf/phoenix/2024FY/1650855_presentation.pdf,277ca63ec54a61920b07dee7909bca44cf2f18d9fd97cf714caacd8b27458918
1650855,phoenix,2025-03-13 08:06:02.06,presentation,2024FY,Financial  Investor Presentation 2024,htm,41,,rhtm/1650001-1651000/H1650855.htm,,
1658142,phoenix,2025-04-10 17:23:02.117,annual,2024FY,Annual Report for 2024 - translated version,pdf1,21120,807,rpdf/1658001-1659000/P1658142-00.pdf,data/sources/pdf/phoenix/2024FY/1658142_annual.pdf,08e76abe1a81afb12baa990432445b0320d1b7cd47debed1717b4832c8848c0b
1658142,phoenix,2025-04-10 17:23:02.117,annual,2024FY,Annual Report for 2024 - translated version,htm,40,,rhtm/1658001-1659000/H1658142.htm,,
1668026,phoenix,2025-05-29 07:36:01.723,liabilities,2025Q1,"מצבת התחייבות החברה ליום 31.3.25, לפי מועדי פרעון",htm,223,,rhtm/1668001-1669000/H1668026.htm,,
1668034,phoenix,2025-05-29 07:42:02.197,quarterly,2025Q1,דוח רבעון 1 לשנת 2025,pdf1,22514,249,rpdf/1668001-1669000/P1668034-00.pdf,data/sources/pdf/phoenix/2025Q1/1668034_quarterly.pdf,dc9bcafd97f689e5001905847ad86831059065af377c3394adca628e1140984e
1668034,phoenix,2025-05-29 07:42:02.197,quarterly,2025Q1,דוח רבעון 1 לשנת 2025,xbrl,18,,xbrl/1668001-1669000/X1668034.xbrl,,
1668034,phoenix,2025-05-29 07:42:02.197,quarterly,2025Q1,דוח רבעון 1 לשנת 2025,htm,117,,rhtm/1668001-1669000/H1668034.htm,,
1668035,phoenix,2025-05-29 08:01:03.767,presentation,2025Q1,מצגת משקיעים רבעון 1 2025,pdf1,3246,44,rpdf/1668001-1669000/P1668035-00.pdf,data/sources/pdf/phoenix/2025Q1/1668035_presentation.pdf,57a6e4b06d7e33ea8c129621ed05447fb7812b3756f1e80a9ecca320844070a7
1668035,phoenix,2025-05-29 08:01:03.767,presentation,2025Q1,מצגת משקיעים רבעון 1 2025,htm,43,,rhtm/1668001-1669000/H1668035.htm,,
1668038,phoenix,2025-05-29 08:03:02.307,presentation,2025Q1,Investor Presentation Q1/2025,pdf1,2677,45,rpdf/1668001-1669000/P1668038-00.pdf,data/sources/pdf/phoenix/2025Q1/1668038_presentation.pdf,10a0a7752c0e9ba0e49060613d3eaf00a9fba1bda20966254ef44535a967098b
1668038,phoenix,2025-05-29 08:03:02.307,presentation,2025Q1,Investor Presentation Q1/2025,htm,41,,rhtm/1668001-1669000/H1668038.htm,,
1671162,phoenix,2025-06-12 17:56:00.083,quarterly,2025Q1,Phoenix Financial Ltd. 2025 Q1 Financial Report,htm,40,,rhtm/1671001-1672000/H1671162.htm,,
1671162,phoenix,2025-06-12 17:56:00.083,quarterly,2025Q1,Phoenix Financial Ltd. 2025 Q1 Financial Report,pdf1,19582,298,rpdf/1671001-1672000/P1671162-00.pdf,data/sources/pdf/phoenix/2025Q1/1671162_quarterly.pdf,21a5e6d065188548146fda8fd21b8536f7f690f4868c930015e01e99b38d9f3c
1687697,phoenix,2025-08-25 07:44:59.38,liabilities,2025Q2,"מצבת התחייבות החברה ליום 30.6.25, לפי מועדי פרעון",htm,223,,rhtm/1687001-1688000/H1687697.htm,,
1687700,phoenix,2025-08-25 07:52:01.943,quarterly,2025Q2,דוח רבעון 2/חצי שנתי לשנת 2025,xbrl,18,,xbrl/1687001-1688000/X1687700.xbrl,,
1687700,phoenix,2025-08-25 07:52:01.943,quarterly,2025Q2,דוח רבעון 2/חצי שנתי לשנת 2025,pdf1,17988,254,rpdf/1687001-1688000/P1687700-00.pdf,data/sources/pdf/phoenix/2025Q2/1687700_quarterly.pdf,e0702c9356e3a6a9fce957c1a41d20426ffcad695bf5ca0df4c8204feb4e97f5
1687700,phoenix,2025-08-25 07:52:01.943,quarterly,2025Q2,דוח רבעון 2/חצי שנתי לשנת 2025,htm,117,,rhtm/1687001-1688000/H1687700.htm,,
1687701,phoenix,2025-08-25 08:10:59.71,presentation,2025Q2,מצגת משקיעים -תוצאות רבעון 2 2025,pdf1,3361,47,rpdf/1687001-1688000/P1687701-00.pdf,data/sources/pdf/phoenix/2025Q2/1687701_presentation.pdf,bc98b5994099c10fb93701cccbc845d0df1d83863e8e936a4ae715f1bdd72231
1687701,phoenix,2025-08-25 08:10:59.71,presentation,2025Q2,מצגת משקיעים -תוצאות רבעון 2 2025,htm,43,,rhtm/1687001-1688000/H1687701.htm,,
1687704,phoenix,2025-08-25 08:13:01.377,presentation,2025Q2,Financial Investor Presentation Q2/2025,pdf1,2735,48,rpdf/1687001-1688000/P1687704-00.pdf,data/sources/pdf/phoenix/2025Q2/1687704_presentation.pdf,8466c22f0203ef023c8a0b37826449b182d356a1596c0c6fe1a732724a884d4c
1687704,phoenix,2025-08-25 08:13:01.377,presentation,2025Q2,Financial Investor Presentation Q2/2025,htm,41,,rhtm/1687001-1688000/H1687704.htm,,
1690633,phoenix,2025-09-03 21:08:04.94,quarterly,2025Q2,Phoenix Financial Ltd. 2025 Q2 Financial Report - translated version,htm,40,,rhtm/1690001-1691000/H1690633.htm,,
1690633,phoenix,2025-09-03 21:08:04.94,quarterly,2025Q2,Phoenix Financial Ltd. 2025 Q2 Financial Report - translated version,pdf1,9982,302,rpdf/1690001-1691000/P1690633-00.pdf,data/sources/pdf/phoenix/2025Q2/1690633_quarterly.pdf,5fd0ba54e669f6e0abed9ed83db119a69b82d55016c1aedc7cb71b2fd1b5205a
1700946,phoenix,2025-11-05 14:24:24.97,quarterly,2025Q3,"The Company intends to publish its 2025 Q3 financial reports on November 26, 2025. 
",pdf1,110,1,rpdf/1700001-1701000/P1700946-00.pdf,data/sources/pdf/phoenix/2025Q3/1700946_quarterly.pdf,47e674cbde3b2ca9a8d355fd03dfade7fd31a5574d49bf968dc7a4629363648a
1700946,phoenix,2025-11-05 14:24:24.97,quarterly,2025Q3,"The Company intends to publish its 2025 Q3 financial reports on November 26, 2025. 
",htm,41,,rhtm/1700001-1701000/H1700946.htm,,
1705342,phoenix,2025-11-26 07:31:25.493,liabilities,2025Q3,"מצבת התחייבות החברה ליום 30.9.25, לפי מועדי פרעון",htm,223,,rhtm/1705001-1706000/H1705342.htm,,
1705343,phoenix,2025-11-26 07:38:23.32,quarterly,2025Q3,דוח רבעון 3 לשנת 2025,pdf1,10734,278,rpdf/1705001-1706000/P1705343-00.pdf,data/sources/pdf/phoenix/2025Q3/1705343_quarterly.pdf,a02a95ac40f3d9f726caf642318f8d1afcdabcf433904a5da3c244c6bddb7887
1705343,phoenix,2025-11-26 07:38:23.32,quarterly,2025Q3,דוח רבעון 3 לשנת 2025,xbrl,18,,xbrl/1705001-1706000/X1705343.xbrl,,
1705343,phoenix,2025-11-26 07:38:23.32,quarterly,2025Q3,דוח רבעון 3 לשנת 2025,htm,117,,rhtm/1705001-1706000/H1705343.htm,,
1705345,phoenix,2025-11-26 07:59:21.5,presentation,2025Q3,מצגת משקיעים רבעון 3 2025,pdf1,1058,50,rpdf/1705001-1706000/P1705345-00.pdf,data/sources/pdf/phoenix/2025Q3/1705345_presentation.pdf,c2ad8c421b1f5c778834b81151345d0849b19c3567a7720b0c3d5901e874ba54
1705345,phoenix,2025-11-26 07:59:21.5,presentation,2025Q3,מצגת משקיעים רבעון 3 2025,htm,44,,rhtm/1705001-1706000/H1705345.htm,,
1705350,phoenix,2025-11-26 08:01:24.077,presentation,2025Q3,Financial  Investor Presentation Q3/2025,pdf1,1007,51,rpdf/1705001-1706000/P1705350-00.pdf,data/sources/pdf/phoenix/2025Q3/1705350_presentation.pdf,dcc9ffb708c4b7c15026728f26a0c5049cf2816185c0922465f0db159248fc70
1705350,phoenix,2025-11-26 08:01:24.077,presentation,2025Q3,Financial  Investor Presentation Q3/2025,htm,41,,rhtm/1705001-1706000/H1705350.htm,,
1705573,phoenix,2025-11-26 14:06:10.41,presentation,2025Q3,הפניקס פיננסים מצגת משקיעים רבעון 3 2025 - תיקון טעות סופר,pdf1,1053,50,rpdf/1705001-1706000/P1705573-00.pdf,data/sources/pdf/phoenix/2025Q3/1705573_presentation.pdf,72dc7981d7893c81d607c65626a5e50c38c6f99d0ebb68c56fb815b8fa7cc19b
1705573,phoenix,2025-11-26 14:06:10.41,presentation,2025Q3,הפניקס פיננסים מצגת משקיעים רבעון 3 2025 - תיקון טעות סופר,htm,47,,rhtm/1705001-1706000/H1705573.htm,,
1708984,phoenix,2025-12-10 16:55:06.513,quarterly,2025Q3,Phoenix Financial Ltd. 2025 Q3 Financial Report - translated version [The Hebrew 2025 Q3 report was published on 26 November 2025],pdf1,11617,500,rpdf/1708001-1709000/P1708984-00.pdf,data/sources/pdf/phoenix/2025Q3/1708984_quarterly.pdf,f9d9f55110f36bdbb6ee68c834d4a93c7258cd3efbf84b630d454263a3fd05ec
1708984,phoenix,2025-12-10 16:55:06.513,quarterly,2025Q3,Phoenix Financial Ltd. 2025 Q3 Financial Report - translated version [The Hebrew 2025 Q3 report was published on 26 November 2025],htm,40,,rhtm/1708001-1709000/H1708984.htm,,
1731053,phoenix,2026-03-26 07:39:04.717,liabilities,2025FY,"מצבת התחייבות החברה ליום 31.12.25, לפי מועדי פרעון",htm,223,,rhtm/1731001-1732000/H1731053.htm,,
1731064,phoenix,2026-03-26 07:50:03.847,annual,2025FY,דוח תקופתי ושנתי לשנת 2025,xbrl,19,,xbrl/1731001-1732000/X1731064.xbrl,,
1731064,phoenix,2026-03-26 07:50:03.847,annual,2025FY,דוח תקופתי ושנתי לשנת 2025,pdf1,17020,777,rpdf/1731001-1732000/P1731064-00.pdf,data/sources/pdf/phoenix/2025FY/1731064_annual.pdf,d71e56f252fd481204b201fe60088d2f139e7965d00889cce0cad80226c5f814
1731064,phoenix,2026-03-26 07:50:03.847,annual,2025FY,דוח תקופתי ושנתי לשנת 2025,htm,119,,rhtm/1731001-1732000/H1731064.htm,,
1731068,phoenix,2026-03-26 08:11:04.377,presentation,2025FY,מצגת משקיעים  2025,pdf1,1433,50,rpdf/1731001-1732000/P1731068-00.pdf,data/sources/pdf/phoenix/2025FY/1731068_presentation.pdf,5e9813d7387371565d4ef928fde19af1babf4f1133c2a7649644434e6ec2e7bd
1731068,phoenix,2026-03-26 08:11:04.377,presentation,2025FY,מצגת משקיעים  2025,htm,43,,rhtm/1731001-1732000/H1731068.htm,,
1731070,phoenix,2026-03-26 08:13:06.533,presentation,2025FY,Phoenix  Financial  Investor Presentation 2025,pdf1,1280,51,rpdf/1731001-1732000/P1731070-00.pdf,data/sources/pdf/phoenix/2025FY/1731070_presentation.pdf,99089970c5dd8877bae48aa742cc1355f9a8215c1e87874dce156bf255583ff8
1731070,phoenix,2026-03-26 08:13:06.533,presentation,2025FY,Phoenix  Financial  Investor Presentation 2025,htm,41,,rhtm/1731001-1732000/H1731070.htm,,
1736331,phoenix,2026-04-20 18:24:05.517,annual,2025FY,Phoenix Financial Ltd. Annual Report for 2025 - translated version,htm,40,,rhtm/1736001-1737000/H1736331.htm,,
1736331,phoenix,2026-04-20 18:24:05.517,annual,2025FY,Phoenix Financial Ltd. Annual Report for 2025 - translated version,pdf1,18023,953,rpdf/1736001-1737000/P1736331-00.pdf,data/sources/pdf/phoenix/2025FY/1736331_annual.pdf,eca076551d44aa4a16850c7f097ae34fed063e027b07e58e5120e1fa7dff5167
1744453,phoenix,2026-05-28 07:59:02.18,liabilities,2026Q1,"מצבת התחייבות החברה ליום 31.3.26, לפי מועדי פרעון",htm,223,,rhtm/1744001-1745000/H1744453.htm,,
1744461,phoenix,2026-05-28 08:02:07.977,quarterly,2026Q1,דוח רבעון 1 לשנת 2026,xbrl,18,,xbrl/1744001-1745000/X1744461.xbrl,,
1744461,phoenix,2026-05-28 08:02:07.977,quarterly,2026Q1,דוח רבעון 1 לשנת 2026,pdf1,8575,212,rpdf/1744001-1745000/P1744461-00.pdf,data/sources/pdf/phoenix/2026Q1/1744461_quarterly.pdf,8f4007190ad6a55c65daab2e4791681fcaf1281147ad511918cb5e0466e4c576
1744461,phoenix,2026-05-28 08:02:07.977,quarterly,2026Q1,דוח רבעון 1 לשנת 2026,htm,118,,rhtm/1744001-1745000/H1744461.htm,,
1744463,phoenix,2026-05-28 08:22:05.223,presentation,2026Q1,מצגת משקיעים רבעון 1 2026,pdf1,1587,50,rpdf/1744001-1745000/P1744463-00.pdf,data/sources/pdf/phoenix/2026Q1/1744463_presentation.pdf,9bfa49fb272f2fc2720613e0349afccf78c4ca17e0a90a091d15dc8d7c87a1c7
1744463,phoenix,2026-05-28 08:22:05.223,presentation,2026Q1,מצגת משקיעים רבעון 1 2026,htm,44,,rhtm/1744001-1745000/H1744463.htm,,
1744464,phoenix,2026-05-28 08:23:02.49,presentation,2026Q1,Investor Presentation Q1/2026,pdf1,1669,51,rpdf/1744001-1745000/P1744464-00.pdf,data/sources/pdf/phoenix/2026Q1/1744464_presentation.pdf,2d92c45b7e74292af5454116a0f4ce448b2345c422b724ace8967b345020e510
1744464,phoenix,2026-05-28 08:23:02.49,presentation,2026Q1,Investor Presentation Q1/2026,htm,41,,rhtm/1744001-1745000/H1744464.htm,,
1747733,phoenix,2026-06-08 12:46:05.557,quarterly,2026Q1,Phoenix Financial Ltd. 2026 Q1 Financial Report - translated version [The Hebrew 2026 Q1 report was published on 26 May 2026],pdf1,8466,247,rpdf/1747001-1748000/P1747733-00.pdf,data/sources/pdf/phoenix/2026Q1/1747733_quarterly.pdf,745b005ffcdc1b2e618491e7dd8c76eb6400747fe8cb01cac0ff678a99b0ff3c
1747733,phoenix,2026-06-08 12:46:05.557,quarterly,2026Q1,Phoenix Financial Ltd. 2026 Q1 Financial Report - translated version [The Hebrew 2026 Q1 report was published on 26 May 2026],htm,40,,rhtm/1747001-1748000/H1747733.htm,,
1765735,phoenix,2026-08-25 07:57:59.33,liabilities,2026Q2,"מצבת התחייבות החברה ליום 30.6.26, לפי מועדי פרעון",htm,224,,rhtm/1765001-1766000/H1765735.htm,,
1765739,phoenix,2026-08-25 08:03:04.77,quarterly,2026Q2,דוח רבעון 2/חצי שנתי לשנת 2026,htm,119,,rhtm/1765001-1766000/H1765739.htm,,
1765739,phoenix,2026-08-25 08:03:04.77,quarterly,2026Q2,דוח רבעון 2/חצי שנתי לשנת 2026,pdf1,8614,221,rpdf/1765001-1766000/P1765739-00.pdf,data/sources/pdf/phoenix/2026Q2/1765739_quarterly.pdf,734aa34a5dd947004b7bd53c9d58c2ab796226a4e07031781fd689e3b6174f72
1765739,phoenix,2026-08-25 08:03:04.77,quarterly,2026Q2,דוח רבעון 2/חצי שנתי לשנת 2026,xbrl,18,,xbrl/1765001-1766000/X1765739.xbrl,,
1765741,phoenix,2026-08-25 08:22:01.143,presentation,2026Q2,מצגת משקיעים- רבעון 2 2026,htm,44,,rhtm/1765001-1766000/H1765741.htm,,
1765741,phoenix,2026-08-25 08:22:01.143,presentation,2026Q2,מצגת משקיעים- רבעון 2 2026,pdf1,1790,52,rpdf/1765001-1766000/P1765741-00.pdf,data/sources/pdf/phoenix/2026Q2/1765741_presentation.pdf,772edda04927712ec8f087eddcbdca7e3d723bbe04bbfb087f95a64983648c49
1765742,phoenix,2026-08-25 08:26:01.983,presentation,2026Q2,Phoenix  Financial  Investor Presentation Q2/2026,htm,41,,rhtm/1765001-1766000/H1765742.htm,,
1765742,phoenix,2026-08-25 08:26:01.983,presentation,2026Q2,Phoenix  Financial  Investor Presentation Q2/2026,pdf1,1619,53,rpdf/1765001-1766000/P1765742-00.pdf,data/sources/pdf/phoenix/2026Q2/1765742_presentation.pdf,bb1a6b6eb20a13ac7b0a0fcb2be800508e4e3e981fc9cb14ff232daac1febc0e
1768622,phoenix,2026-09-03 13:20:03.39,quarterly,2026Q2,Phoenix Financial Ltd. 2026 Q2 Financial Report - translated version,htm,40,,rhtm/1768001-1769000/H1768622.htm,,
1768622,phoenix,2026-09-03 13:20:03.39,quarterly,2026Q2,Phoenix Financial Ltd. 2026 Q2 Financial Report - translated version,pdf1,8384,264,rpdf/1768001-1769000/P1768622-00.pdf,data/sources/pdf/phoenix/2026Q2/1768622_quarterly.pdf,38db3a7590de8b2fd1d3046683553113424abf04b278d7809109bcfee2b660a5
1220462,yelin,2019-03-27 18:41:32.327,annual,2018FY,דוח תקופתי ושנתי לשנת 2018,pdf1,1829,143,rpdf/1220001-1221000/P1220462-00.pdf,data/sources/pdf/yelin/2018FY/1220462_annual.pdf,190c5046894ad1219aabff910e120e513b2d90534726ad6fdbf2cb4a5186bfaa
1220462,yelin,2019-03-27 18:41:32.327,annual,2018FY,דוח תקופתי ושנתי לשנת 2018,xbrl,20,,xbrl/1220001-1221000/X1220462.xbrl,,
1220463,yelin,2019-03-27 18:43:21.443,liabilities,2018FY,"מצבת התחייבות החברה ליום 31.12.18, לפי מועדי פרעון",htm,197,,rhtm/1220001-1221000/H1220463.htm,,
1232337,yelin,2019-05-29 22:26:17.447,liabilities,2019Q1,"מצבת התחייבות החברה ליום 31.3.19, לפי מועדי פרעון",htm,197,,rhtm/1232001-1233000/H1232337.htm,,
1232338,yelin,2019-05-29 22:33:32.55,quarterly,2019Q1,דוח רבעון 1 לשנת 2019,pdf1,551,47,rpdf/1232001-1233000/P1232338-00.pdf,data/sources/pdf/yelin/2019Q1/1232338_quarterly.pdf,7814f5e8c36788a8cca01494d31cd2793b86d53c22e5dee1e3a8c7b44146ff85
1232338,yelin,2019-05-29 22:33:32.55,quarterly,2019Q1,דוח רבעון 1 לשנת 2019,xbrl,18,,xbrl/1232001-1233000/X1232338.xbrl,,
1250895,yelin,2019-08-29 11:51:27.31,quarterly,2019Q2,דוח רבעון 2 לשנת 2019,htm,101,,rhtm/1250001-1251000/H1250895.htm,,
1250895,yelin,2019-08-29 11:51:27.31,quarterly,2019Q2,דוח רבעון 2 לשנת 2019,pdf1,574,51,rpdf/1250001-1251000/P1250895-00.pdf,data/sources/pdf/yelin/2019Q2/1250895_quarterly.pdf,fbff3cc088b3f212c8cefd7160168f32ea7ac08cc5764aa71ae7d8114f106786
1250895,yelin,2019-08-29 11:51:27.31,quarterly,2019Q2,דוח רבעון 2 לשנת 2019,xbrl,18,,xbrl/1250001-1251000/X1250895.xbrl,,
1250902,yelin,2019-08-29 11:53:17.17,liabilities,2019Q2,"מצבת התחייבות החברה ליום 30.6.19, לפי מועדי פרעון",htm,197,,rhtm/1250001-1251000/H1250902.htm,,
1265500,yelin,2019-11-27 19:51:22.723,quarterly,2019Q3,דוח רבעון 3 לשנת 2019,htm,101,,rhtm/1265001-1266000/H1265500.htm,,
1265500,yelin,2019-11-27 19:51:22.723,quarterly,2019Q3,דוח רבעון 3 לשנת 2019,pdf1,630,51,rpdf/1265001-1266000/P1265500-00.pdf,data/sources/pdf/yelin/2019Q3/1265500_quarterly.pdf,d964398a25649597d1ae6d77f3b3949faf7e4e7d579cf9a87055c855bd89f1d2
1265500,yelin,2019-11-27 19:51:22.723,quarterly,2019Q3,דוח רבעון 3 לשנת 2019,xbrl,18,,xbrl/1265001-1266000/X1265500.xbrl,,
1265501,yelin,2019-11-27 19:53:29.933,liabilities,2019Q3,"מצבת התחייבות החברה ליום 30.9.19, לפי מועדי פרעון",htm,197,,rhtm/1265001-1266000/H1265501.htm,,
1288113,yelin,2020-03-31 23:21:19.943,annual,2019FY,דוח תקופתי ושנתי לשנת 2019,htm,106,,rhtm/1288001-1289000/H1288113.htm,,
1288113,yelin,2020-03-31 23:21:19.943,annual,2019FY,דוח תקופתי ושנתי לשנת 2019,pdf1,1337,144,rpdf/1288001-1289000/P1288113-00.pdf,data/sources/pdf/yelin/2019FY/1288113_annual.pdf,42f0713cc9b68041ebb85b9958c7447d13f2a26179b145d758212a41ca9189c2
1288113,yelin,2020-03-31 23:21:19.943,annual,2019FY,דוח תקופתי ושנתי לשנת 2019,xbrl,20,,xbrl/1288001-1289000/X1288113.xbrl,,
1288114,yelin,2020-03-31 23:23:28.827,liabilities,2019FY,"מצבת התחייבות החברה ליום 31.12.19, לפי מועדי פרעון",htm,199,,rhtm/1288001-1289000/H1288114.htm,,
1298311,yelin,2020-05-30 21:33:22.37,quarterly,2020Q1,דוח רבעון 1 לשנת 2020,htm,104,,rhtm/1298001-1299000/H1298311.htm,,
1298311,yelin,2020-05-30 21:33:22.37,quarterly,2020Q1,דוח רבעון 1 לשנת 2020,pdf1,643,51,rpdf/1298001-1299000/P1298311-00.pdf,data/sources/pdf/yelin/2020Q1/1298311_quarterly.pdf,e4718e33d5d4339b035eb7961b75b3d3f1732c0d19625866faddfbaa959fb29a
1298311,yelin,2020-05-30 21:33:22.37,quarterly,2020Q1,דוח רבעון 1 לשנת 2020,xbrl,18,,xbrl/1298001-1299000/X1298311.xbrl,,
1298312,yelin,2020-05-30 21:35:29.653,liabilities,2020Q1,"מצבת התחייבות החברה ליום 31.3.20, לפי מועדי פרעון",htm,200,,rhtm/1298001-1299000/H1298312.htm,,
1317885,yelin,2020-08-27 18:51:25.863,quarterly,2020Q2,דוח רבעון 2 לשנת 2020,htm,98,,rhtm/1317001-1318000/H1317885.htm,,
1317885,yelin,2020-08-27 18:51:25.863,quarterly,2020Q2,דוח רבעון 2 לשנת 2020,pdf1,746,58,rpdf/1317001-1318000/P1317885-00.pdf,data/sources/pdf/yelin/2020Q2/1317885_quarterly.pdf,87479e67add066b42af656a6c037b66c801a3fbd490c158ea1bba02a9aef7bbe
1317885,yelin,2020-08-27 18:51:25.863,quarterly,2020Q2,דוח רבעון 2 לשנת 2020,xbrl,18,,xbrl/1317001-1318000/X1317885.xbrl,,
1317887,yelin,2020-08-27 18:52:26.007,liabilities,2020Q2,"מצבת התחייבות החברה ליום 30.6.20, לפי מועדי פרעון",htm,198,,rhtm/1317001-1318000/H1317887.htm,,
1335709,yelin,2020-11-29 20:35:26.33,quarterly,2020Q3,דוח רבעון 3 לשנת 2020,pdf1,710,58,rpdf/1335001-1336000/P1335709-00.pdf,data/sources/pdf/yelin/2020Q3/1335709_quarterly.pdf,1d4ad31c20196da26f186b9e6826d42f1c89ac71af55869e6dbfaa3d42d3ac78
1335709,yelin,2020-11-29 20:35:26.33,quarterly,2020Q3,דוח רבעון 3 לשנת 2020,xbrl,18,,xbrl/1335001-1336000/X1335709.xbrl,,
1335709,yelin,2020-11-29 20:35:26.33,quarterly,2020Q3,דוח רבעון 3 לשנת 2020,htm,98,,rhtm/1335001-1336000/H1335709.htm,,
1335710,yelin,2020-11-29 20:35:27.283,liabilities,2020Q3,"מצבת התחייבות החברה ליום 30.9.20, לפי מועדי פרעון",htm,198,,rhtm/1335001-1336000/H1335710.htm,,
1360809,yelin,2021-03-25 18:39:16.04,annual,2020FY,דוח תקופתי ושנתי לשנת 2020,htm,101,,rhtm/1360001-1361000/H1360809.htm,,
1360809,yelin,2021-03-25 18:39:16.04,annual,2020FY,דוח תקופתי ושנתי לשנת 2020,pdf1,1392,151,rpdf/1360001-1361000/P1360809-00.pdf,data/sources/pdf/yelin/2020FY/1360809_annual.pdf,6313ab934faf5adcc73ba4be34a5024ba7d0e2e6259523c2d49cd25498af4c68
1360809,yelin,2021-03-25 18:39:16.04,annual,2020FY,דוח תקופתי ושנתי לשנת 2020,xbrl,20,,xbrl/1360001-1361000/X1360809.xbrl,,
1360811,yelin,2021-03-25 18:40:32.653,liabilities,2020FY,"מצבת התחייבות החברה ליום 31.12.20, לפי מועדי פרעון",htm,198,,rhtm/1360001-1361000/H1360811.htm,,
1373254,yelin,2021-05-30 16:24:23.573,quarterly,2021Q1,דוח רבעון 1 לשנת 2021,htm,99,,rhtm/1373001-1374000/H1373254.htm,,
1373254,yelin,2021-05-30 16:24:23.573,quarterly,2021Q1,דוח רבעון 1 לשנת 2021,pdf1,582,51,rpdf/1373001-1374000/P1373254-00.pdf,data/sources/pdf/yelin/2021Q1/1373254_quarterly.pdf,9d7832ba0b40a6bc2bcc34bc03f543b96198d3403a98b4dace122f52069a3abb
1373254,yelin,2021-05-30 16:24:23.573,quarterly,2021Q1,דוח רבעון 1 לשנת 2021,xbrl,18,,xbrl/1373001-1374000/X1373254.xbrl,,
1373256,yelin,2021-05-30 16:27:28.337,liabilities,2021Q1,"מצבת התחייבות החברה ליום 31.3.21, לפי מועדי פרעון",htm,197,,rhtm/1373001-1374000/H1373256.htm,,
1397879,yelin,2021-08-29 17:33:22.77,quarterly,2021Q2,דוח רבעון 2/חצי שנתי לשנת 2021,xbrl,18,,xbrl/1397001-1398000/X1397879.xbrl,,
1397879,yelin,2021-08-29 17:33:22.77,quarterly,2021Q2,דוח רבעון 2/חצי שנתי לשנת 2021,htm,99,,rhtm/1397001-1398000/H1397879.htm,,
1397879,yelin,2021-08-29 17:33:22.77,quarterly,2021Q2,דוח רבעון 2/חצי שנתי לשנת 2021,pdf1,2510,59,rpdf/1397001-1398000/P1397879-00.pdf,data/sources/pdf/yelin/2021Q2/1397879_quarterly.pdf,5ff81eabe813bb2c78e8c8188987099a7d67722e29250a0a30ae5555bd90d760
1397882,yelin,2021-08-29 17:35:30.073,liabilities,2021Q2,"מצבת התחייבות החברה ליום 30.6.21, לפי מועדי פרעון",htm,197,,rhtm/1397001-1398000/H1397882.htm,,
1414436,yelin,2021-11-28 22:45:20.383,quarterly,2021Q3,דוח רבעון 3 לשנת 2021,htm,99,,rhtm/1414001-1415000/H1414436.htm,,
1414436,yelin,2021-11-28 22:45:20.383,quarterly,2021Q3,דוח רבעון 3 לשנת 2021,pdf1,596,59,rpdf/1414001-1415000/P1414436-00.pdf,data/sources/pdf/yelin/2021Q3/1414436_quarterly.pdf,dad8f1db634b1c08c7469470a8e44d1992697c5544b77ede256309e891fb5b75
1414436,yelin,2021-11-28 22:45:20.383,quarterly,2021Q3,דוח רבעון 3 לשנת 2021,xbrl,18,,xbrl/1414001-1415000/X1414436.xbrl,,
1414437,yelin,2021-11-28 22:48:20.98,liabilities,2021Q3,"מצבת התחייבות החברה ליום 30.9.21, לפי מועדי פרעון",htm,197,,rhtm/1414001-1415000/H1414437.htm,,
1440279,yelin,2022-03-29 19:44:22.537,annual,2021FY,דוח תקופתי ושנתי לשנת 2021,htm,101,,rhtm/1440001-1441000/H1440279.htm,,
1440279,yelin,2022-03-29 19:44:22.537,annual,2021FY,דוח תקופתי ושנתי לשנת 2021,pdf1,1344,154,rpdf/1440001-1441000/P1440279-00.pdf,data/sources/pdf/yelin/2021FY/1440279_annual.pdf,61ed071f4c3fe2b1b9ebfa48be972d74e470b4b6839f7a1435cd72df97c4d80d
1440279,yelin,2022-03-29 19:44:22.537,annual,2021FY,דוח תקופתי ושנתי לשנת 2021,xbrl,20,,xbrl/1440001-1441000/X1440279.xbrl,,
1440280,yelin,2022-03-29 19:45:17,liabilities,2021FY,"מצבת התחייבות החברה ליום 31.12.21, לפי מועדי פרעון",htm,197,,rhtm/1440001-1441000/H1440280.htm,,
1452839,yelin,2022-05-29 16:03:23.47,quarterly,2022Q1,דוח רבעון 1 לשנת 2022,htm,99,,rhtm/1452001-1453000/H1452839.htm,,
1452839,yelin,2022-05-29 16:03:23.47,quarterly,2022Q1,דוח רבעון 1 לשנת 2022,pdf1,580,52,rpdf/1452001-1453000/P1452839-00.pdf,data/sources/pdf/yelin/2022Q1/1452839_quarterly.pdf,8e665609faf6c8dcecac668e4684ff294ddaf219f5c2625b91bde981e07d43bc
1452839,yelin,2022-05-29 16:03:23.47,quarterly,2022Q1,דוח רבעון 1 לשנת 2022,xbrl,18,,xbrl/1452001-1453000/X1452839.xbrl,,
1452840,yelin,2022-05-29 16:04:17.927,liabilities,2022Q1,"מצבת התחייבות החברה ליום 31.3.22, לפי מועדי פרעון",htm,197,,rhtm/1452001-1453000/H1452840.htm,,
1474204,yelin,2022-08-30 18:24:26.573,quarterly,2022Q2,דוח רבעון 2/חצי שנתי לשנת 2022,xbrl,18,,xbrl/1474001-1475000/X1474204.xbrl,,
1474204,yelin,2022-08-30 18:24:26.573,quarterly,2022Q2,דוח רבעון 2/חצי שנתי לשנת 2022,htm,99,,rhtm/1474001-1475000/H1474204.htm,,
1474204,yelin,2022-08-30 18:24:26.573,quarterly,2022Q2,דוח רבעון 2/חצי שנתי לשנת 2022,pdf1,749,43,rpdf/1474001-1475000/P1474204-00.pdf,data/sources/pdf/yelin/2022Q2/1474204_quarterly.pdf,a3bf98b69835394c1803d303ed9dfc0c0a6da0ccb7d5f1616ba862e527e062e1
1474205,yelin,2022-08-30 18:26:15.48,liabilities,2022Q2,"מצבת התחייבות החברה ליום 30.6.22, לפי מועדי פרעון",htm,197,,rhtm/1474001-1475000/H1474205.htm,,
1489548,yelin,2022-11-29 18:59:15.347,quarterly,2022Q3,דוח רבעון 3 לשנת 2022,pdf1,777,45,rpdf/1489001-1490000/P1489548-00.pdf,data/sources/pdf/yelin/2022Q3/1489548_quarterly.pdf,32af4ba01ec3fcea79b8cdb5d1f1d069b37202f4f196f5bbd45557b69a1d28b4
1489548,yelin,2022-11-29 18:59:15.347,quarterly,2022Q3,דוח רבעון 3 לשנת 2022,xbrl,18,,xbrl/1489001-1490000/X1489548.xbrl,,
1489548,yelin,2022-11-29 18:59:15.347,quarterly,2022Q3,דוח רבעון 3 לשנת 2022,htm,99,,rhtm/1489001-1490000/H1489548.htm,,
1489549,yelin,2022-11-29 19:00:27.92,liabilities,2022Q3,"מצבת התחייבות החברה ליום 30.9.22, לפי מועדי פרעון",htm,197,,rhtm/1489001-1490000/H1489549.htm,,
1514655,yelin,2023-03-29 20:46:15.017,annual,2022FY,דוח תקופתי ושנתי לשנת 2022,htm,106,,rhtm/1514001-1515000/H1514655.htm,,
1514655,yelin,2023-03-29 20:46:15.017,annual,2022FY,דוח תקופתי ושנתי לשנת 2022,pdf1,3081,136,rpdf/1514001-1515000/P1514655-00.pdf,data/sources/pdf/yelin/2022FY/1514655_annual.pdf,5db993a6a5bc6ae55c8bde436c7813dd3731d8296f6a1b71a113cde3bc768e84
1514655,yelin,2023-03-29 20:46:15.017,annual,2022FY,דוח תקופתי ושנתי לשנת 2022,xbrl,20,,xbrl/1514001-1515000/X1514655.xbrl,,
1514658,yelin,2023-03-29 20:49:17.477,liabilities,2022FY,"מצבת התחייבות החברה ליום 31.12.22, לפי מועדי פרעון",htm,223,,rhtm/1514001-1515000/H1514658.htm,,
1525737,yelin,2023-05-31 18:02:30.62,quarterly,2023Q1,דוח רבעון 1 לשנת 2023,htm,105,,rhtm/1525001-1526000/H1525737.htm,,
1525737,yelin,2023-05-31 18:02:30.62,quarterly,2023Q1,דוח רבעון 1 לשנת 2023,pdf1,663,40,rpdf/1525001-1526000/P1525737-00.pdf,data/sources/pdf/yelin/2023Q1/1525737_quarterly.pdf,e106cb420e63bf2270a69938ac792ebd3cfc3a3cedcd1b785c6a9161f9a02b97
1525737,yelin,2023-05-31 18:02:30.62,quarterly,2023Q1,דוח רבעון 1 לשנת 2023,xbrl,18,,xbrl/1525001-1526000/X1525737.xbrl,,
1525740,yelin,2023-05-31 18:03:26.44,liabilities,2023Q1,"מצבת התחייבות החברה ליום 31.3.23, לפי מועדי פרעון",htm,223,,rhtm/1525001-1526000/H1525740.htm,,
1545177,yelin,2023-08-31 18:49:19.383,quarterly,2023Q2,דוח רבעון 2/חצי שנתי לשנת 2023,xbrl,18,,xbrl/1545001-1546000/X1545177.xbrl,,
1545177,yelin,2023-08-31 18:49:19.383,quarterly,2023Q2,דוח רבעון 2/חצי שנתי לשנת 2023,htm,105,,rhtm/1545001-1546000/H1545177.htm,,
1545177,yelin,2023-08-31 18:49:19.383,quarterly,2023Q2,דוח רבעון 2/חצי שנתי לשנת 2023,pdf1,689,44,rpdf/1545001-1546000/P1545177-00.pdf,data/sources/pdf/yelin/2023Q2/1545177_quarterly.pdf,909147d6a519bfd0281c0b72dd703059d9fe84b2a1ed668d112911f9259dd204
1545181,yelin,2023-08-31 18:54:13.77,liabilities,2023Q2,"מצבת התחייבות החברה ליום 30.6.23, לפי מועדי פרעון",htm,223,,rhtm/1545001-1546000/H1545181.htm,,
1559780,yelin,2023-11-26 21:14:14.573,quarterly,2023Q3,דוח רבעון 3 לשנת 2023,htm,105,,rhtm/1559001-1560000/H1559780.htm,,
1559780,yelin,2023-11-26 21:14:14.573,quarterly,2023Q3,דוח רבעון 3 לשנת 2023,pdf1,727,45,rpdf/1559001-1560000/P1559780-00.pdf,data/sources/pdf/yelin/2023Q3/1559780_quarterly.pdf,9b6dabdc26c151cce8ece9f3eb0d5efd4200ac1a14e7fe7ad0f5f92499fa8718
1559780,yelin,2023-11-26 21:14:14.573,quarterly,2023Q3,דוח רבעון 3 לשנת 2023,xbrl,18,,xbrl/1559001-1560000/X1559780.xbrl,,
1559781,yelin,2023-11-26 21:15:16.25,liabilities,2023Q3,"מצבת התחייבות החברה ליום 30.9.23, לפי מועדי פרעון",htm,223,,rhtm/1559001-1560000/H1559781.htm,,
1583350,yelin,2024-03-28 17:38:13.693,annual,2023FY,דוח תקופתי ושנתי לשנת 2023,xbrl,20,,xbrl/1583001-1584000/X1583350.xbrl,,
1583350,yelin,2024-03-28 17:38:13.693,annual,2023FY,דוח תקופתי ושנתי לשנת 2023,htm,107,,rhtm/1583001-1584000/H1583350.htm,,
1583350,yelin,2024-03-28 17:38:13.693,annual,2023FY,דוח תקופתי ושנתי לשנת 2023,pdf1,1693,128,rpdf/1583001-1584000/P1583350-00.pdf,data/sources/pdf/yelin/2023FY/1583350_annual.pdf,27fb4365d69fc7f974894b01611bc148bc5a0b50f7419a45760d2fd51d097739
1583362,yelin,2024-03-28 17:41:18.04,liabilities,2023FY,"מצבת התחייבות החברה ליום 31.12.23, לפי מועדי פרעון",htm,223,,rhtm/1583001-1584000/H1583362.htm,,
1595098,yelin,2024-05-28 18:04:14.32,quarterly,2024Q1,דוח רבעון 1 לשנת 2024,pdf1,714,41,rpdf/1595001-1596000/P1595098-00.pdf,data/sources/pdf/yelin/2024Q1/1595098_quarterly.pdf,0914fc3ba5f1b075977eba60dd4720b89c70096df2e12777a81686c32f85d92f
1595098,yelin,2024-05-28 18:04:14.32,quarterly,2024Q1,דוח רבעון 1 לשנת 2024,xbrl,18,,xbrl/1595001-1596000/X1595098.xbrl,,
1595098,yelin,2024-05-28 18:04:14.32,quarterly,2024Q1,דוח רבעון 1 לשנת 2024,htm,105,,rhtm/1595001-1596000/H1595098.htm,,
1595099,yelin,2024-05-28 18:06:15.147,liabilities,2024Q1,"מצבת התחייבות החברה ליום 31.3.24, לפי מועדי פרעון",htm,223,,rhtm/1595001-1596000/H1595099.htm,,
1613749,yelin,2024-08-27 18:04:14.673,quarterly,2024Q2,דוח רבעון 2/חצי שנתי לשנת 2024,htm,112,,rhtm/1613001-1614000/H1613749.htm,,
1613749,yelin,2024-08-27 18:04:14.673,quarterly,2024Q2,דוח רבעון 2/חצי שנתי לשנת 2024,pdf1,760,44,rpdf/1613001-1614000/P1613749-00.pdf,data/sources/pdf/yelin/2024Q2/1613749_quarterly.pdf,b6abf80d9cdf3d674bc672700498bef96960fe759913766bec9037c4cf5830c9
1613749,yelin,2024-08-27 18:04:14.673,quarterly,2024Q2,דוח רבעון 2/חצי שנתי לשנת 2024,xbrl,18,,xbrl/1613001-1614000/X1613749.xbrl,,
1613750,yelin,2024-08-27 18:06:15.96,liabilities,2024Q2,"מצבת התחייבות החברה ליום 30.6.24, לפי מועדי פרעון",htm,223,,rhtm/1613001-1614000/H1613750.htm,,
1629861,yelin,2024-11-27 17:49:15.187,quarterly,2024Q3,דוח רבעון 3 לשנת 2024,pdf1,722,43,rpdf/1629001-1630000/P1629861-00.pdf,data/sources/pdf/yelin/2024Q3/1629861_quarterly.pdf,043906a9b01317cbb31b4a985993ff81c5f483f687df2bb524e88d96202580f3
1629861,yelin,2024-11-27 17:49:15.187,quarterly,2024Q3,דוח רבעון 3 לשנת 2024,htm,112,,rhtm/1629001-1630000/H1629861.htm,,
1629861,yelin,2024-11-27 17:49:15.187,quarterly,2024Q3,דוח רבעון 3 לשנת 2024,xbrl,18,,xbrl/1629001-1630000/X1629861.xbrl,,
1629865,yelin,2024-11-27 17:51:12.427,liabilities,2024Q3,"מצבת התחייבות החברה ליום 30.9.24, לפי מועדי פרעון",htm,223,,rhtm/1629001-1630000/H1629865.htm,,
1654567,yelin,2025-03-27 17:57:01.517,annual,2024FY,דוח תקופתי ושנתי לשנת 2024,htm,117,,rhtm/1654001-1655000/H1654567.htm,,
1654567,yelin,2025-03-27 17:57:01.517,annual,2024FY,דוח תקופתי ושנתי לשנת 2024,pdf1,1940,126,rpdf/1654001-1655000/P1654567-00.pdf,data/sources/pdf/yelin/2024FY/1654567_annual.pdf,0e901e9b9ecd268026058fef41b1eb8ccf540f59b1009e130445fbfbe47349af
1654567,yelin,2025-03-27 17:57:01.517,annual,2024FY,דוח תקופתי ושנתי לשנת 2024,xbrl,20,,xbrl/1654001-1655000/X1654567.xbrl,,
1654570,yelin,2025-03-27 17:59:02.597,liabilities,2024FY,"מצבת התחייבות החברה ליום 31.12.24, לפי מועדי פרעון",htm,221,,rhtm/1654001-1655000/H1654570.htm,,
1667905,yelin,2025-05-28 17:54:03.103,quarterly,2025Q1,דוח רבעון 1 לשנת 2025,htm,115,,rhtm/1667001-1668000/H1667905.htm,,
1667905,yelin,2025-05-28 17:54:03.103,quarterly,2025Q1,דוח רבעון 1 לשנת 2025,pdf1,514,38,rpdf/1667001-1668000/P1667905-00.pdf,data/sources/pdf/yelin/2025Q1/1667905_quarterly.pdf,6e246a78de3589748fff7e21d5e7a44479848cba431b4e3955858ec8e9b63542
1667905,yelin,2025-05-28 17:54:03.103,quarterly,2025Q1,דוח רבעון 1 לשנת 2025,xbrl,18,,xbrl/1667001-1668000/X1667905.xbrl,,
1667907,yelin,2025-05-28 17:55:03.71,liabilities,2025Q1,"מצבת התחייבות החברה ליום 31.3.25, לפי מועדי פרעון",htm,221,,rhtm/1667001-1668000/H1667907.htm,,
1689247,yelin,2025-08-28 17:50:03.66,quarterly,2025Q2,דוח רבעון 2/חצי שנתי לשנת 2025,xbrl,18,,xbrl/1689001-1690000/X1689247.xbrl,,
1689247,yelin,2025-08-28 17:50:03.66,quarterly,2025Q2,דוח רבעון 2/חצי שנתי לשנת 2025,pdf1,992,41,rpdf/1689001-1690000/P1689247-00.pdf,data/sources/pdf/yelin/2025Q2/1689247_quarterly.pdf,0ab382fe88c29057e547de8236a848c8a2b806a34e349fbf7075cf088d457ad4
1689247,yelin,2025-08-28 17:50:03.66,quarterly,2025Q2,דוח רבעון 2/חצי שנתי לשנת 2025,htm,115,,rhtm/1689001-1690000/H1689247.htm,,
1689249,yelin,2025-08-28 17:52:00.163,liabilities,2025Q2,"מצבת התחייבות החברה ליום 30.6.25, לפי מועדי פרעון",htm,221,,rhtm/1689001-1690000/H1689249.htm,,
1706287,yelin,2025-11-27 18:18:03.633,quarterly,2025Q3,דוח רבעון 3 לשנת 2025,xbrl,18,,xbrl/1706001-1707000/X1706287.xbrl,,
1706287,yelin,2025-11-27 18:18:03.633,quarterly,2025Q3,דוח רבעון 3 לשנת 2025,pdf1,1282,41,rpdf/1706001-1707000/P1706287-00.pdf,data/sources/pdf/yelin/2025Q3/1706287_quarterly.pdf,d309959cfaa40b56f7be86a28bbdc4474b66d0bb7a9463afb6b1571e08a25c3f
1706287,yelin,2025-11-27 18:18:03.633,quarterly,2025Q3,דוח רבעון 3 לשנת 2025,htm,115,,rhtm/1706001-1707000/H1706287.htm,,
1706288,yelin,2025-11-27 18:19:04.997,liabilities,2025Q3,"מצבת התחייבות החברה ליום 30.9.25, לפי מועדי פרעון",htm,221,,rhtm/1706001-1707000/H1706288.htm,,
1732095,yelin,2026-03-29 21:07:05.653,annual,2025FY,דוח תקופתי ושנתי לשנת 2025,htm,116,,rhtm/1732001-1733000/H1732095.htm,,
1732095,yelin,2026-03-29 21:07:05.653,annual,2025FY,דוח תקופתי ושנתי לשנת 2025,pdf1,2617,127,rpdf/1732001-1733000/P1732095-00.pdf,data/sources/pdf/yelin/2025FY/1732095_annual.pdf,a3fc544a5063e94720c04bf18d7118dd50eb1727e4a2cd3b6f88dc83f70e6466
1732095,yelin,2026-03-29 21:07:05.653,annual,2025FY,דוח תקופתי ושנתי לשנת 2025,xbrl,18,,xbrl/1732001-1733000/X1732095.xbrl,,
1732096,yelin,2026-03-29 21:11:03.81,liabilities,2025FY,"מצבת התחייבות החברה ליום 31.12.25, לפי מועדי פרעון",htm,221,,rhtm/1732001-1733000/H1732096.htm,,
1745479,yelin,2026-05-31 14:51:06.827,quarterly,2026Q1,דוח רבעון 1 לשנת 2026,htm,115,,rhtm/1745001-1746000/H1745479.htm,,
1745479,yelin,2026-05-31 14:51:06.827,quarterly,2026Q1,דוח רבעון 1 לשנת 2026,pdf1,811,37,rpdf/1745001-1746000/P1745479-00.pdf,data/sources/pdf/yelin/2026Q1/1745479_quarterly.pdf,6d35a742297c1320edb305de901a1637277d990d3807dfc584f4e8142fe22167
1745479,yelin,2026-05-31 14:51:06.827,quarterly,2026Q1,דוח רבעון 1 לשנת 2026,xbrl,17,,xbrl/1745001-1746000/X1745479.xbrl,,
1745486,yelin,2026-05-31 15:08:02.873,liabilities,2026Q1,"מצבת התחייבות החברה ליום 31.3.26, לפי מועדי פרעון",htm,221,,rhtm/1745001-1746000/H1745486.htm,,
1766813,yelin,2026-08-27 17:48:01.433,quarterly,2026Q2,דוח רבעון 2/חצי שנתי לשנת 2026,htm,115,,rhtm/1766001-1767000/H1766813.htm,,
1766813,yelin,2026-08-27 17:48:01.433,quarterly,2026Q2,דוח רבעון 2/חצי שנתי לשנת 2026,pdf1,886,41,rpdf/1766001-1767000/P1766813-00.pdf,data/sources/pdf/yelin/2026Q2/1766813_quarterly.pdf,8b8601c08db7dad2eb7ebf7dd80bb79fb48cb21d0eeb918fed17f84c4164539f
1766813,yelin,2026-08-27 17:48:01.433,quarterly,2026Q2,דוח רבעון 2/חצי שנתי לשנת 2026,xbrl,17,,xbrl/1766001-1767000/X1766813.xbrl,,
1766818,yelin,2026-08-27 17:54:01.763,liabilities,2026Q2,"מצבת התחייבות החברה ליום 30.6.26, לפי מועדי פרעון",htm,221,,rhtm/1766001-1767000/H1766818.htm,,
